id,system_id,service_id,services_ip,services_interface,sn_id,sn_ip,sn_interface,en_id,en_ip,en_interface,media_type_id,bandwidth,working_fiber_in_ids,working_fiber_out_ids,protection_fiber_in_ids,protection_fiber_out_ids,system_working_interface,system_protection_interface,commissioned_on,remark,status,created_at,updated_at
00d7d93c-2cef-447e-817c-85e279800e13,6e5cca5f-9516-4264-811b-309d17a29b6a,8411e68d-3a48-4f3a-8fed-015d228cc59b,,,6e5cca5f-9516-4264-811b-309d17a29b6a,10.123.138.193,3.3,b72ea367-47e2-4cb6-af57-75fdbefa7cba,10.123.138.65,3.8,6aa6c4c1-3a64-4b5e-a3f6-3f434ab0efb3,1G,,,,,3.3,,,,true,2025-12-08 12:08:23.711127+00,2025-12-08 12:08:23.711127+00
0173b992-d6b9-42b1-99af-091b1b7a9804,f3c35045-7ae4-4f84-92fa-4e3adad52686,f2a668f8-520d-44f2-a12e-61748fddea03,,,f3c35045-7ae4-4f84-92fa-4e3adad52686,10.123.138.196,3.5,,,,6aa6c4c1-3a64-4b5e-a3f6-3f434ab0efb3,1G,,,,,3.5,,,,true,2025-12-09 17:32:31.201479+00,2025-12-09 17:32:31.201479+00
01bffe27-9947-44ab-9c95-a79525145565,6e5cca5f-9516-4264-811b-309d17a29b6a,9b2f32ae-931d-49ed-898a-0f288733a2e5,,,6e5cca5f-9516-4264-811b-309d17a29b6a,10.123.138.193,4.6,,,,91bd40a2-2a21-495a-ab06-33adc9871f97,1G,,,,,4.6,6.2,,,true,2025-12-09 07:58:53.995775+00,2025-12-09 08:00:55.905341+00
05032442-94c5-483d-8716-141c588ecc21,6e5cca5f-9516-4264-811b-309d17a29b6a,31cd7d67-b9b2-4ca7-a600-d00d6f87c807,,,6e5cca5f-9516-4264-811b-309d17a29b6a,10.123.138.193,4.11,c15780e5-6039-494d-993d-dced5d450390,10.123.138.245,2.3,e3c44b09-c5d7-457c-8c50-5a06efff1262,1G,,,,,4.11,,,,true,2025-12-09 09:14:46.213866+00,2025-12-09 09:14:46.213866+00
0f4de8b0-2fb9-46b1-81c3-8e271d76a9a2,f3c35045-7ae4-4f84-92fa-4e3adad52686,a6bfa3f9-d66a-4396-9980-eb42ab932679,,,f3c35045-7ae4-4f84-92fa-4e3adad52686,10.123.138.196,3.6,,,,44069fb0-fbe6-4836-ac87-083ab7f44880,1G,,,,,3.6,,,,true,2025-12-09 17:42:10.968495+00,2025-12-09 17:42:10.968495+00
10d81910-437a-45c3-9764-bf36a742898e,6e5cca5f-9516-4264-811b-309d17a29b6a,35978644-eab7-4cef-b52a-63095453c9e7,,,6e5cca5f-9516-4264-811b-309d17a29b6a,10.123.138.193,3.5,877d8e52-72d7-4e9c-9b76-ae634f5baa3c,10.127.0.67,,91bd40a2-2a21-495a-ab06-33adc9871f97,1G,,,,,3.5,6.2,,,true,2025-12-08 12:37:13.805439+00,2025-12-08 12:40:19.37777+00
11edfb7d-69c0-454e-bcb7-f963cb9cbe20,6e5cca5f-9516-4264-811b-309d17a29b6a,1f50aff6-7cb1-4bd9-84d9-b17dd8f4554e,,,6e5cca5f-9516-4264-811b-309d17a29b6a,10.123.138.193,5.9,877d8e52-72d7-4e9c-9b76-ae634f5baa3c,10.127.0.67,ETH-1-1-19,6aa6c4c1-3a64-4b5e-a3f6-3f434ab0efb3,1G,,,,,5.9,,,,true,2025-12-09 16:03:18.670076+00,2025-12-09 16:03:18.670076+00
145d8ea8-0748-4bba-b3e1-f81bb70be5fa,6e5cca5f-9516-4264-811b-309d17a29b6a,25459ef3-6fbb-49ec-aeac-7cb8de958b46,,,6e5cca5f-9516-4264-811b-309d17a29b6a,10.123.138.193,6.7,c239fcfe-3e7f-4f7d-804e-069820b4bc00,10.123.138.225,2.3,e3c44b09-c5d7-457c-8c50-5a06efff1262,1G,,,,,6.7,,,,true,2025-12-09 16:30:03.366134+00,2025-12-09 16:30:03.366134+00
1a3dabf0-842f-4ca9-8b15-e644e0661e23,f3c35045-7ae4-4f84-92fa-4e3adad52686,5eaae8e4-a441-4e23-955e-046cbacb3e63,,,f3c35045-7ae4-4f84-92fa-4e3adad52686,10.123.138.196,3.5,,,,6aa6c4c1-3a64-4b5e-a3f6-3f434ab0efb3,1G,,,,,3.5,,,,true,2025-12-09 17:34:09.34933+00,2025-12-09 17:34:09.34933+00
1a547a73-b460-4c8f-854b-07c893844fc0,6e5cca5f-9516-4264-811b-309d17a29b6a,bcd8bb71-39c9-4dfd-9f81-c4a5107787e7,,,6e5cca5f-9516-4264-811b-309d17a29b6a,10.123.138.193,5.7,d9e00379-f20b-470d-a83f-be40c8f77d2c,10.123.138.198,3.3,6aa6c4c1-3a64-4b5e-a3f6-3f434ab0efb3,1G,,,,,5.7,,,,true,2025-12-09 10:38:27.615913+00,2025-12-09 10:38:27.615913+00
1e2abb1f-4d8a-4ea1-a0c0-5cc2773dc9c0,6e5cca5f-9516-4264-811b-309d17a29b6a,7f7e3dce-5ade-40fc-b9fc-4fe48b0b4c80,,,6e5cca5f-9516-4264-811b-309d17a29b6a,10.123.138.193,4.5,,,,91bd40a2-2a21-495a-ab06-33adc9871f97,1G,,,,,4.5,6.2,,,true,2025-12-09 08:00:30.042751+00,2025-12-09 08:00:30.042751+00
1fbd2fd7-b12e-4d5e-993b-72b15d7661ff,6e5cca5f-9516-4264-811b-309d17a29b6a,c46f6ef3-7b63-4bc5-9ad1-65f28194b1a2,,,6e5cca5f-9516-4264-811b-309d17a29b6a,10.123.138.193,5.8,877d8e52-72d7-4e9c-9b76-ae634f5baa3c,10.127.0.67,ETH-1-1-18,6aa6c4c1-3a64-4b5e-a3f6-3f434ab0efb3,,,,,,5.8,,,,true,2025-12-09 16:01:39.236962+00,2025-12-09 16:01:39.236962+00
20747a4d-6bf4-4eda-8eb6-9b6a3da7611a,6e5cca5f-9516-4264-811b-309d17a29b6a,36ecd44c-bda7-46a8-8420-c07369aaab08,,,6e5cca5f-9516-4264-811b-309d17a29b6a,10.123.138.193,5.10,877d8e52-72d7-4e9c-9b76-ae634f5baa3c,10.127.0.67,ETH-1-1-20,6aa6c4c1-3a64-4b5e-a3f6-3f434ab0efb3,,,,,,5.10,,,,true,2025-12-09 16:04:58.726316+00,2025-12-09 16:04:58.726316+00
22a8f875-cc87-400c-83f3-ef7c0464e23d,c53cb398-c968-4f8f-a6e5-8ea8c33b1c5a,15a65f1e-2bb9-41fb-8064-6aa477843e9f,,,c53cb398-c968-4f8f-a6e5-8ea8c33b1c5a,10.123.138.249,1.5,b98e3bec-f1a3-4702-a11d-519b1e480f8f,10.123.138.227,1.6,44069fb0-fbe6-4836-ac87-083ab7f44880,1G,,,,,1.5,,,,true,2025-12-08 17:29:50.588042+00,2025-12-08 17:29:50.588042+00
24e00eec-7555-441d-8c45-b3866832c612,c53cb398-c968-4f8f-a6e5-8ea8c33b1c5a,37752860-b52a-4d86-93da-fd8f122d62dc,,,c53cb398-c968-4f8f-a6e5-8ea8c33b1c5a,10.123.138.249,2.5,874f3fbc-a293-48e4-ad87-b26f8871f5a3,10.123.138.215,1.5,44069fb0-fbe6-4836-ac87-083ab7f44880,,,,,,2.5,,,,true,2025-12-08 17:33:00.344929+00,2025-12-08 17:33:00.344929+00
251eae13-a41e-4238-bb31-36fe3c5e9461,c53cb398-c968-4f8f-a6e5-8ea8c33b1c5a,0c7b45c7-a500-4c90-a4dc-ead14f41fe15,,,,,,,,,6aa6c4c1-3a64-4b5e-a3f6-3f434ab0efb3,,,,,,1.6,,,,true,2025-12-08 17:31:05.786466+00,2025-12-08 17:31:05.786466+00
272c64cc-331b-49bc-b2e9-157d07da1683,f3c35045-7ae4-4f84-92fa-4e3adad52686,b23b0a27-c387-4976-bef6-486ef07bc6c6,,,f3c35045-7ae4-4f84-92fa-4e3adad52686,10.123.138.196,3.5,,,,6aa6c4c1-3a64-4b5e-a3f6-3f434ab0efb3,1G,,,,,3.5,,,,true,2025-12-09 17:33:20.652877+00,2025-12-09 17:33:20.652877+00
2a236d36-149a-4ea1-a0df-faf33ff0ec39,6e5cca5f-9516-4264-811b-309d17a29b6a,4fb936ab-5a52-4171-8c1d-27dfba6c0d98,,,6e5cca5f-9516-4264-811b-309d17a29b6a,10.123.138.193,6.2,877d8e52-72d7-4e9c-9b76-ae634f5baa3c,10.127.0.67,ETH-1-1-1,44069fb0-fbe6-4836-ac87-083ab7f44880,1G,,,,,6.2,,,,true,2025-12-09 16:18:18.225773+00,2025-12-09 16:18:18.225773+00
2ce74f09-8754-4a8f-8538-ed9c45e692b9,d9e00379-f20b-470d-a83f-be40c8f77d2c,216fb747-2372-4f7c-8152-bda00a230706,,,d9e00379-f20b-470d-a83f-be40c8f77d2c,10.123.138.198,3.2,40385d41-78de-4122-b661-28092515ac86,10.123.138.218,2.5,44069fb0-fbe6-4836-ac87-083ab7f44880,1G,,,,,3.2,,,,true,2025-12-08 15:02:59.847404+00,2025-12-08 15:02:59.847404+00
2d6f10e0-976c-4c3e-930b-812aa801d0f9,f3c35045-7ae4-4f84-92fa-4e3adad52686,35717afe-81bd-41cf-82bc-76e5e814dbcf,,,f3c35045-7ae4-4f84-92fa-4e3adad52686,10.123.138.196,3.7,f9fafe4e-cd78-4d47-ba73-80764c430a7e,10.123.138.220,1.3,e3c44b09-c5d7-457c-8c50-5a06efff1262,1G,,,,,3.7,,,,true,2025-12-09 17:44:17.230188+00,2025-12-09 17:44:17.230188+00
2df7a06e-761e-42ff-be12-f247da6149c3,f3c35045-7ae4-4f84-92fa-4e3adad52686,c5cbdcb6-dac5-461e-9153-c7b06f7d739a,,,f3c35045-7ae4-4f84-92fa-4e3adad52686,10.123.138.196,3.1,dd6b2686-0d45-4bc7-97ff-8da1cf1ae118,10.123.138.195,5.1,44069fb0-fbe6-4836-ac87-083ab7f44880,10G,,,,,3.1,,,,true,2025-12-09 17:25:42.052769+00,2025-12-09 17:25:42.052769+00
2f8bf116-f930-448a-88f3-e40cc869e717,6e5cca5f-9516-4264-811b-309d17a29b6a,61b21eeb-02d0-4660-b49e-72baff24942b,,,6e5cca5f-9516-4264-811b-309d17a29b6a,10.123.138.193,3.6,874f3fbc-a293-48e4-ad87-b26f8871f5a3,10.123.138.215,2.5,44069fb0-fbe6-4836-ac87-083ab7f44880,,,,,,3.6,,,,true,2025-12-08 10:46:12.857987+00,2025-12-08 10:46:12.857987+00
318a9c43-9563-4be7-961f-9e221d7a7835,6e5cca5f-9516-4264-811b-309d17a29b6a,4c635008-3eb0-4246-bfa4-57dfcf85d48d,,,6e5cca5f-9516-4264-811b-309d17a29b6a,10.123.138.193,3.10,a7b79a60-b262-45cc-80df-fdba78f4201c,10.123.142.1,4.1,d7d6d7dd-97fe-4193-a2d7-c75b01717a9f,1G,,,,,3.10,,,,true,2025-12-08 11:30:54.871821+00,2025-12-08 11:49:43.043008+00
319abdf0-0324-4f7e-a9f9-eec9e1134026,6e5cca5f-9516-4264-811b-309d17a29b6a,7db41e76-38e9-4059-bece-4238d3508d9b,,,6e5cca5f-9516-4264-811b-309d17a29b6a,10.123.138.193,3.4,,,,d7d6d7dd-97fe-4193-a2d7-c75b01717a9f,1G,,,,,3.4,,,,true,2025-12-08 12:01:12.018067+00,2025-12-08 12:01:12.018067+00
33d7a369-1dfa-4e90-944a-f067ab050cb0,6e5cca5f-9516-4264-811b-309d17a29b6a,214b5822-09c2-4c2e-a864-627dee330b74,,,6e5cca5f-9516-4264-811b-309d17a29b6a,10.123.138.193,6.1,d9e00379-f20b-470d-a83f-be40c8f77d2c,10.123.138.198,4.1,44069fb0-fbe6-4836-ac87-083ab7f44880,10G,,,,,6.1,,,,true,2025-12-09 16:14:09.620065+00,2025-12-09 16:14:09.620065+00
36d803b8-3893-4500-bcf4-6af805384c9d,6e5cca5f-9516-4264-811b-309d17a29b6a,c54e0fb5-29f4-4a1d-8d4e-a125f8b00843,,,6e5cca5f-9516-4264-811b-309d17a29b6a,10.123.138.193,4.7,8b870d28-76e7-4332-9a85-a72ec514b4a5,10.123.138.244,1.3,e3c44b09-c5d7-457c-8c50-5a06efff1262,1G,,,,,4.7,,,,true,2025-12-09 09:20:04.121685+00,2025-12-09 09:20:04.121685+00
37d3d21a-b2f3-46b4-9831-38faf6caa6d7,6e5cca5f-9516-4264-811b-309d17a29b6a,314bff74-a98e-4d5f-90ad-d69373c019ad,,,6e5cca5f-9516-4264-811b-309d17a29b6a,10.123.138.193,3.3,3ba1c0fc-69c1-41db-acc4-f4e8d4cfd413,10.123.25.65,5.5,6aa6c4c1-3a64-4b5e-a3f6-3f434ab0efb3,1G,,,,,3.3,,,,true,2025-12-08 12:23:23.952748+00,2025-12-08 12:23:23.952748+00
3809373c-0b50-465c-9c94-5f2f344521d5,6e5cca5f-9516-4264-811b-309d17a29b6a,bf787ef1-10ca-4f22-a1f1-e51ca3bd3fa0,,,6e5cca5f-9516-4264-811b-309d17a29b6a,10.123.138.193,4.3,eecca086-c25f-4671-afa5-131b7b9352e3,10.123.138.214,1.5,44069fb0-fbe6-4836-ac87-083ab7f44880,1G,,,,,4.3,,,,true,2025-12-09 09:11:07.316025+00,2025-12-09 09:11:07.316025+00
3c62a614-907f-4025-ac35-d868c9347047,f3c35045-7ae4-4f84-92fa-4e3adad52686,7f568334-6b78-4e0d-9805-d86dc0d94c9e,,,f3c35045-7ae4-4f84-92fa-4e3adad52686,10.123.138.196,4.10,b057a5ce-0436-402f-90c6-b30d2f4ef00a,10.127.0.81,ETH-1-1-18,e3c44b09-c5d7-457c-8c50-5a06efff1262,,,,,,4.10,,,,true,2025-12-09 17:53:31.3795+00,2025-12-09 17:53:31.3795+00
3f210f3a-3a34-46f0-b83c-39fe337959f3,6e5cca5f-9516-4264-811b-309d17a29b6a,b20da8e4-de70-42ac-afa4-f3bc60d38848,,,6e5cca5f-9516-4264-811b-309d17a29b6a,10.123.138.193,6.11,cc10c623-5c3f-417e-ae3f-4c3b7d2d21d7,10.123.142.66,4.10,d7d6d7dd-97fe-4193-a2d7-c75b01717a9f,1G,,,,,6.11,,,,true,2025-12-10 06:03:58.840867+00,2025-12-10 06:09:09.211966+00
40e6af32-fea2-4f0f-87b0-06e4fb5021fa,6ac435ff-0a3f-473a-8c24-51eb7a4dbbbf,13b63259-dc65-4af6-ac27-44c39e960710,,,6ac435ff-0a3f-473a-8c24-51eb7a4dbbbf,10.123.138.222,1.6,,,,44069fb0-fbe6-4836-ac87-083ab7f44880,,,,,,1.6,,,,true,2025-12-08 16:19:41.584395+00,2025-12-08 16:20:23.786823+00
48a98556-c29b-4aab-bfb6-a2f6ab0de529,6e5cca5f-9516-4264-811b-309d17a29b6a,9032aa23-6863-49c0-8742-1cf18ca0241d,,,6e5cca5f-9516-4264-811b-309d17a29b6a,10.123.138.193,6.3,645687d9-733f-473d-8b43-9a15b23888b5,10.123.138.207,2.6,6aa6c4c1-3a64-4b5e-a3f6-3f434ab0efb3,1G,,,,,6.3,,,,true,2025-12-10 05:47:44.614923+00,2025-12-10 05:47:44.614923+00
4b08ee43-bd9b-464b-a97e-7d8c2518748f,6ac435ff-0a3f-473a-8c24-51eb7a4dbbbf,fec0dbc8-a64d-40c8-aa89-d8c40ea65b1c,,,6ac435ff-0a3f-473a-8c24-51eb7a4dbbbf,10.123.138.222,1.6,,,,6aa6c4c1-3a64-4b5e-a3f6-3f434ab0efb3,,,,,,1.6,,,,true,2025-12-08 16:18:31.369806+00,2025-12-08 16:18:31.369806+00
4b9685f4-d1ed-4be2-9bcd-a0b18d8c3993,c53cb398-c968-4f8f-a6e5-8ea8c33b1c5a,67455a47-c5f3-4d9a-aea2-95e78ca0c536,,,,,,,,,6aa6c4c1-3a64-4b5e-a3f6-3f434ab0efb3,,,,,,1.6,,,,true,2025-12-08 17:31:33.679565+00,2025-12-08 17:31:33.679565+00
4fafb5e4-84d8-4ee0-b2b8-e1668b4bd009,6e5cca5f-9516-4264-811b-309d17a29b6a,eff705a3-7dff-41b4-8764-28b1c34b26f3,,,6e5cca5f-9516-4264-811b-309d17a29b6a,10.123.138.193,6.4,dd6b2686-0d45-4bc7-97ff-8da1cf1ae118,10.123.138.195,4.3,44069fb0-fbe6-4836-ac87-083ab7f44880,1G,,,,,6.4,,,,true,2025-12-09 16:21:41.97878+00,2025-12-09 16:21:41.97878+00
4fdd3db1-cf4d-4a81-8e91-13dc8773e46d,6ac435ff-0a3f-473a-8c24-51eb7a4dbbbf,a8a8bdc0-29a7-4d83-a5bc-02f14e3f0c71,,,6ac435ff-0a3f-473a-8c24-51eb7a4dbbbf,10.123.138.222,1.6,,,,6aa6c4c1-3a64-4b5e-a3f6-3f434ab0efb3,1G,,,,,1.6,,,,true,2025-12-08 16:17:08.667798+00,2025-12-08 16:17:08.667798+00
521da643-177a-4fad-8465-758cea8b3d5f,6e5cca5f-9516-4264-811b-309d17a29b6a,796c04b6-085e-4072-a277-18aeddc79043,,,6e5cca5f-9516-4264-811b-309d17a29b6a,10.123.138.193,5.10,0300401d-2969-4703-9bc8-0a1b41f7add3,10.123.138.208,1.6,6aa6c4c1-3a64-4b5e-a3f6-3f434ab0efb3,1G,,,,,5.10,,,,true,2025-12-09 10:58:29.016441+00,2025-12-09 10:58:29.016441+00
551c0fcd-c4e5-48c9-bbf2-8c2041dc175c,f3c35045-7ae4-4f84-92fa-4e3adad52686,a6e02a4a-a552-469b-a554-9cb4c957dfe0,,,f3c35045-7ae4-4f84-92fa-4e3adad52686,10.123.138.196,3.5,,,,44069fb0-fbe6-4836-ac87-083ab7f44880,1G,,,,,3.5,,,,true,2025-12-09 17:39:34.074525+00,2025-12-09 17:39:51.806664+00
55b8c265-00f1-4553-9ae2-6b719d072586,6e5cca5f-9516-4264-811b-309d17a29b6a,4d0a0c78-0e9c-4c7a-bb28-ed4538e4c94b,,,6e5cca5f-9516-4264-811b-309d17a29b6a,10.123.138.193,5.9,3787ddde-544f-4658-97b4-01dcc10217d8,10.123.136.35,2.5,6aa6c4c1-3a64-4b5e-a3f6-3f434ab0efb3,1G,,,,,5.9,,,,true,2025-12-09 10:51:32.765054+00,2025-12-09 10:51:32.765054+00
562c0eea-6b15-4d17-b08b-e862450fbedc,6e5cca5f-9516-4264-811b-309d17a29b6a,97b89189-6cb8-40e3-aec9-61099d3d11b7,,,6e5cca5f-9516-4264-811b-309d17a29b6a,10.123.138.193,5.7,ce047b30-33c8-425b-b500-5b33e043bf9c,10.123.138.199,3.4,6aa6c4c1-3a64-4b5e-a3f6-3f434ab0efb3,1G,,,,,5.7,,,,true,2025-12-09 10:03:58.055089+00,2025-12-09 10:03:58.055089+00
56c6f973-9cb9-425b-98df-8124fbaa95bf,6e5cca5f-9516-4264-811b-309d17a29b6a,0ca38b64-417c-4def-a288-dfe5ef1016c2,,,6e5cca5f-9516-4264-811b-309d17a29b6a,10.123.138.193,3.5,,,,91bd40a2-2a21-495a-ab06-33adc9871f97,1G,,,,,3.5,6.2,,,true,2025-12-09 07:27:36.764725+00,2025-12-09 07:27:36.764725+00
5820af54-2aac-418e-8235-6f5110bf52d9,f3c35045-7ae4-4f84-92fa-4e3adad52686,60cd3ec3-40c3-4cce-811e-b8762868bffd,,,f3c35045-7ae4-4f84-92fa-4e3adad52686,10.123.138.196,4.3,a8611582-e981-4137-95a1-32e6b455e489,10.123.138.247,1.5,44069fb0-fbe6-4836-ac87-083ab7f44880,1G,,,,,4.3,,,,true,2025-12-09 17:58:27.534298+00,2025-12-09 17:58:27.534298+00
62c7816b-54b4-477c-9578-ef4d9a546308,6e5cca5f-9516-4264-811b-309d17a29b6a,8a187c3f-304b-4d85-9051-aca321e73800,,,dd6b2686-0d45-4bc7-97ff-8da1cf1ae118,10.123.138.195,3.6,6e5cca5f-9516-4264-811b-309d17a29b6a,10.123.138.193,5.7,6aa6c4c1-3a64-4b5e-a3f6-3f434ab0efb3,,,,,,3.6,6.5,,,true,2025-12-09 10:35:04.852569+00,2025-12-10 10:32:10.76442+00
63c89d46-9bba-4dd5-9b00-47b0103aa9c5,6e5cca5f-9516-4264-811b-309d17a29b6a,c76740b6-f5ac-4c11-ae03-293f6926777b,,,6e5cca5f-9516-4264-811b-309d17a29b6a,10.123.138.193,5.7,a3f1bd20-41d7-489a-ab31-dc8c3412e0f6,10.123.29.225,2.4,6aa6c4c1-3a64-4b5e-a3f6-3f434ab0efb3,1G,,,,,5.7,,,,true,2025-12-09 09:53:33.254248+00,2025-12-09 09:53:33.254248+00
655a8a1b-3b61-4701-8be3-23c3d9982639,d9e00379-f20b-470d-a83f-be40c8f77d2c,4d549867-ee73-49ba-b4f8-26d97e9667c9,,,d9e00379-f20b-470d-a83f-be40c8f77d2c,10.123.138.198,3.4,ce047b30-33c8-425b-b500-5b33e043bf9c,10.123.138.199,4.2,44069fb0-fbe6-4836-ac87-083ab7f44880,1G,,,,,3.4,,,,true,2025-12-08 15:04:03.94049+00,2025-12-08 15:04:03.94049+00
6613ae62-031f-4fdf-8678-bebcf396d778,f3c35045-7ae4-4f84-92fa-4e3adad52686,a503c06c-c226-423e-bba0-2ef41ac1027f,,,f3c35045-7ae4-4f84-92fa-4e3adad52686,10.123.138.196,3.9,b057a5ce-0436-402f-90c6-b30d2f4ef00a,10.127.0.81,ETH-1-1-17,e3c44b09-c5d7-457c-8c50-5a06efff1262,1G,,,,,3.9,,,,true,2025-12-09 17:50:05.792603+00,2025-12-09 17:50:05.792603+00
681ff05f-6a93-43ea-bb0c-2efe78b3a414,6e5cca5f-9516-4264-811b-309d17a29b6a,1a3b4bbb-1e8a-4ff5-a335-09953f4b47ca,,,6e5cca5f-9516-4264-811b-309d17a29b6a,10.123.138.193,4.6,,,,91bd40a2-2a21-495a-ab06-33adc9871f97,1G,,,,,4.6,6.2,,,true,2025-12-09 07:57:46.160376+00,2025-12-09 07:59:27.330777+00
6967f092-3112-4242-9136-a9a86811f6e0,f3c35045-7ae4-4f84-92fa-4e3adad52686,86a9100a-a276-491b-a027-03c1529ad6e2,,,f3c35045-7ae4-4f84-92fa-4e3adad52686,10.123.138.196,4.9,883e61fd-1d85-4975-887b-ac0c25985d32,10.123.138.241,2.4,e3c44b09-c5d7-457c-8c50-5a06efff1262,1G,,,,,4.9,,,,true,2025-12-09 18:00:53.942849+00,2025-12-09 18:00:53.942849+00
6a42c81c-0d2d-41a8-b291-6342fdb03a43,6e5cca5f-9516-4264-811b-309d17a29b6a,bb93ae6d-d10c-45ca-ab18-7b68613c8790,,,6e5cca5f-9516-4264-811b-309d17a29b6a,10.123.138.193,4.1,4b66d440-d94d-4f6e-964c-787d1abd464e,10.123.29.196,3.1,44069fb0-fbe6-4836-ac87-083ab7f44880,10G,,,,,4.1,,,,true,2025-12-09 09:09:15.320002+00,2025-12-09 09:09:15.320002+00
6ac7d7d1-81bc-4962-929d-e23c1833bb1c,f3c35045-7ae4-4f84-92fa-4e3adad52686,37ace94a-52d7-4cc0-85ab-10b1abe2f7bb,,,f3c35045-7ae4-4f84-92fa-4e3adad52686,10.123.138.196,3.5,,,,6aa6c4c1-3a64-4b5e-a3f6-3f434ab0efb3,1G,,,,,3.5,,,,true,2025-12-09 17:40:44.340758+00,2025-12-09 17:40:44.340758+00
6f186807-c1e2-41a6-a804-14a3735c6f28,6e5cca5f-9516-4264-811b-309d17a29b6a,066dc680-98c6-4b7a-82b6-06a47be03c82,,,6e5cca5f-9516-4264-811b-309d17a29b6a,10.123.138.193,3.1,dd6b2686-0d45-4bc7-97ff-8da1cf1ae118,10.123.138.195,3.1,44069fb0-fbe6-4836-ac87-083ab7f44880,,,,,,3.1,,,,true,2025-12-08 10:46:13.921921+00,2025-12-08 10:46:13.921921+00
7409e227-8bd7-42b0-9718-768496a51a91,f3c35045-7ae4-4f84-92fa-4e3adad52686,4bfbaaa9-11ea-4895-a9c4-02349eda7c63,,,f3c35045-7ae4-4f84-92fa-4e3adad52686,10.123.138.196,3.8,,,,6aa6c4c1-3a64-4b5e-a3f6-3f434ab0efb3,1G,,,,,3.8,,,,true,2025-12-09 17:47:56.515389+00,2025-12-09 17:47:56.515389+00
74aec8a2-c32d-411e-b4bb-cdd61d3bca4d,6e5cca5f-9516-4264-811b-309d17a29b6a,4b0dd6af-fd80-4fb8-ba6f-ae335ae7099c,,HNV-BSNL-OLT-P1,6e5cca5f-9516-4264-811b-309d17a29b6a,10.123.138.193,3.5,,,,91bd40a2-2a21-495a-ab06-33adc9871f97,1G,,,,,3.5,5.7,,,true,2025-12-09 07:00:42.568019+00,2025-12-09 07:27:51.643472+00
7568961c-a340-48a1-93cd-4363b57b7b4e,6e5cca5f-9516-4264-811b-309d17a29b6a,0946d238-2377-4f97-b268-0d17a53c0497,,,6e5cca5f-9516-4264-811b-309d17a29b6a,10.123.138.193,6.3,877d8e52-72d7-4e9c-9b76-ae634f5baa3c,10.127.0.67,ETH-1-1-3,44069fb0-fbe6-4836-ac87-083ab7f44880,1G,,,,,6.3,,,,true,2025-12-09 16:19:21.41547+00,2025-12-09 16:19:21.41547+00
791de680-b669-418a-b264-9ac77f3c97b0,d9e00379-f20b-470d-a83f-be40c8f77d2c,ed5f118f-7977-4d98-a65f-7a00df2508fd,,,d9e00379-f20b-470d-a83f-be40c8f77d2c,10.123.138.198,3.1,09b56b00-e0ba-4291-a4b8-ab8dc12dc71d,10.123.138.197,4.1,44069fb0-fbe6-4836-ac87-083ab7f44880,10G,,,,,3.1,,,,true,2025-12-08 14:49:53.984883+00,2025-12-08 14:49:53.984883+00
7baa030b-97a2-444a-a993-a79936f70f1d,f3c35045-7ae4-4f84-92fa-4e3adad52686,f85c4c2b-50e6-4868-b861-71245aeae98c,,,f3c35045-7ae4-4f84-92fa-4e3adad52686,10.123.138.196,3.6,,,,44069fb0-fbe6-4836-ac87-083ab7f44880,1G,,,,,3.6,,,,true,2025-12-09 17:43:00.69024+00,2025-12-09 17:43:00.69024+00
7e441f11-38d9-4eb9-aea0-a01d54b37b79,6e5cca5f-9516-4264-811b-309d17a29b6a,a477c4bb-7da4-4725-a3c0-0dd7fe47edd5,,,6e5cca5f-9516-4264-811b-309d17a29b6a,10.123.138.193,3.4,877d8e52-72d7-4e9c-9b76-ae634f5baa3c,10.127.0.67,,91bd40a2-2a21-495a-ab06-33adc9871f97,1G,,,,,3.4,6.2,,,true,2025-12-08 12:12:37.665261+00,2025-12-08 12:41:03.204152+00
8191eb58-7457-4b36-9456-17da838baa60,6e5cca5f-9516-4264-811b-309d17a29b6a,76563bda-cbd4-47c9-b81b-bbf8021d6329,,,6e5cca5f-9516-4264-811b-309d17a29b6a,10.123.138.193,4.2,3e5f8e29-0b30-46e5-95c8-4c70318c4b3f,10.123.138.204,1.5,44069fb0-fbe6-4836-ac87-083ab7f44880,1G,,,,,4.2,,,,true,2025-12-09 09:06:38.51334+00,2025-12-09 09:06:38.51334+00
81b52662-4815-4cdb-a1ef-7dc603262c31,c53cb398-c968-4f8f-a6e5-8ea8c33b1c5a,2c0c8a9b-4db7-4685-b02a-284f716b4d70,,,c53cb398-c968-4f8f-a6e5-8ea8c33b1c5a,10.123.138.249,2.4,,,,6aa6c4c1-3a64-4b5e-a3f6-3f434ab0efb3,1G,,,,,2.4,,,,true,2025-12-08 17:22:53.060246+00,2025-12-08 17:22:53.060246+00
831197d0-f39a-4888-9770-9d084dc60bdd,f3c35045-7ae4-4f84-92fa-4e3adad52686,86fc9c4d-b4b5-4a39-8ad9-5bf1a5b7e5cb,,,f3c35045-7ae4-4f84-92fa-4e3adad52686,10.123.138.196,4.11,b057a5ce-0436-402f-90c6-b30d2f4ef00a,10.127.0.81,ETH-1-1-19,e3c44b09-c5d7-457c-8c50-5a06efff1262,1G,,,,,4.11,,,,true,2025-12-09 17:55:09.95094+00,2025-12-09 17:55:09.95094+00
84e7f63b-3109-422a-b88c-17cbd6cb9571,6e5cca5f-9516-4264-811b-309d17a29b6a,8ad7b79b-d4d7-4be7-98dd-0b8ce92e8210,,,6e5cca5f-9516-4264-811b-309d17a29b6a,10.123.138.193,3.2,1160d8b7-c01d-4eaa-b130-75ac245bbd4e,10.123.138.216,1.5,44069fb0-fbe6-4836-ac87-083ab7f44880,,,,,,3.2,,,,true,2025-12-08 10:46:14.175101+00,2025-12-08 10:46:14.175101+00
89db22a9-215f-4f3f-8e2c-ab690051ac70,f3c35045-7ae4-4f84-92fa-4e3adad52686,597f0a21-84b5-4245-be59-19a7f8aa2830,,,f3c35045-7ae4-4f84-92fa-4e3adad52686,10.123.138.196,3.5,,,,44069fb0-fbe6-4836-ac87-083ab7f44880,1G,,,,,3.5,,,,true,2025-12-09 17:38:43.400308+00,2025-12-09 17:38:43.400308+00
8dca369f-5224-4081-ad8c-f250e23f7964,6e5cca5f-9516-4264-811b-309d17a29b6a,7db41e76-38e9-4059-bece-4238d3508d9b,,,6e5cca5f-9516-4264-811b-309d17a29b6a,10.123.138.193,5.5,,,,d7d6d7dd-97fe-4193-a2d7-c75b01717a9f,,,,,,5.5,,,,true,2025-12-09 09:58:02.831614+00,2025-12-09 09:58:02.831614+00
8e58af51-86f1-4c9b-9f19-c0b531bf19de,6e5cca5f-9516-4264-811b-309d17a29b6a,8464956b-d029-4be0-8418-ce8a4843bb71,,,6e5cca5f-9516-4264-811b-309d17a29b6a,10.123.138.193,3.11,c5db764c-f5d3-4c8f-aaa3-05a095ea008f,10.123.138.253,1.3,44069fb0-fbe6-4836-ac87-083ab7f44880,,,,,,3.11,,,,true,2025-12-08 10:45:48.213562+00,2025-12-08 10:46:13.72549+00
8eb97813-479e-4ec4-adb1-1f6089eb5cc2,6e5cca5f-9516-4264-811b-309d17a29b6a,461e9ded-5322-4162-998b-1600e2478670,,,6e5cca5f-9516-4264-811b-309d17a29b6a,10.123.138.193,6.8,c15780e5-6039-494d-993d-dced5d450390,10.123.138.245,1.3,e3c44b09-c5d7-457c-8c50-5a06efff1262,1G,,,,,6.8,,,,true,2025-12-10 05:34:08.272212+00,2025-12-10 05:34:08.272212+00
90b43fa0-57bb-4577-a54d-1f17ecd32965,6e5cca5f-9516-4264-811b-309d17a29b6a,8a4c73b0-81d7-4810-94f7-6ffcf35cbe3a,,,6e5cca5f-9516-4264-811b-309d17a29b6a,10.123.138.193,5.7,f3c35045-7ae4-4f84-92fa-4e3adad52686,10.123.138.196,3.2,6aa6c4c1-3a64-4b5e-a3f6-3f434ab0efb3,1G,,,,,5.7,,,,true,2025-12-09 09:48:03.869333+00,2025-12-09 09:48:03.869333+00
9354d797-5984-4a54-bc1d-12cc4eb08e90,f3c35045-7ae4-4f84-92fa-4e3adad52686,62b94e5a-f21a-40bc-99cf-e97c41cd87ce,,,f3c35045-7ae4-4f84-92fa-4e3adad52686,10.123.138.196,4.1,09b56b00-e0ba-4291-a4b8-ab8dc12dc71d,10.123.138.197,3.1,44069fb0-fbe6-4836-ac87-083ab7f44880,10G,,,,,4.1,,,,true,2025-12-09 17:51:41.808396+00,2025-12-09 17:51:41.808396+00
955b8207-28b6-49b6-87f5-f8e15dca94e8,f3c35045-7ae4-4f84-92fa-4e3adad52686,f81a1aba-9797-432b-96c2-82cb96d99c6b,,,f3c35045-7ae4-4f84-92fa-4e3adad52686,10.123.138.196,3.5,,,,44069fb0-fbe6-4836-ac87-083ab7f44880,1G,,,,,3.5,,,,true,2025-12-09 17:36:38.133823+00,2025-12-09 17:36:38.133823+00
9638089e-ff22-4a20-8645-c1049bb647bf,6e5cca5f-9516-4264-811b-309d17a29b6a,aaaf44d4-c7d0-457d-aeb3-6c9c1e002994,,,6e5cca5f-9516-4264-811b-309d17a29b6a,10.123.138.193,3.3,7b39371e-a516-4a54-b4b7-d159a156a702,10.123.138.1,3.7,6aa6c4c1-3a64-4b5e-a3f6-3f434ab0efb3,1G,,,,,3.3,,,,true,2025-12-08 12:33:02.760986+00,2025-12-08 12:33:02.760986+00
9ac35382-653b-47d8-9970-82d286af9887,6e5cca5f-9516-4264-811b-309d17a29b6a,dfe52656-e01b-4d57-86ff-35fd9fd9981f,,,,,,,,,e3c44b09-c5d7-457c-8c50-5a06efff1262,,,,,,NMS,,,,true,2025-12-09 08:16:43.276693+00,2025-12-09 08:16:43.276693+00
9b05740c-aafd-4716-9e04-8dae02618b6e,d9e00379-f20b-470d-a83f-be40c8f77d2c,56b7fa2e-b917-4f34-bc29-ec0f7a9f63ab,,,d9e00379-f20b-470d-a83f-be40c8f77d2c,10.123.138.198,3.5,,,,6aa6c4c1-3a64-4b5e-a3f6-3f434ab0efb3,1G,,,,,3.5,,,,true,2025-12-08 15:08:59.540041+00,2025-12-08 15:08:59.540041+00
9d256035-fd64-4277-bdb7-9d0d1aa987d4,6e5cca5f-9516-4264-811b-309d17a29b6a,ed39a4f5-8b3a-4bc9-afc2-e56056cf4754,,,6e5cca5f-9516-4264-811b-309d17a29b6a,10.123.138.193,3.3,3ba1c0fc-69c1-41db-acc4-f4e8d4cfd413,10.123.25.65,5.5,6aa6c4c1-3a64-4b5e-a3f6-3f434ab0efb3,1G,,,,,3.3,,,,true,2025-12-09 07:09:58.417704+00,2025-12-09 07:09:58.417704+00
9d73c786-ac60-4932-b2d9-314d5123d672,6e5cca5f-9516-4264-811b-309d17a29b6a,dfab40f7-f6ea-4976-93a8-b816333bae7f,,,6e5cca5f-9516-4264-811b-309d17a29b6a,10.123.138.193,3.9,846a1687-e38d-4cf1-8999-5c4b7ecf1ed8,10.123.138.229,1.3,44069fb0-fbe6-4836-ac87-083ab7f44880,,,,,,3.9,,,,true,2025-12-08 10:45:47.181575+00,2025-12-08 10:46:13.514495+00
a36023a0-81e7-4c72-a137-f1a9f0b8fae2,6e5cca5f-9516-4264-811b-309d17a29b6a,16b1003f-4108-47aa-889a-6c210c3fafda,,,6e5cca5f-9516-4264-811b-309d17a29b6a,10.123.138.193,5.7,877d8e52-72d7-4e9c-9b76-ae634f5baa3c,10.127.0.67,ETH-1-1-17,6aa6c4c1-3a64-4b5e-a3f6-3f434ab0efb3,1G,,,,,5.7,,,,true,2025-12-09 16:00:02.292369+00,2025-12-09 16:00:02.292369+00
a57d690f-bb7f-47a4-96f5-e6f3c1accf4c,6e5cca5f-9516-4264-811b-309d17a29b6a,f3dc0c4d-637f-460b-a815-28798f65e972,,,6e5cca5f-9516-4264-811b-309d17a29b6a,10.123.138.193,3.3,b72ea367-47e2-4cb6-af57-75fdbefa7cba,10.123.138.65,3.8,6aa6c4c1-3a64-4b5e-a3f6-3f434ab0efb3,1G,,,,,3.3,,,,true,2025-12-08 11:07:47.935747+00,2025-12-08 11:07:47.935747+00
a85cdd29-6220-4e50-aae5-073e877a26f2,f3c35045-7ae4-4f84-92fa-4e3adad52686,1472cfbe-9558-43fb-a433-c52e16167225,,,f3c35045-7ae4-4f84-92fa-4e3adad52686,10.123.138.196,3.5,,,,6aa6c4c1-3a64-4b5e-a3f6-3f434ab0efb3,1G,,,,,3.5,,,,true,2025-12-09 17:37:49.39942+00,2025-12-09 17:37:49.39942+00
abdd9e9b-013a-4ab8-9ead-592ccae926cf,dd6b2686-0d45-4bc7-97ff-8da1cf1ae118,e1392f00-094f-4c5a-a571-0dd258d863fa,,,dd6b2686-0d45-4bc7-97ff-8da1cf1ae118,10.123.138.195,3.2,0300401d-2969-4703-9bc8-0a1b41f7add3,10.123.138.208,2.5,44069fb0-fbe6-4836-ac87-083ab7f44880,1G,,,,,3.2,,,,true,2025-12-10 09:33:51.663373+00,2025-12-10 09:33:51.663373+00
b0dd4c07-f892-4253-b618-7435f6a4520e,6e5cca5f-9516-4264-811b-309d17a29b6a,a8d9357f-ad55-42c3-8758-5ec087dcda53,,,6e5cca5f-9516-4264-811b-309d17a29b6a,10.123.138.193,5.2,fa97a97e-ffe1-4921-b13a-0b90e324e2b5,10.123.138.217,1.5,44069fb0-fbe6-4836-ac87-083ab7f44880,1G,,,,,5.2,,,,true,2025-12-09 09:30:41.205404+00,2025-12-09 09:30:41.205404+00
bede0acc-3547-4a56-8b92-5a0543a0f7ee,d9e00379-f20b-470d-a83f-be40c8f77d2c,8778aa7c-7d60-4f49-b047-250fa6309196,,,d9e00379-f20b-470d-a83f-be40c8f77d2c,10.123.138.198,3.7,6ac435ff-0a3f-473a-8c24-51eb7a4dbbbf,10.123.138.222,1.3,44069fb0-fbe6-4836-ac87-083ab7f44880,1G,,,,,3.7,,,,true,2025-12-08 14:59:06.62918+00,2025-12-08 14:59:06.62918+00
bf964ae3-ba6f-48b6-b9ce-d9c41273aced,6ac435ff-0a3f-473a-8c24-51eb7a4dbbbf,0df30601-f43b-4477-96e6-11abbcb3fd4a,,,6ac435ff-0a3f-473a-8c24-51eb7a4dbbbf,10.123.138.222,2.5,63da7fb8-607d-4c05-9ab1-3590cd15f790,10.123.138.221,2.5,44069fb0-fbe6-4836-ac87-083ab7f44880,1G,,,,,2.5,,,,true,2025-12-08 16:21:59.884994+00,2025-12-08 16:21:59.884994+00
c0c371ad-9f25-4af4-be71-98ecd0ae4671,6e5cca5f-9516-4264-811b-309d17a29b6a,6a6102be-1442-482e-8779-78ff7d54f636,,,6e5cca5f-9516-4264-811b-309d17a29b6a,10.123.138.193,3.3,fd2b2e83-2967-4e16-a538-efbb02043f22,10.123.25.138,3.3,6aa6c4c1-3a64-4b5e-a3f6-3f434ab0efb3,1G,,,,,3.3,,,,true,2025-12-08 11:47:28.37913+00,2025-12-08 11:47:28.37913+00
c2175b22-4e7d-4965-934c-f22390a014f8,6e5cca5f-9516-4264-811b-309d17a29b6a,348fc9e0-1f58-4e7f-9251-7a1975a0b407,,,6e5cca5f-9516-4264-811b-309d17a29b6a,10.123.138.193,5.8,d9e00379-f20b-470d-a83f-be40c8f77d2c,10.123.138.198,3.6,6aa6c4c1-3a64-4b5e-a3f6-3f434ab0efb3,1G,,,,,5.8,,,,true,2025-12-09 09:44:42.379579+00,2025-12-09 09:44:42.379579+00
c594e363-13de-4c57-843e-819f4cc8ca06,6e5cca5f-9516-4264-811b-309d17a29b6a,53060e9c-b20f-4e5f-a146-1de53264f83e,,,6e5cca5f-9516-4264-811b-309d17a29b6a,10.123.138.193,5.10,0300401d-2969-4703-9bc8-0a1b41f7add3,10.123.138.208,1.6,44069fb0-fbe6-4836-ac87-083ab7f44880,1G,,,,,5.10,,,,true,2025-12-09 09:56:59.290484+00,2025-12-09 09:56:59.290484+00
c62eb218-5560-40be-a3fc-d9260f2ae19c,6e5cca5f-9516-4264-811b-309d17a29b6a,2749dbd2-2aa2-4258-9ee3-c3d2bce17d45,,,6e5cca5f-9516-4264-811b-309d17a29b6a,10.123.138.193,4.9,,,,6aa6c4c1-3a64-4b5e-a3f6-3f434ab0efb3,1G,,,,,4.9,,,,true,2025-12-09 08:02:31.40106+00,2025-12-09 08:02:31.40106+00
c67893ca-0295-4cf5-ba4a-8db73fe4a799,6e5cca5f-9516-4264-811b-309d17a29b6a,cee54398-9a5a-4b4c-80f3-08e188852efa,,,6e5cca5f-9516-4264-811b-309d17a29b6a,10.123.138.193,5.4,ce047b30-33c8-425b-b500-5b33e043bf9c,10.123.138.199,3.3,44069fb0-fbe6-4836-ac87-083ab7f44880,1G,,,,,5.4,,,,true,2025-12-09 09:29:31.956002+00,2025-12-09 09:29:31.956002+00
c88f9f1e-f092-4c63-ae1f-352b6d292273,6e5cca5f-9516-4264-811b-309d17a29b6a,ebbdc01e-7104-4aeb-bebc-97cd26f9c196,,,6e5cca5f-9516-4264-811b-309d17a29b6a,10.123.138.193,3.5,,,,91bd40a2-2a21-495a-ab06-33adc9871f97,1G,,,,,3.5,6.2,,,true,2025-12-09 07:29:58.950669+00,2025-12-09 07:29:58.950669+00
c896cad7-c927-4cdd-b9db-15160a4e4431,6e5cca5f-9516-4264-811b-309d17a29b6a,edfd118f-28a4-4a83-8519-f42620e484f0,,,6e5cca5f-9516-4264-811b-309d17a29b6a,10.123.138.193,3.8,09e5014e-8687-43a7-8feb-841dc4f73227,10.123.138.233,1.3,44069fb0-fbe6-4836-ac87-083ab7f44880,,,,,,3.8,,,,true,2025-12-08 10:45:49.423863+00,2025-12-08 10:46:13.277979+00
c9fcb82a-2c94-4b20-b715-80f50617202e,6e5cca5f-9516-4264-811b-309d17a29b6a,a94272f1-8c95-49f7-b77a-f166727925b9,,,6e5cca5f-9516-4264-811b-309d17a29b6a,10.123.138.193,3.7,c239fcfe-3e7f-4f7d-804e-069820b4bc00,10.123.138.225,1.3,44069fb0-fbe6-4836-ac87-083ab7f44880,,,,,,3.7,,,,true,2025-12-08 10:45:47.710867+00,2025-12-08 10:46:13.07051+00
ca46e0ac-c154-4d74-a4fb-4271daa4429d,6e5cca5f-9516-4264-811b-309d17a29b6a,a679bacf-dfef-4916-a751-e73e1bcfbe7e,,,6e5cca5f-9516-4264-811b-309d17a29b6a,10.123.138.193,5.1,b6f14e2b-11a4-46c9-96eb-c41d9564bcb3,10.123.138.203,3.1,44069fb0-fbe6-4836-ac87-083ab7f44880,10G,,,,,5.1,,,,true,2025-12-09 09:31:52.314608+00,2025-12-09 09:31:52.314608+00
d56a3a23-961f-4b88-8ab3-f24013bd78fa,6e5cca5f-9516-4264-811b-309d17a29b6a,285294ec-5ea4-4535-8f99-d744acb6a1eb,,,6e5cca5f-9516-4264-811b-309d17a29b6a,10.123.138.193,6.5,,10.127.0.67,,44069fb0-fbe6-4836-ac87-083ab7f44880,1G,,,,,6.5,,,,true,2025-12-09 16:23:21.938731+00,2025-12-09 16:24:58.995337+00
db608dc3-4f0a-47ab-862f-6f3d73f752be,6e5cca5f-9516-4264-811b-309d17a29b6a,866bc619-e2a7-43be-a853-43ed9d86126e,,,6e5cca5f-9516-4264-811b-309d17a29b6a,10.123.138.193,6.6,01009cb5-b28b-4237-8e29-bbda28bf3cc9,10.123.138.22,4.6,6aa6c4c1-3a64-4b5e-a3f6-3f434ab0efb3,1G,,,,,6.6,,,,true,2025-12-10 05:53:55.733839+00,2025-12-10 05:59:26.26658+00
dfb38e5e-edda-4170-b812-be1067bccd2d,6e5cca5f-9516-4264-811b-309d17a29b6a,ba26d922-c79f-4b14-b7d8-82287efdcad5,,,6e5cca5f-9516-4264-811b-309d17a29b6a,10.123.138.193,5.7,a2c86b2a-34b8-408f-bfe9-10d7278bee18,10.123.138.238,2.3,6aa6c4c1-3a64-4b5e-a3f6-3f434ab0efb3,1G,,,,,5.7,,,,true,2025-12-09 10:30:07.631649+00,2025-12-09 10:30:07.631649+00
e0dcc43d-c5a4-4cbe-a4f2-5cdb8aea52d4,f3c35045-7ae4-4f84-92fa-4e3adad52686,18b97007-310a-4089-b27c-ee5bb9a964d7,,,f3c35045-7ae4-4f84-92fa-4e3adad52686,10.123.138.196,4.5,457e890f-197f-4182-934a-5daac05a2b8c,10.123.138.211,1.5,44069fb0-fbe6-4836-ac87-083ab7f44880,1G,,,,,4.5,,,,true,2025-12-09 17:59:40.096603+00,2025-12-09 17:59:40.096603+00
e1a1ecb9-815f-434e-92b3-330f2a455c78,6e5cca5f-9516-4264-811b-309d17a29b6a,ba7ce1f6-49fe-4834-b249-4262e54bb3b8,,,6e5cca5f-9516-4264-811b-309d17a29b6a,10.123.138.193,4.8,8b870d28-76e7-4332-9a85-a72ec514b4a5,10.123.138.244,2.3,44069fb0-fbe6-4836-ac87-083ab7f44880,1G,,,,,4.8,,,,true,2025-12-09 09:21:29.141632+00,2025-12-09 09:21:29.141632+00
e27f0396-f0b9-41b7-bd17-479426dd7842,6e5cca5f-9516-4264-811b-309d17a29b6a,dc66bb11-3dc2-4ee2-a01e-3c5f27532b19,,,6e5cca5f-9516-4264-811b-309d17a29b6a,10.123.138.193,4.10,c5db764c-f5d3-4c8f-aaa3-05a095ea008f,10.123.138.253,2.3,e3c44b09-c5d7-457c-8c50-5a06efff1262,1G,,,,,4.10,,,,true,2025-12-09 09:16:01.558652+00,2025-12-09 09:16:01.558652+00
ece656d1-3084-441e-ae5e-8adc30a81de6,6e5cca5f-9516-4264-811b-309d17a29b6a,ab8d2c0f-59ac-45b3-9f38-55ba1635b205,,,6e5cca5f-9516-4264-811b-309d17a29b6a,10.123.138.193,4.4,88c2ecdb-5f12-4139-8cd3-88b1b032b010,10.123.138.209,1.5,44069fb0-fbe6-4836-ac87-083ab7f44880,1G,,,,,4.4,,,,true,2025-12-09 09:12:55.116667+00,2025-12-09 09:12:55.116667+00
f1a4678d-291b-4d82-a5e2-c97fe3a39a88,f3c35045-7ae4-4f84-92fa-4e3adad52686,3e1bac51-dc6c-4369-9467-d7a9b3a1fdc0,,,f3c35045-7ae4-4f84-92fa-4e3adad52686,10.123.138.196,4.2,21a97b3d-6959-46a5-942e-12a791770da0,10.123.138.242,1.5,44069fb0-fbe6-4836-ac87-083ab7f44880,1G,,,,,4.2,,,,true,2025-12-09 17:57:03.337641+00,2025-12-09 17:57:03.337641+00
f4a3f48a-d3ff-4def-93dc-33c8508bd914,6e5cca5f-9516-4264-811b-309d17a29b6a,10af1214-f384-4935-a4fd-3e5ce5a81408,,,b72ea367-47e2-4cb6-af57-75fdbefa7cba,10.123.138.65,5.5,6e5cca5f-9516-4264-811b-309d17a29b6a,10.123.138.193,3.3,6aa6c4c1-3a64-4b5e-a3f6-3f434ab0efb3,,,,,,3.3,,,,true,2025-12-08 10:45:49.69733+00,2025-12-08 10:45:49.69733+00
f57ef807-4208-4ad0-b701-473f9c6be650,6e5cca5f-9516-4264-811b-309d17a29b6a,66ef7aff-6434-46d0-9876-0b610598ead5,,,6e5cca5f-9516-4264-811b-309d17a29b6a,10.123.138.193,3.5,,,,d7d6d7dd-97fe-4193-a2d7-c75b01717a9f,1G,,,,,3.5,,,,true,2025-12-09 07:28:56.9296+00,2025-12-09 07:45:35.207773+00
f93c35d3-20b5-4ffb-a545-50ecb829cea0,f3c35045-7ae4-4f84-92fa-4e3adad52686,4800b29f-a7cb-4de7-9f74-df217e1a53bc,,,f3c35045-7ae4-4f84-92fa-4e3adad52686,10.123.138.196,3.10,883e61fd-1d85-4975-887b-ac0c25985d32,10.123.138.241,1.4,44069fb0-fbe6-4836-ac87-083ab7f44880,1G,,,,,3.10,,,,true,2025-12-09 17:27:22.232502+00,2025-12-09 17:27:22.232502+00
fb030f07-86e1-434a-a4b0-89ae4dc75c29,d9e00379-f20b-470d-a83f-be40c8f77d2c,ca95f5fc-e3b8-437e-bdfe-f8cec2033ce3,,,d9e00379-f20b-470d-a83f-be40c8f77d2c,10.123.138.198,3.5,,,,6aa6c4c1-3a64-4b5e-a3f6-3f434ab0efb3,1G,,,,,3.5,,,,true,2025-12-08 15:10:52.745068+00,2025-12-08 15:10:52.745068+00