id,jc_id,incoming_segment_id,incoming_fiber_no,outgoing_segment_id,outgoing_fiber_no,splice_type_id,logical_path_id,loss_db,created_at,updated_at
00035c98-ca8b-4c45-8d51-33457899b23e,35364217-e223-439a-99f8-c8805bb4ecdd,f6530876-b5dc-42e2-b2fb-aee95ac83be0,44,40ce4760-c6a9-4be9-b2c7-fbf67a2a316e,44,a54cf3ef-aabf-4c07-a611-f297ee78136e,,0.30,2026-01-17 14:05:31.311563+00,
0524644c-2d5a-4300-ac4c-66b547d4117b,35364217-e223-439a-99f8-c8805bb4ecdd,f6530876-b5dc-42e2-b2fb-aee95ac83be0,69,1e5f7dff-64e4-4962-96ed-1a7b079eab78,21,a54cf3ef-aabf-4c07-a611-f297ee78136e,,0.30,2026-01-15 12:22:07.667266+00,
09154f01-5df1-4e1f-9247-ac70143b1344,35364217-e223-439a-99f8-c8805bb4ecdd,f6530876-b5dc-42e2-b2fb-aee95ac83be0,18,40ce4760-c6a9-4be9-b2c7-fbf67a2a316e,18,a54cf3ef-aabf-4c07-a611-f297ee78136e,,0.30,2026-01-17 14:03:20.03461+00,
103ac3ba-e763-4c2e-b655-590e0a1309f0,35364217-e223-439a-99f8-c8805bb4ecdd,f6530876-b5dc-42e2-b2fb-aee95ac83be0,86,1e5f7dff-64e4-4962-96ed-1a7b079eab78,2,a54cf3ef-aabf-4c07-a611-f297ee78136e,,0.30,2026-01-15 12:16:38.031225+00,
14ea6914-286f-40bf-83c9-8c85dce6ba52,35364217-e223-439a-99f8-c8805bb4ecdd,f6530876-b5dc-42e2-b2fb-aee95ac83be0,63,1e5f7dff-64e4-4962-96ed-1a7b079eab78,15,a54cf3ef-aabf-4c07-a611-f297ee78136e,,0.30,2026-01-15 12:21:41.704097+00,
1790370d-083f-41af-9b10-127ef85f8c92,35364217-e223-439a-99f8-c8805bb4ecdd,f6530876-b5dc-42e2-b2fb-aee95ac83be0,30,40ce4760-c6a9-4be9-b2c7-fbf67a2a316e,30,a54cf3ef-aabf-4c07-a611-f297ee78136e,,0.30,2026-01-17 14:04:23.157988+00,
179c87cb-1242-4fa2-9c00-6a5fd95ced7f,35364217-e223-439a-99f8-c8805bb4ecdd,f6530876-b5dc-42e2-b2fb-aee95ac83be0,42,40ce4760-c6a9-4be9-b2c7-fbf67a2a316e,42,a54cf3ef-aabf-4c07-a611-f297ee78136e,,0.30,2026-01-17 14:05:23.640122+00,
17d1fb9f-675d-4be0-94b4-86ebceb7d42b,35364217-e223-439a-99f8-c8805bb4ecdd,f6530876-b5dc-42e2-b2fb-aee95ac83be0,33,40ce4760-c6a9-4be9-b2c7-fbf67a2a316e,33,a54cf3ef-aabf-4c07-a611-f297ee78136e,,0.30,2026-01-17 14:04:34.465093+00,
1e46ff39-191e-4967-8f1f-ccf0aa0cc56d,35364217-e223-439a-99f8-c8805bb4ecdd,f6530876-b5dc-42e2-b2fb-aee95ac83be0,15,40ce4760-c6a9-4be9-b2c7-fbf67a2a316e,15,a54cf3ef-aabf-4c07-a611-f297ee78136e,,0.30,2026-01-17 14:02:59.633348+00,
282cc214-3de9-453a-aabd-84e360b319a4,35364217-e223-439a-99f8-c8805bb4ecdd,f6530876-b5dc-42e2-b2fb-aee95ac83be0,12,40ce4760-c6a9-4be9-b2c7-fbf67a2a316e,12,a54cf3ef-aabf-4c07-a611-f297ee78136e,,0.30,2026-01-17 14:02:48.506703+00,
2833459a-c32b-4e14-9cdf-69efd255fe36,35364217-e223-439a-99f8-c8805bb4ecdd,f6530876-b5dc-42e2-b2fb-aee95ac83be0,47,40ce4760-c6a9-4be9-b2c7-fbf67a2a316e,47,a54cf3ef-aabf-4c07-a611-f297ee78136e,,0.30,2026-01-17 14:05:45.411086+00,
2d8e9e08-6ffa-4aa7-9ecd-0f369f16c927,35364217-e223-439a-99f8-c8805bb4ecdd,f6530876-b5dc-42e2-b2fb-aee95ac83be0,1,40ce4760-c6a9-4be9-b2c7-fbf67a2a316e,1,a54cf3ef-aabf-4c07-a611-f297ee78136e,,0.30,2026-01-17 14:00:34.828855+00,
2e1175bd-5bfc-49b7-adb3-f703337412e8,35364217-e223-439a-99f8-c8805bb4ecdd,f6530876-b5dc-42e2-b2fb-aee95ac83be0,85,1e5f7dff-64e4-4962-96ed-1a7b079eab78,1,a54cf3ef-aabf-4c07-a611-f297ee78136e,,0.30,2026-01-15 12:16:30.071585+00,
338459b1-8331-4eb8-9c75-962498148eb2,df941607-d4ed-481f-abd5-b2e66a566833,ef584a65-8dcf-4fe0-bfea-e3a982aa76b6,1,7dc53172-93fc-47ed-b456-0aefc6fc54a3,1,a54cf3ef-aabf-4c07-a611-f297ee78136e,,0.30,2025-12-30 09:13:30.511503+00,
33f12fbf-492d-42cd-ac8b-b901fe5c0375,35364217-e223-439a-99f8-c8805bb4ecdd,f6530876-b5dc-42e2-b2fb-aee95ac83be0,92,1e5f7dff-64e4-4962-96ed-1a7b079eab78,8,a54cf3ef-aabf-4c07-a611-f297ee78136e,,0.30,2026-01-15 12:18:55.604831+00,
3b31b475-d8fe-4e3c-a9b6-6f6a942d9fe3,35364217-e223-439a-99f8-c8805bb4ecdd,f6530876-b5dc-42e2-b2fb-aee95ac83be0,7,40ce4760-c6a9-4be9-b2c7-fbf67a2a316e,7,a54cf3ef-aabf-4c07-a611-f297ee78136e,,0.30,2026-01-17 14:02:10.267538+00,
40282191-c00b-4ce9-8835-89452c376b10,35364217-e223-439a-99f8-c8805bb4ecdd,f6530876-b5dc-42e2-b2fb-aee95ac83be0,20,40ce4760-c6a9-4be9-b2c7-fbf67a2a316e,20,a54cf3ef-aabf-4c07-a611-f297ee78136e,,0.30,2026-01-17 14:03:27.661858+00,
4325b37f-fbb2-4d8b-aa84-8a34871c4ea9,35364217-e223-439a-99f8-c8805bb4ecdd,f6530876-b5dc-42e2-b2fb-aee95ac83be0,4,40ce4760-c6a9-4be9-b2c7-fbf67a2a316e,4,a54cf3ef-aabf-4c07-a611-f297ee78136e,,0.30,2026-01-17 14:01:57.207925+00,
46100d39-d330-4ed9-8be5-e478696f92e4,35364217-e223-439a-99f8-c8805bb4ecdd,f6530876-b5dc-42e2-b2fb-aee95ac83be0,96,1e5f7dff-64e4-4962-96ed-1a7b079eab78,12,a54cf3ef-aabf-4c07-a611-f297ee78136e,,0.30,2026-01-15 12:21:03.409333+00,
48b8c77e-c26b-465d-b259-c6ed4da49a53,35364217-e223-439a-99f8-c8805bb4ecdd,f6530876-b5dc-42e2-b2fb-aee95ac83be0,32,40ce4760-c6a9-4be9-b2c7-fbf67a2a316e,32,a54cf3ef-aabf-4c07-a611-f297ee78136e,,0.30,2026-01-17 14:04:30.90562+00,
4ce3986f-a47c-4d70-9351-a36c050aa0bc,35364217-e223-439a-99f8-c8805bb4ecdd,f6530876-b5dc-42e2-b2fb-aee95ac83be0,26,40ce4760-c6a9-4be9-b2c7-fbf67a2a316e,26,a54cf3ef-aabf-4c07-a611-f297ee78136e,,0.30,2026-01-17 14:04:01.091235+00,
4e95cd3f-a1ff-4a40-bdb1-3fbd23addb0f,35364217-e223-439a-99f8-c8805bb4ecdd,f6530876-b5dc-42e2-b2fb-aee95ac83be0,62,1e5f7dff-64e4-4962-96ed-1a7b079eab78,14,a54cf3ef-aabf-4c07-a611-f297ee78136e,,0.30,2026-01-15 12:21:35.26634+00,
5149554c-247d-4dd4-8ba3-2ae23644c325,35364217-e223-439a-99f8-c8805bb4ecdd,f6530876-b5dc-42e2-b2fb-aee95ac83be0,95,1e5f7dff-64e4-4962-96ed-1a7b079eab78,11,a54cf3ef-aabf-4c07-a611-f297ee78136e,,0.30,2026-01-15 12:20:59.107466+00,
5539c635-4124-4e17-a67c-2b87df8fe6d1,35364217-e223-439a-99f8-c8805bb4ecdd,f6530876-b5dc-42e2-b2fb-aee95ac83be0,27,40ce4760-c6a9-4be9-b2c7-fbf67a2a316e,27,a54cf3ef-aabf-4c07-a611-f297ee78136e,,0.30,2026-01-17 14:04:04.952331+00,
58096fbe-a353-400e-8d82-86093d354918,35364217-e223-439a-99f8-c8805bb4ecdd,f6530876-b5dc-42e2-b2fb-aee95ac83be0,21,40ce4760-c6a9-4be9-b2c7-fbf67a2a316e,21,a54cf3ef-aabf-4c07-a611-f297ee78136e,,0.30,2026-01-17 14:03:31.958737+00,
5de4fdd0-1f03-438b-8288-390531e854c3,35364217-e223-439a-99f8-c8805bb4ecdd,f6530876-b5dc-42e2-b2fb-aee95ac83be0,2,40ce4760-c6a9-4be9-b2c7-fbf67a2a316e,2,a54cf3ef-aabf-4c07-a611-f297ee78136e,,0.30,2026-01-17 14:01:47.761857+00,
60ce84cc-f90d-4691-8f94-b2b5e7c3b9b2,35364217-e223-439a-99f8-c8805bb4ecdd,f6530876-b5dc-42e2-b2fb-aee95ac83be0,22,40ce4760-c6a9-4be9-b2c7-fbf67a2a316e,22,a54cf3ef-aabf-4c07-a611-f297ee78136e,,0.30,2026-01-17 14:03:36.043652+00,
60ee9686-e660-4fd6-8453-6f6a576f8240,35364217-e223-439a-99f8-c8805bb4ecdd,f6530876-b5dc-42e2-b2fb-aee95ac83be0,11,40ce4760-c6a9-4be9-b2c7-fbf67a2a316e,11,a54cf3ef-aabf-4c07-a611-f297ee78136e,,0.30,2026-01-17 14:02:44.447549+00,
6147a48b-ef4c-4c2b-a5ef-236136a809f8,df941607-d4ed-481f-abd5-b2e66a566833,20c5655d-fc0e-4807-92b1-0308e95d27c4,1,ef584a65-8dcf-4fe0-bfea-e3a982aa76b6,3,a54cf3ef-aabf-4c07-a611-f297ee78136e,,0.30,2025-12-30 09:15:15.535206+00,
61e85d5b-4f5b-4371-9c33-1e4704787fe3,df941607-d4ed-481f-abd5-b2e66a566833,7dc53172-93fc-47ed-b456-0aefc6fc54a3,4,20c5655d-fc0e-4807-92b1-0308e95d27c4,4,a54cf3ef-aabf-4c07-a611-f297ee78136e,,0.30,2025-12-30 09:15:55.613524+00,
68aea191-5482-4e92-a119-32b322e1b5fb,35364217-e223-439a-99f8-c8805bb4ecdd,f6530876-b5dc-42e2-b2fb-aee95ac83be0,29,40ce4760-c6a9-4be9-b2c7-fbf67a2a316e,29,a54cf3ef-aabf-4c07-a611-f297ee78136e,,0.30,2026-01-17 14:04:12.444199+00,
774a9d3f-f9b2-42c2-a4aa-90fd28911364,35364217-e223-439a-99f8-c8805bb4ecdd,f6530876-b5dc-42e2-b2fb-aee95ac83be0,8,40ce4760-c6a9-4be9-b2c7-fbf67a2a316e,8,a54cf3ef-aabf-4c07-a611-f297ee78136e,,0.30,2026-01-17 14:02:16.40612+00,
7e1eafbd-6555-4121-9698-7fb79dc4f017,35364217-e223-439a-99f8-c8805bb4ecdd,f6530876-b5dc-42e2-b2fb-aee95ac83be0,24,40ce4760-c6a9-4be9-b2c7-fbf67a2a316e,24,a54cf3ef-aabf-4c07-a611-f297ee78136e,,0.30,2026-01-17 14:03:43.691403+00,
813667f0-30ce-4254-b9b5-03bf5af4b603,35364217-e223-439a-99f8-c8805bb4ecdd,f6530876-b5dc-42e2-b2fb-aee95ac83be0,93,1e5f7dff-64e4-4962-96ed-1a7b079eab78,9,a54cf3ef-aabf-4c07-a611-f297ee78136e,,0.30,2026-01-15 12:19:00.642396+00,
8249d971-84a6-4ae9-ac0a-363c8916790f,35364217-e223-439a-99f8-c8805bb4ecdd,f6530876-b5dc-42e2-b2fb-aee95ac83be0,13,40ce4760-c6a9-4be9-b2c7-fbf67a2a316e,13,a54cf3ef-aabf-4c07-a611-f297ee78136e,,0.30,2026-01-17 14:02:52.226878+00,
826a4931-9b3d-4233-bcfe-ae7b01d92240,35364217-e223-439a-99f8-c8805bb4ecdd,f6530876-b5dc-42e2-b2fb-aee95ac83be0,65,1e5f7dff-64e4-4962-96ed-1a7b079eab78,17,a54cf3ef-aabf-4c07-a611-f297ee78136e,,0.30,2026-01-15 12:21:49.869673+00,
83f8abe2-4cdb-4cdd-9818-cf731a0f1adc,35364217-e223-439a-99f8-c8805bb4ecdd,f6530876-b5dc-42e2-b2fb-aee95ac83be0,39,40ce4760-c6a9-4be9-b2c7-fbf67a2a316e,39,a54cf3ef-aabf-4c07-a611-f297ee78136e,,0.30,2026-01-17 14:05:06.114709+00,
843d3993-2c3d-41d5-89e8-9befdba4f0b3,35364217-e223-439a-99f8-c8805bb4ecdd,f6530876-b5dc-42e2-b2fb-aee95ac83be0,46,40ce4760-c6a9-4be9-b2c7-fbf67a2a316e,46,a54cf3ef-aabf-4c07-a611-f297ee78136e,,0.30,2026-01-17 14:05:41.845009+00,
84e35ba4-8802-4150-a83a-963b6a144e84,35364217-e223-439a-99f8-c8805bb4ecdd,f6530876-b5dc-42e2-b2fb-aee95ac83be0,45,40ce4760-c6a9-4be9-b2c7-fbf67a2a316e,45,a54cf3ef-aabf-4c07-a611-f297ee78136e,,0.30,2026-01-17 14:05:35.330647+00,
8d9ac176-9635-4adf-9c48-e007cb72ce68,35364217-e223-439a-99f8-c8805bb4ecdd,f6530876-b5dc-42e2-b2fb-aee95ac83be0,16,40ce4760-c6a9-4be9-b2c7-fbf67a2a316e,16,a54cf3ef-aabf-4c07-a611-f297ee78136e,,0.30,2026-01-17 14:03:03.819049+00,
8deb3014-0c77-4a8d-93df-9766ccb6d4a6,35364217-e223-439a-99f8-c8805bb4ecdd,f6530876-b5dc-42e2-b2fb-aee95ac83be0,34,40ce4760-c6a9-4be9-b2c7-fbf67a2a316e,34,a54cf3ef-aabf-4c07-a611-f297ee78136e,,0.30,2026-01-17 14:04:46.988888+00,
9882d1ee-2dfb-4d77-91cc-a04300320c94,35364217-e223-439a-99f8-c8805bb4ecdd,f6530876-b5dc-42e2-b2fb-aee95ac83be0,72,1e5f7dff-64e4-4962-96ed-1a7b079eab78,24,a54cf3ef-aabf-4c07-a611-f297ee78136e,,0.30,2026-01-15 12:22:21.991569+00,
9a59e715-3add-462f-ab3f-4403eace511e,35364217-e223-439a-99f8-c8805bb4ecdd,f6530876-b5dc-42e2-b2fb-aee95ac83be0,70,1e5f7dff-64e4-4962-96ed-1a7b079eab78,22,a54cf3ef-aabf-4c07-a611-f297ee78136e,,0.30,2026-01-15 12:22:12.050481+00,
a58ff3dd-eda1-4e4d-8de5-32138ede524f,35364217-e223-439a-99f8-c8805bb4ecdd,f6530876-b5dc-42e2-b2fb-aee95ac83be0,61,1e5f7dff-64e4-4962-96ed-1a7b079eab78,13,a54cf3ef-aabf-4c07-a611-f297ee78136e,,0.30,2026-01-15 12:21:30.999292+00,
a5f88b34-8c85-4642-a730-8a6749023126,35364217-e223-439a-99f8-c8805bb4ecdd,f6530876-b5dc-42e2-b2fb-aee95ac83be0,94,1e5f7dff-64e4-4962-96ed-1a7b079eab78,10,a54cf3ef-aabf-4c07-a611-f297ee78136e,,0.30,2026-01-15 12:20:54.600849+00,
a98b21d5-e240-4421-b52e-c7ffafd1cb77,35364217-e223-439a-99f8-c8805bb4ecdd,f6530876-b5dc-42e2-b2fb-aee95ac83be0,36,40ce4760-c6a9-4be9-b2c7-fbf67a2a316e,36,a54cf3ef-aabf-4c07-a611-f297ee78136e,,0.30,2026-01-17 14:04:54.745193+00,
afffa51c-65ac-41c9-bfa1-9ebe85f73562,35364217-e223-439a-99f8-c8805bb4ecdd,f6530876-b5dc-42e2-b2fb-aee95ac83be0,66,1e5f7dff-64e4-4962-96ed-1a7b079eab78,18,a54cf3ef-aabf-4c07-a611-f297ee78136e,,0.30,2026-01-15 12:21:54.392697+00,
b5c50cb0-11da-4afb-91cb-8c2752a6b1ee,35364217-e223-439a-99f8-c8805bb4ecdd,f6530876-b5dc-42e2-b2fb-aee95ac83be0,87,1e5f7dff-64e4-4962-96ed-1a7b079eab78,3,a54cf3ef-aabf-4c07-a611-f297ee78136e,,0.30,2026-01-15 12:16:45.994119+00,
b6de68b9-8fd4-4a86-aab5-65c90ee0a043,35364217-e223-439a-99f8-c8805bb4ecdd,f6530876-b5dc-42e2-b2fb-aee95ac83be0,14,40ce4760-c6a9-4be9-b2c7-fbf67a2a316e,14,a54cf3ef-aabf-4c07-a611-f297ee78136e,,0.30,2026-01-17 14:02:56.156571+00,
ba2b10cd-3fa7-4510-af23-4ac33a0cfdef,35364217-e223-439a-99f8-c8805bb4ecdd,f6530876-b5dc-42e2-b2fb-aee95ac83be0,89,1e5f7dff-64e4-4962-96ed-1a7b079eab78,5,a54cf3ef-aabf-4c07-a611-f297ee78136e,,0.30,2026-01-15 12:18:41.42633+00,
bfb5fe63-d389-4d7a-92d2-17697df9c250,35364217-e223-439a-99f8-c8805bb4ecdd,f6530876-b5dc-42e2-b2fb-aee95ac83be0,64,1e5f7dff-64e4-4962-96ed-1a7b079eab78,16,a54cf3ef-aabf-4c07-a611-f297ee78136e,,0.30,2026-01-15 12:21:46.050738+00,
c18bffd2-f1fb-4a88-8ca8-a69beedc4fbf,35364217-e223-439a-99f8-c8805bb4ecdd,f6530876-b5dc-42e2-b2fb-aee95ac83be0,19,40ce4760-c6a9-4be9-b2c7-fbf67a2a316e,19,a54cf3ef-aabf-4c07-a611-f297ee78136e,,0.30,2026-01-17 14:03:23.734995+00,
c5967e64-57d0-405e-b860-3d6ce3604831,35364217-e223-439a-99f8-c8805bb4ecdd,f6530876-b5dc-42e2-b2fb-aee95ac83be0,91,1e5f7dff-64e4-4962-96ed-1a7b079eab78,7,a54cf3ef-aabf-4c07-a611-f297ee78136e,,0.30,2026-01-15 12:18:50.638896+00,
c5ab66e0-1b50-4adc-968e-249d29227e7c,df941607-d4ed-481f-abd5-b2e66a566833,ef584a65-8dcf-4fe0-bfea-e3a982aa76b6,2,7dc53172-93fc-47ed-b456-0aefc6fc54a3,2,a54cf3ef-aabf-4c07-a611-f297ee78136e,,0.30,2025-12-30 09:13:39.645127+00,
c7d85e28-d504-423c-b306-08eda57b4d24,35364217-e223-439a-99f8-c8805bb4ecdd,f6530876-b5dc-42e2-b2fb-aee95ac83be0,48,40ce4760-c6a9-4be9-b2c7-fbf67a2a316e,48,a54cf3ef-aabf-4c07-a611-f297ee78136e,,0.30,2026-01-17 14:05:49.15416+00,
cf2cb5cb-6e5d-489d-ab9c-26cae3b95ed5,35364217-e223-439a-99f8-c8805bb4ecdd,f6530876-b5dc-42e2-b2fb-aee95ac83be0,5,40ce4760-c6a9-4be9-b2c7-fbf67a2a316e,5,a54cf3ef-aabf-4c07-a611-f297ee78136e,,0.30,2026-01-17 14:02:01.719018+00,
d1b4d411-c683-482e-aef9-575f59dea701,35364217-e223-439a-99f8-c8805bb4ecdd,f6530876-b5dc-42e2-b2fb-aee95ac83be0,28,40ce4760-c6a9-4be9-b2c7-fbf67a2a316e,28,a54cf3ef-aabf-4c07-a611-f297ee78136e,,0.30,2026-01-17 14:04:08.733674+00,
d51430f7-ac83-4cc4-af9b-89b1f6ed6504,35364217-e223-439a-99f8-c8805bb4ecdd,f6530876-b5dc-42e2-b2fb-aee95ac83be0,71,1e5f7dff-64e4-4962-96ed-1a7b079eab78,23,a54cf3ef-aabf-4c07-a611-f297ee78136e,,0.30,2026-01-15 12:22:17.825107+00,
d9e3bf99-b709-4e69-a421-7ec78c5e7e46,35364217-e223-439a-99f8-c8805bb4ecdd,f6530876-b5dc-42e2-b2fb-aee95ac83be0,68,1e5f7dff-64e4-4962-96ed-1a7b079eab78,20,a54cf3ef-aabf-4c07-a611-f297ee78136e,,0.30,2026-01-15 12:22:03.46094+00,
da4b0880-a8d0-44cf-b91e-40c680614fdd,35364217-e223-439a-99f8-c8805bb4ecdd,f6530876-b5dc-42e2-b2fb-aee95ac83be0,41,40ce4760-c6a9-4be9-b2c7-fbf67a2a316e,41,a54cf3ef-aabf-4c07-a611-f297ee78136e,,0.30,2026-01-17 14:05:20.121121+00,
db141782-826b-423f-a1af-6990bf34a1ae,35364217-e223-439a-99f8-c8805bb4ecdd,f6530876-b5dc-42e2-b2fb-aee95ac83be0,90,1e5f7dff-64e4-4962-96ed-1a7b079eab78,6,a54cf3ef-aabf-4c07-a611-f297ee78136e,,0.30,2026-01-15 12:18:46.111744+00,
dca093bd-add7-4c21-9701-9223c8a7e4dd,35364217-e223-439a-99f8-c8805bb4ecdd,f6530876-b5dc-42e2-b2fb-aee95ac83be0,10,40ce4760-c6a9-4be9-b2c7-fbf67a2a316e,10,a54cf3ef-aabf-4c07-a611-f297ee78136e,,0.30,2026-01-17 14:02:39.282452+00,
dfcdd911-51a0-47d7-9710-2dda46d1eb8d,35364217-e223-439a-99f8-c8805bb4ecdd,f6530876-b5dc-42e2-b2fb-aee95ac83be0,43,40ce4760-c6a9-4be9-b2c7-fbf67a2a316e,43,a54cf3ef-aabf-4c07-a611-f297ee78136e,,0.30,2026-01-17 14:05:27.228534+00,
e224f6b3-95dd-4877-b146-e86f64d04ee4,35364217-e223-439a-99f8-c8805bb4ecdd,f6530876-b5dc-42e2-b2fb-aee95ac83be0,35,40ce4760-c6a9-4be9-b2c7-fbf67a2a316e,35,a54cf3ef-aabf-4c07-a611-f297ee78136e,,0.30,2026-01-17 14:04:50.844922+00,
e339853f-6045-4ee9-819a-1d170c9723e9,35364217-e223-439a-99f8-c8805bb4ecdd,f6530876-b5dc-42e2-b2fb-aee95ac83be0,23,40ce4760-c6a9-4be9-b2c7-fbf67a2a316e,23,a54cf3ef-aabf-4c07-a611-f297ee78136e,,0.30,2026-01-17 14:03:40.06073+00,
e5656b89-aff7-43a3-bc68-696761b49b4b,35364217-e223-439a-99f8-c8805bb4ecdd,f6530876-b5dc-42e2-b2fb-aee95ac83be0,37,40ce4760-c6a9-4be9-b2c7-fbf67a2a316e,37,a54cf3ef-aabf-4c07-a611-f297ee78136e,,0.30,2026-01-17 14:04:58.160407+00,
e5ff0065-a1f8-4f4d-8ba1-e98710383cbd,35364217-e223-439a-99f8-c8805bb4ecdd,f6530876-b5dc-42e2-b2fb-aee95ac83be0,3,40ce4760-c6a9-4be9-b2c7-fbf67a2a316e,3,a54cf3ef-aabf-4c07-a611-f297ee78136e,,0.30,2026-01-17 14:01:52.630252+00,
e83fe5e0-c4b2-46d3-8036-d3b7f2ee302f,35364217-e223-439a-99f8-c8805bb4ecdd,f6530876-b5dc-42e2-b2fb-aee95ac83be0,67,1e5f7dff-64e4-4962-96ed-1a7b079eab78,19,a54cf3ef-aabf-4c07-a611-f297ee78136e,,0.30,2026-01-15 12:21:58.994274+00,
e86cc0ce-561e-4609-b78d-c9c081ed6026,df941607-d4ed-481f-abd5-b2e66a566833,7dc53172-93fc-47ed-b456-0aefc6fc54a3,3,20c5655d-fc0e-4807-92b1-0308e95d27c4,3,a54cf3ef-aabf-4c07-a611-f297ee78136e,,0.30,2025-12-30 09:15:51.167544+00,
e9d6801b-5254-4da4-8892-3682cfeac700,35364217-e223-439a-99f8-c8805bb4ecdd,f6530876-b5dc-42e2-b2fb-aee95ac83be0,88,1e5f7dff-64e4-4962-96ed-1a7b079eab78,4,a54cf3ef-aabf-4c07-a611-f297ee78136e,,0.30,2026-01-15 12:16:53.044967+00,
eba47f6d-e240-4ce8-9baf-e42a435401e7,35364217-e223-439a-99f8-c8805bb4ecdd,f6530876-b5dc-42e2-b2fb-aee95ac83be0,6,40ce4760-c6a9-4be9-b2c7-fbf67a2a316e,6,a54cf3ef-aabf-4c07-a611-f297ee78136e,,0.30,2026-01-17 14:02:06.047947+00,
ebc6bd60-90ca-494f-8fec-395de23319d8,df941607-d4ed-481f-abd5-b2e66a566833,20c5655d-fc0e-4807-92b1-0308e95d27c4,2,ef584a65-8dcf-4fe0-bfea-e3a982aa76b6,5,a54cf3ef-aabf-4c07-a611-f297ee78136e,,0.30,2025-12-30 09:15:26.637898+00,
f125d3e0-f0e0-4b12-9d5f-83f1e32db550,35364217-e223-439a-99f8-c8805bb4ecdd,f6530876-b5dc-42e2-b2fb-aee95ac83be0,38,40ce4760-c6a9-4be9-b2c7-fbf67a2a316e,38,a54cf3ef-aabf-4c07-a611-f297ee78136e,,0.30,2026-01-17 14:05:01.958852+00,
f8cf879c-a979-455c-849d-3c53277456bf,35364217-e223-439a-99f8-c8805bb4ecdd,f6530876-b5dc-42e2-b2fb-aee95ac83be0,9,40ce4760-c6a9-4be9-b2c7-fbf67a2a316e,9,a54cf3ef-aabf-4c07-a611-f297ee78136e,,0.30,2026-01-17 14:02:21.971755+00,
faa472e4-e5c4-4da2-89c7-fe24135856b4,35364217-e223-439a-99f8-c8805bb4ecdd,f6530876-b5dc-42e2-b2fb-aee95ac83be0,25,40ce4760-c6a9-4be9-b2c7-fbf67a2a316e,25,a54cf3ef-aabf-4c07-a611-f297ee78136e,,0.30,2026-01-17 14:03:47.966619+00,
fdb1cce3-9333-4a31-8456-c53441228e65,35364217-e223-439a-99f8-c8805bb4ecdd,f6530876-b5dc-42e2-b2fb-aee95ac83be0,40,40ce4760-c6a9-4be9-b2c7-fbf67a2a316e,40,a54cf3ef-aabf-4c07-a611-f297ee78136e,,0.30,2026-01-17 14:05:09.543037+00,
fdc00c78-1191-47f8-8cd9-6332ee038467,35364217-e223-439a-99f8-c8805bb4ecdd,f6530876-b5dc-42e2-b2fb-aee95ac83be0,31,40ce4760-c6a9-4be9-b2c7-fbf67a2a316e,31,a54cf3ef-aabf-4c07-a611-f297ee78136e,,0.30,2026-01-17 14:04:26.970342+00,
fe169512-7292-4870-9e56-250efe25610c,35364217-e223-439a-99f8-c8805bb4ecdd,f6530876-b5dc-42e2-b2fb-aee95ac83be0,17,40ce4760-c6a9-4be9-b2c7-fbf67a2a316e,17,a54cf3ef-aabf-4c07-a611-f297ee78136e,,0.30,2026-01-17 14:03:07.657951+00,