id,name,ring_id,start_node_id,end_node_id,source_system_id,source_port,destination_system_id,destination_port,status,created_at,updated_at
023917a3-9e31-4e9f-86c3-86b5b37aceb2,B_005: GOBINDAPUR B2 -> JULPIA B1,f87142f9-af0c-4922-b29c-a86f18eea9ae,badf80cb-ccc2-47f9-8dc4-82e32733b251,f9ff6e66-4926-4fda-a275-9671f294e925,dd6b2686-0d45-4bc7-97ff-8da1cf1ae118,4.1,f48c22d7-e745-4a15-886a-b0e962071ce7,4.1,configured,2026-01-07 08:11:32.130791+00,2026-01-07 08:19:15.623361+00
04422bba-e44a-40c4-a08b-1529800e0a47,B_047: BARUIPUR -> GOBINDAPUR,b4d50f1c-e069-498f-80e7-5fe16ae60dce,b5bfbef5-356c-499b-ad2b-351b7ed6a845,badf80cb-ccc2-47f9-8dc4-82e32733b251,f3c35045-7ae4-4f84-92fa-4e3adad52686,3.1,dd6b2686-0d45-4bc7-97ff-8da1cf1ae118,5.1,configured,2026-01-05 08:10:20.033645+00,2026-01-05 08:12:06.528538+00
04bad17e-db21-41ac-8579-705ce706b973,HNV-06: BARUIPUR -> Baruipur Phultala BTS,6d920c57-cfda-48b3-842c-5598acc0f55c,b5bfbef5-356c-499b-ad2b-351b7ed6a845,26784392-9af2-47eb-9171-bb0b5d96ee27,b057a5ce-0436-402f-90c6-b30d2f4ef00a,,103ed0b5-55e5-44b0-9f7f-63c72a582088,,unprovisioned,2026-01-05 10:25:04.805412+00,2026-01-05 10:25:04.805412+00
08d894d7-710b-402f-9445-d181fcf31550,A-0327: BAISHNABGHATA B1 -> JADAVPUR B2,2ca8c4e6-bd3a-4b0d-969d-015b5627af01,a9ca2596-ae80-4c6b-92f1-b197e98dcaea,41355205-b6db-4d38-bebf-9f0cf2998f64,01009cb5-b28b-4237-8e29-bbda28bf3cc9,3.1,af1cabd1-238b-4bca-bae4-5acdf839438f,5.1,configured,2026-01-06 10:37:41.075116+00,2026-01-06 10:40:34.804134+00
0a9f5a46-5331-4cb6-8b21-18c1e9f15668,A_008: JOGIBARTALA BTS -> GOBINDAPUR,f718be7a-6b42-4cd3-8161-1abf795a61f5,dea33be8-45f3-4823-9366-654f63ba67f2,badf80cb-ccc2-47f9-8dc4-82e32733b251,0300401d-2969-4703-9bc8-0a1b41f7add3,2.5,dd6b2686-0d45-4bc7-97ff-8da1cf1ae118,3.2,configured,2026-01-06 05:25:30.926933+00,2026-01-06 05:28:14.688051+00
0b1f163c-f8ed-4027-b50f-310e7dca4eec,A-0299: SHERWOOD -> KAMALGAZI BTS,817d3f30-65b2-4c66-92b3-9698fd43d009,859ee42c-40de-4e16-ac9b-084075953311,abfa36d3-d0ed-486e-8f97-62651f7a9b9e,d936b53e-7ccb-4319-9e56-8bd072b9b257,2.5,4b66d440-d94d-4f6e-964c-787d1abd464e,4.4,configured,2026-01-06 09:26:22.413404+00,2026-01-06 09:30:34.309382+00
0c2192d8-1df0-482f-9803-5253e8bf3063,A_008: HNV PCM 1ST FLOOR -> KODALIA BTS,f718be7a-6b42-4cd3-8161-1abf795a61f5,45f1a024-b36f-465a-8896-125399380cb6,e56848ea-3c3a-4925-b20c-bc5ca60bec5b,6e5cca5f-9516-4264-811b-309d17a29b6a,4.2,3e5f8e29-0b30-46e5-95c8-4c70318c4b3f,1.5,configured,2026-01-06 05:25:30.926933+00,2026-01-06 05:26:10.291702+00
0eac7b26-647b-47cd-9b7a-da30114d04cc,HNV-01 (Spur): GOBINDAPUR BTS -> SOUTH GOBINDAPUR BTS,d95f0c5e-10b5-4657-a6b2-2b894c6c5b08,3d9eeaab-d37e-404f-aa62-c8c7a75467b5,7cfda4ed-503a-4400-97bc-89740b0b020d,fff0aa00-9549-4855-9936-96c96a656483,P1,7dbe65d3-10d6-490c-b64e-fa6793fc3770,,configured,2026-01-05 16:31:15.017499+00,2026-01-05 16:53:34.418746+00
1025d369-aab1-471e-8637-dc2ebac88594,HNV-02 (Spur): BARUIPUR II BTS -> MAHINAGAR II BTS,d8836bb7-2f9c-484f-89ef-6d5cd6f4f51c,3101bd5e-0fac-4546-8e79-2b18ff0fd35e,f949405f-472a-4a3b-bc79-8b4b18296212,5fce59b4-9b0f-4741-91e8-d0a623999328,P1,e926410c-e258-44f2-96c2-53c66a0ed5a1,,configured,2026-01-05 07:17:30.654644+00,2026-01-05 07:24:24.745452+00
164babed-7f88-45a9-bc75-70fa57338ef6,A_0076 : HNV PCM 1ST FLOOR -> SHALIMAR CHEMICAL BTS,f2b99723-5156-46f5-91c6-d0142c735826,45f1a024-b36f-465a-8896-125399380cb6,b1ba7120-8b78-4897-b040-faa5e5620c96,6e5cca5f-9516-4264-811b-309d17a29b6a,4.3,eecca086-c25f-4671-afa5-131b7b9352e3,1.5,configured,2026-01-06 06:15:27.258465+00,2026-01-06 06:15:58.634082+00
16c04b7a-c3a4-45bf-9552-89426e03545f,A-0296: SONARPUR -> KAMALGAZI BTS,c1be0cf8-7445-401c-93db-99edc776dfc7,4dd05c04-dddb-44df-ab90-0b95b3ee5f11,abfa36d3-d0ed-486e-8f97-62651f7a9b9e,ce047b30-33c8-425b-b500-5b33e043bf9c,4.1,4b66d440-d94d-4f6e-964c-787d1abd464e,5.1,configured,2026-01-06 07:58:17.286296+00,2026-01-06 08:23:50.302505+00
1757b402-7357-4344-83e2-49fd6c060510,A_008: GOBINDAPUR -> HNV PCM 1ST FLOOR,f718be7a-6b42-4cd3-8161-1abf795a61f5,badf80cb-ccc2-47f9-8dc4-82e32733b251,45f1a024-b36f-465a-8896-125399380cb6,dd6b2686-0d45-4bc7-97ff-8da1cf1ae118,3.1,6e5cca5f-9516-4264-811b-309d17a29b6a,3.1,configured,2026-01-06 05:25:30.926933+00,2026-01-06 05:29:33.943579+00
1bffb3b0-2e36-4a84-b644-8edb256fcefd,HNV-02: JOGIBARTALA BTS -> BARUIPUR,d8836bb7-2f9c-484f-89ef-6d5cd6f4f51c,dea33be8-45f3-4823-9366-654f63ba67f2,b5bfbef5-356c-499b-ad2b-351b7ed6a845,ab74d1ab-3c8e-4e6a-bf22-cf4d8ee2c270,P2,b057a5ce-0436-402f-90c6-b30d2f4ef00a,ETH-1-1-4,configured,2026-01-05 07:17:30.654644+00,2026-01-05 07:21:52.72014+00
1d7ca809-49f0-4067-afbd-6d242f0423a8,A-0327: GARIA ROU A1 -> HHC A1,2ca8c4e6-bd3a-4b0d-969d-015b5627af01,09fa1396-5351-4c2b-a049-61e771f054c1,781a30c9-f5db-4af4-ac1d-f279ad2eff80,50a0261a-efb9-440f-b5db-64eb9a37ec6a,2.5,d7a4479f-4dd9-4b95-a9f6-00876b3e67ad,1.5,configured,2026-01-06 10:37:41.075116+00,2026-01-06 10:39:02.171313+00
1decf823-3a46-432d-832b-3224c2f14aa8,A-0397: BARUIPUR NODE 4 A1 -> BARUIPUR NODE 3 A1,87ab0dde-5f5c-4fdb-a673-ff841ffa18ca,b5bfbef5-356c-499b-ad2b-351b7ed6a845,b5bfbef5-356c-499b-ad2b-351b7ed6a845,883e61fd-1d85-4975-887b-ac0c25985d32,1.3,63c27efd-4ee5-4503-8865-96f9568c4175,1.4,configured,2026-01-07 08:58:36.758166+00,2026-01-07 08:59:47.907725+00
2a358483-9a3a-4291-8c59-28524e4ece84,A-0300: HNV PCM 1ST FLOOR -> BORAL,d58a9466-7ba3-4c11-9204-e4943580a0f0,45f1a024-b36f-465a-8896-125399380cb6,4655a834-c64f-48c8-90a0-6e4f9654acf1,09e5014e-8687-43a7-8feb-841dc4f73227,1.5,a3f1bd20-41d7-489a-ab31-dc8c3412e0f6,2.5,configured,2026-01-06 09:36:37.998839+00,2026-01-06 10:27:24.291127+00
2b3d41cc-242b-4966-9768-6c69d411f5d6,A-0397: BARUIPUR B1 -> BARUIPUR NODE 4 A1,87ab0dde-5f5c-4fdb-a673-ff841ffa18ca,b5bfbef5-356c-499b-ad2b-351b7ed6a845,b5bfbef5-356c-499b-ad2b-351b7ed6a845,f3c35045-7ae4-4f84-92fa-4e3adad52686,3.10,883e61fd-1d85-4975-887b-ac0c25985d32,1.4,configured,2026-01-07 08:58:36.758166+00,2026-01-07 08:58:59.463841+00
2d4cfc04-f949-436e-83a9-cf6dec51f7a8,HNV-05:SASAN BARUIPUR BTS-BARUIPUR,a36dd652-8850-4872-93f0-339e8d907754,3019cb42-9dca-4eaf-a349-2e4c0fae92e2,b5bfbef5-356c-499b-ad2b-351b7ed6a845,,,,,unprovisioned,2026-01-05 05:27:59.114974+00,2026-01-05 05:27:59.114974+00
2f5c36bb-41d1-4f27-8bb1-e6c32fdf449a," A_0075: KAMALGAZI B2 -> RAMCHANDRAPUR A1",4665c074-84ae-4afb-b192-1a898564af9e,abfa36d3-d0ed-486e-8f97-62651f7a9b9e,528017c7-b844-4b84-81e4-c9fa425ca540,4b66d440-d94d-4f6e-964c-787d1abd464e,3.6,0b8f17fe-a02b-4d69-b184-d9a40efa4981,2.6,configured,2026-01-06 11:42:03.458563+00,2026-01-06 11:42:31.877138+00
30f508c3-8e9b-4185-91c6-df9a57453f10," A_0075: JAGADDAL II A1 -> HARINAVI  NODE 7 A1",4665c074-84ae-4afb-b192-1a898564af9e,44d18876-f86b-4ecb-bdc7-a3905dab4690,45f1a024-b36f-465a-8896-125399380cb6,7a87a58e-2ab1-4195-8cea-46efd3da796a,1.5,c5db764c-f5d3-4c8f-aaa3-05a095ea008f,2.5,configured,2026-01-06 11:42:03.458563+00,2026-01-06 11:45:31.257955+00
361791a8-4a08-435b-b701-2d477aaea3f9,B_005: AMTALA B1 -> JOKA B1,f87142f9-af0c-4922-b29c-a86f18eea9ae,45fa1779-4232-476e-beb3-74becf4cbc95,f9ff6e66-4926-4fda-a275-9671f294e925,e0b1981c-d91a-4721-bf4b-5bc682b75952,3.1,cdd6bf4b-8a62-4844-8599-995792f2599f,4.1,configured,2026-01-07 08:11:32.130791+00,2026-01-07 08:21:43.937791+00
3b4aa61b-4f1d-4779-89b2-8c44383c89be,A_008: KODALIA BTS -> MAHINAGAR BTS,f718be7a-6b42-4cd3-8161-1abf795a61f5,e56848ea-3c3a-4925-b20c-bc5ca60bec5b,bea08e9f-79b4-43dd-8515-c57d82c2e1ee,3e5f8e29-0b30-46e5-95c8-4c70318c4b3f,2.5,4a7e333b-0290-49c7-afd0-347e00239d49,1.5,configured,2026-01-06 05:25:30.926933+00,2026-01-06 05:26:35.639739+00
439ad9f4-4d7f-45ed-978e-dcaf4e86e2de,HNV-05: BARUIPUR III BTS -> SASAN BARUIPUR BTS,a36dd652-8850-4872-93f0-339e8d907754,876847d1-9e49-4c81-9716-c3b188826ce1,3019cb42-9dca-4eaf-a349-2e4c0fae92e2,05687289-23bc-4264-b911-566fd95c2c4d,P5,0ee856f4-f52e-49fa-ad2c-fe0d9d201bec,P4,configured,2026-01-05 06:13:46.495359+00,2026-01-05 06:14:26.094569+00
46615ed8-418e-4958-b661-0ba747445762,A-0299: RK Mission -> SHERWOOD,817d3f30-65b2-4c66-92b3-9698fd43d009,376e5b44-4294-4b61-a411-2df818899fd0,859ee42c-40de-4e16-ac9b-084075953311,9cd28e45-f7dc-4935-8028-c69104d76d17,2.5,d936b53e-7ccb-4319-9e56-8bd072b9b257,1.5,configured,2026-01-06 09:26:22.413404+00,2026-01-06 09:30:13.824122+00
46bca947-07c5-4429-8d91-b9662f37aaf8,A_0075B: JAGADDAL II A1 -> HARINAVI  NODE 7 A1,19e0cbaf-8b50-4041-a318-73c09b10c15d,44d18876-f86b-4ecb-bdc7-a3905dab4690,45f1a024-b36f-465a-8896-125399380cb6,7a87a58e-2ab1-4195-8cea-46efd3da796a,1.5,c5db764c-f5d3-4c8f-aaa3-05a095ea008f,2.5,configured,2026-01-06 10:22:20.360856+00,2026-01-06 10:27:04.008401+00
47f2304f-88d6-4404-ba8c-6c6f09418a7b,HNV-01: KODALIA BTS -> MAHINAGAR BTS,d95f0c5e-10b5-4657-a6b2-2b894c6c5b08,e56848ea-3c3a-4925-b20c-bc5ca60bec5b,bea08e9f-79b4-43dd-8515-c57d82c2e1ee,706dff3d-77d9-43bc-81f5-accec8481a83,P4,d4e5ffca-ba06-4b20-9cd6-438763c636c1,P5,configured,2026-01-05 16:31:15.017499+00,2026-01-05 16:32:46.446894+00
4d2a4f61-9a72-4487-b9b3-f63ba83a687c,HNV-05:BARUIPUR-BARUIPUR III BTS,a36dd652-8850-4872-93f0-339e8d907754,b5bfbef5-356c-499b-ad2b-351b7ed6a845,876847d1-9e49-4c81-9716-c3b188826ce1,b057a5ce-0436-402f-90c6-b30d2f4ef00a,ETH-1-1-6,05687289-23bc-4264-b911-566fd95c2c4d,P2,configured,2026-01-05 05:27:59.114974+00,2026-01-05 05:31:33.214282+00
4d82f195-5082-48a1-a324-89d6dd0c30f2,A-0300: BORAL -> SUNNY SEASON,d58a9466-7ba3-4c11-9204-e4943580a0f0,4655a834-c64f-48c8-90a0-6e4f9654acf1,0f0b317e-1ab7-4e5c-8997-7024be4f5d70,a3f1bd20-41d7-489a-ab31-dc8c3412e0f6,1.5,1b05cc83-2fb9-4da8-8d4b-1dd775574f12,2.5,configured,2026-01-06 09:36:37.998839+00,2026-01-06 10:27:52.620665+00
4eb85ed4-f8fb-4a09-82d3-02cbbe3d578a,B_048:KAMALGAZI BTS-SONARPUR,8adc69bf-1306-48b3-8b40-f26540472805,abfa36d3-d0ed-486e-8f97-62651f7a9b9e,4dd05c04-dddb-44df-ab90-0b95b3ee5f11,4b66d440-d94d-4f6e-964c-787d1abd464e,6.1,ce047b30-33c8-425b-b500-5b33e043bf9c,4.1,configured,2026-01-04 15:00:47.354414+00,2026-01-04 15:17:37.083771+00
57814414-006d-4f10-9abe-be1a942be0f9,HNV-02: HNV PCM 1ST FLOOR -> BARUIPUR II BTS,d8836bb7-2f9c-484f-89ef-6d5cd6f4f51c,45f1a024-b36f-465a-8896-125399380cb6,3101bd5e-0fac-4546-8e79-2b18ff0fd35e,877d8e52-72d7-4e9c-9b76-ae634f5baa3c,ETH-1-1-12,5fce59b4-9b0f-4741-91e8-d0a623999328,P2,configured,2026-01-05 07:17:30.654644+00,2026-01-05 07:18:06.514089+00
59c90919-a4b1-4fd6-b6f2-a8a29e1fa8a5,HNV-06: Baruipur Phultala BTS -> PIYALI TOWN II BTS,6d920c57-cfda-48b3-842c-5598acc0f55c,26784392-9af2-47eb-9171-bb0b5d96ee27,5ff68e3d-96c7-41b7-a27e-53823346640a,103ed0b5-55e5-44b0-9f7f-63c72a582088,,ca1f33ec-f4b7-40bf-9489-f88ad877d980,,unprovisioned,2026-01-05 10:25:04.805412+00,2026-01-05 10:25:04.805412+00
59d222cb-cdd4-4224-b298-a7d364c96e72,B_048:SONARPUR-ABANTIPUR,8adc69bf-1306-48b3-8b40-f26540472805,4dd05c04-dddb-44df-ab90-0b95b3ee5f11,c56c403c-c441-49ff-bbdc-b6d36b364d0c,ce047b30-33c8-425b-b500-5b33e043bf9c,3.1,fd4b4fc8-03c0-40a7-b03c-aeb197f0c789,3.1,configured,2026-01-04 15:00:47.354414+00,2026-01-04 18:22:01.322461+00
5c5ed5f3-45aa-40b2-a4cb-47bf1914628c,HNV-01: GOBINDAPUR BTS -> HNV PCM 1ST FLOOR,d95f0c5e-10b5-4657-a6b2-2b894c6c5b08,3d9eeaab-d37e-404f-aa62-c8c7a75467b5,45f1a024-b36f-465a-8896-125399380cb6,fff0aa00-9549-4855-9936-96c96a656483,P2,877d8e52-72d7-4e9c-9b76-ae634f5baa3c,ETH-1-1-4,configured,2026-01-05 16:31:15.017499+00,2026-01-05 16:34:57.839416+00
6091c451-af11-4631-8c25-927a34529af9,A-0296: SONARPUR -> SONARPUR,c1be0cf8-7445-401c-93db-99edc776dfc7,4dd05c04-dddb-44df-ab90-0b95b3ee5f11,4dd05c04-dddb-44df-ab90-0b95b3ee5f11,b98e3bec-f1a3-4702-a11d-519b1e480f8f,1.3,ce047b30-33c8-425b-b500-5b33e043bf9c,3.8,configured,2026-01-06 07:58:17.286296+00,2026-01-06 08:04:45.36026+00
6190a0cf-3226-427b-b234-869467e15738,HNV-01: MAHINAGAR BTS -> GOBINDAPUR BTS,d95f0c5e-10b5-4657-a6b2-2b894c6c5b08,bea08e9f-79b4-43dd-8515-c57d82c2e1ee,3d9eeaab-d37e-404f-aa62-c8c7a75467b5,d4e5ffca-ba06-4b20-9cd6-438763c636c1,P4,fff0aa00-9549-4855-9936-96c96a656483,P5,configured,2026-01-05 16:31:15.017499+00,2026-01-05 16:33:52.825518+00
6ae73e7a-e701-41fc-a0d0-d52de336011a,A-0327: BAISHNABGHATA A1 -> BAISHNABGHATA B1,2ca8c4e6-bd3a-4b0d-969d-015b5627af01,a9ca2596-ae80-4c6b-92f1-b197e98dcaea,a9ca2596-ae80-4c6b-92f1-b197e98dcaea,ce908a6a-5a95-4bed-9342-a5896b85d6ab,1.3,01009cb5-b28b-4237-8e29-bbda28bf3cc9,3.9,configured,2026-01-06 10:37:41.075116+00,2026-01-06 10:40:05.810637+00
6bba39f1-3e1d-43aa-aa92-37d31f7dbf4b,B_005: HARINAVI B2 -> GOBINDAPUR B2,f87142f9-af0c-4922-b29c-a86f18eea9ae,45f1a024-b36f-465a-8896-125399380cb6,badf80cb-ccc2-47f9-8dc4-82e32733b251,6e5cca5f-9516-4264-811b-309d17a29b6a,3.1,dd6b2686-0d45-4bc7-97ff-8da1cf1ae118,3.1,configured,2026-01-07 08:11:32.130791+00,2026-01-07 08:18:44.409265+00
70a5a546-aa71-4596-bc46-60afbe973818,B_005: KAMALGAZI B2 -> HARINAVI B2,f87142f9-af0c-4922-b29c-a86f18eea9ae,abfa36d3-d0ed-486e-8f97-62651f7a9b9e,45f1a024-b36f-465a-8896-125399380cb6,4b66d440-d94d-4f6e-964c-787d1abd464e,3.1,6e5cca5f-9516-4264-811b-309d17a29b6a,4.1,configured,2026-01-07 08:11:32.130791+00,2026-01-07 08:22:58.989801+00
7339fae1-45d9-4814-b868-818561802264,B_048:JADAVPUR-JADAVPUR,8adc69bf-1306-48b3-8b40-f26540472805,41355205-b6db-4d38-bebf-9f0cf2998f64,41355205-b6db-4d38-bebf-9f0cf2998f64,,,,,unprovisioned,2026-01-04 15:00:47.354414+00,2026-01-04 15:00:47.354414+00
74f486bd-b2ae-402a-99e9-e00231d14a66,A-0327: FARTABAD A1 -> BAISHNABGHATA A1,2ca8c4e6-bd3a-4b0d-969d-015b5627af01,10b4b8cd-7f82-4162-a0d5-a37bff9d9049,a9ca2596-ae80-4c6b-92f1-b197e98dcaea,3ddd7dca-b7e7-437f-98d9-bdda0bd1b09d,2.5,ce908a6a-5a95-4bed-9342-a5896b85d6ab,1.5,configured,2026-01-06 10:37:41.075116+00,2026-01-06 10:39:46.314125+00
7640d313-290c-4c6c-b579-348d49578977,HNV-01 (Spur): GOBINDAPUR BTS -> BADE HOOGHLY BTS,d95f0c5e-10b5-4657-a6b2-2b894c6c5b08,3d9eeaab-d37e-404f-aa62-c8c7a75467b5,42cd6bb1-697d-4093-82d6-88a7d6e3c87f,fff0aa00-9549-4855-9936-96c96a656483,P1,97ea6130-0cc0-43aa-a5e9-ecb93b783054,,configured,2026-01-05 16:31:15.017499+00,2026-01-05 16:35:24.684992+00
7696e605-abfc-4e19-8a22-7b6ea219618f," A_0075: RAMCHANDRAPUR A1 -> JAGADDAL II A1",4665c074-84ae-4afb-b192-1a898564af9e,528017c7-b844-4b84-81e4-c9fa425ca540,44d18876-f86b-4ecb-bdc7-a3905dab4690,0b8f17fe-a02b-4d69-b184-d9a40efa4981,1.5,7a87a58e-2ab1-4195-8cea-46efd3da796a,2.6,configured,2026-01-06 11:42:03.458563+00,2026-01-06 11:44:16.752137+00
7bdb181e-a1b1-46c2-aa98-50bf6533d1d1,HNV-05:Baruipur Kalyanpur  BTS-SASAN BARUIPUR BTS,a36dd652-8850-4872-93f0-339e8d907754,df1dcb75-c73c-49e0-8763-d2df4b0a8817,3019cb42-9dca-4eaf-a349-2e4c0fae92e2,,,,,unprovisioned,2026-01-05 05:27:59.114974+00,2026-01-05 05:27:59.114974+00
7dae06cf-9a1b-43c1-be32-4e7ad4405f66,HNV-01: HNV PCM 1ST FLOOR -> KODALIA BTS,d95f0c5e-10b5-4657-a6b2-2b894c6c5b08,45f1a024-b36f-465a-8896-125399380cb6,e56848ea-3c3a-4925-b20c-bc5ca60bec5b,877d8e52-72d7-4e9c-9b76-ae634f5baa3c,ETH-1-1-2,706dff3d-77d9-43bc-81f5-accec8481a83,P2,configured,2026-01-05 16:31:15.017499+00,2026-01-05 16:31:51.260394+00
813b9c09-4ca0-490d-b252-b07ef082ecd1,B_047: AP NAGAR -> SITAKUNDU,b4d50f1c-e069-498f-80e7-5fe16ae60dce,54bc2231-880b-4ba6-ba6e-4d3cb594052b,69b3cd60-ce89-43b4-ac1f-4671fc02d081,d9e00379-f20b-470d-a83f-be40c8f77d2c,3.1,09b56b00-e0ba-4291-a4b8-ab8dc12dc71d,3.1,configured,2026-01-05 08:10:20.033645+00,2026-01-05 08:11:16.454525+00
8da7acd9-a82b-41e1-a186-6f81434dac79,B_005: JOKA B1 -> KAMALGAZI B2,f87142f9-af0c-4922-b29c-a86f18eea9ae,f9ff6e66-4926-4fda-a275-9671f294e925,abfa36d3-d0ed-486e-8f97-62651f7a9b9e,cdd6bf4b-8a62-4844-8599-995792f2599f,,4b66d440-d94d-4f6e-964c-787d1abd464e,,unprovisioned,2026-01-07 08:11:32.130791+00,2026-01-07 08:11:32.130791+00
8ef75830-ada7-4fbc-950b-16b88ee14963,A_008: GOBINDAPUR BTS -> BARUIPUR II BTS,f718be7a-6b42-4cd3-8161-1abf795a61f5,3d9eeaab-d37e-404f-aa62-c8c7a75467b5,3101bd5e-0fac-4546-8e79-2b18ff0fd35e,57ad4ddf-6492-4990-a0f9-5f615172498a,2.5,645687d9-733f-473d-8b43-9a15b23888b5,1.5,configured,2026-01-06 05:25:30.926933+00,2026-01-06 05:27:23.806213+00
9243b18b-f12d-4031-9663-410a4f1e2cf6,A-0168: BARUIPUR -> BARUIPUR,97dafc23-0ad1-4609-8ec0-e6c60abd216a,b5bfbef5-356c-499b-ad2b-351b7ed6a845,b5bfbef5-356c-499b-ad2b-351b7ed6a845,f9fafe4e-cd78-4d47-ba73-80764c430a7e,1.3,f3c35045-7ae4-4f84-92fa-4e3adad52686,3.7,configured,2026-01-06 06:36:02.542839+00,2026-01-06 06:37:41.49705+00
96977237-9ea2-4262-8367-ce4ef4fb33b4,A_0076 : SHALIMAR CHEMICAL BTS -> NARENDRAPUR 1 (KRISHNA APPT) BTS,f2b99723-5156-46f5-91c6-d0142c735826,b1ba7120-8b78-4897-b040-faa5e5620c96,41e45185-102e-408f-86b0-285c8b2a411f,eecca086-c25f-4671-afa5-131b7b9352e3,2.5,a5c0276a-d7d9-4bcd-aff6-f216b5f38fec,1.5,configured,2026-01-06 06:15:27.258465+00,2026-01-06 06:16:19.965219+00
9cdc8b0c-3f18-43a5-9ed2-8ae789efbdda,A_0076 : NARENDRAPUR 1 (KRISHNA APPT) BTS -> KAMALGAZI BTS,f2b99723-5156-46f5-91c6-d0142c735826,41e45185-102e-408f-86b0-285c8b2a411f,abfa36d3-d0ed-486e-8f97-62651f7a9b9e,a5c0276a-d7d9-4bcd-aff6-f216b5f38fec,2.5,4b66d440-d94d-4f6e-964c-787d1abd464e,5.4,configured,2026-01-06 06:15:27.258465+00,2026-01-06 06:16:54.022252+00
a5f50e95-4d70-4564-9f6e-a2607248b032,A-0296: KAMALGAZI BTS -> FUTURE INSTITUTE OF ENGG AND MANAGEMENT,c1be0cf8-7445-401c-93db-99edc776dfc7,abfa36d3-d0ed-486e-8f97-62651f7a9b9e,8ad723eb-6da3-4475-8ffb-3afde808fe07,4b66d440-d94d-4f6e-964c-787d1abd464e,6.4,adf8c208-c8a2-4ca6-9d62-e315d6ebabc1,2.6,configured,2026-01-06 07:58:17.286296+00,2026-01-06 07:59:17.829467+00
a71b6a65-0d89-4739-b936-3578091a9769,B_048:ABANTIPUR-JADAVPUR,8adc69bf-1306-48b3-8b40-f26540472805,c56c403c-c441-49ff-bbdc-b6d36b364d0c,41355205-b6db-4d38-bebf-9f0cf2998f64,,,,,unprovisioned,2026-01-04 15:00:47.354414+00,2026-01-04 15:00:47.354414+00
a77de0b9-8bf6-432c-9291-da293bc51479,A_0075B: SARMASTAPUR BTS -> Poleghat,19e0cbaf-8b50-4041-a318-73c09b10c15d,7a797a60-568c-455a-954d-4099c32a438d,77ffbe51-7aee-49e2-9ada-2ed98055ceb3,3547d309-bb4e-4686-a04e-5d5844c7b879,2.6,7cb3f1cc-8f91-4d74-8ad4-101c4302a580,2.6,configured,2026-01-06 07:16:22.350344+00,2026-01-06 07:43:55.94562+00
a8290d8e-54c0-4266-bc4a-b24682b0e5eb,A_0075B: HNV PCM 1ST FLOOR -> DAKSHIN CHOWHATI BTS(MALANCHA_CHANDPUR),19e0cbaf-8b50-4041-a318-73c09b10c15d,45f1a024-b36f-465a-8896-125399380cb6,f62efeda-0828-4bf3-b9c6-076aee551b93,6e5cca5f-9516-4264-811b-309d17a29b6a,4.4,88c2ecdb-5f12-4139-8cd3-88b1b032b010,1.5,configured,2026-01-06 07:16:22.350344+00,2026-01-06 07:43:02.792583+00
aeddb523-8c63-42be-aa5b-b48015707361,HNV-06: PIYALI TOWN II BTS -> SITAKUNDU BTS,6d920c57-cfda-48b3-842c-5598acc0f55c,5ff68e3d-96c7-41b7-a27e-53823346640a,ebd96b33-8ed2-479d-a8eb-dcdaf9fd31da,ca1f33ec-f4b7-40bf-9489-f88ad877d980,,1b8ce612-afcd-45b0-8763-38238a5cdf88,,unprovisioned,2026-01-05 10:25:04.805412+00,2026-01-05 10:25:04.805412+00
b446fe46-0e06-479a-a334-a23ff1b61f82," A_0075: HARINAVI  NODE 7 A1 -> HARINAVI B2",4665c074-84ae-4afb-b192-1a898564af9e,45f1a024-b36f-465a-8896-125399380cb6,45f1a024-b36f-465a-8896-125399380cb6,c5db764c-f5d3-4c8f-aaa3-05a095ea008f,2.3,6e5cca5f-9516-4264-811b-309d17a29b6a,4.10,configured,2026-01-06 11:42:03.458563+00,2026-01-06 11:45:52.364998+00
b63eec69-a328-4f29-93f8-b2b97332b0e6,A-0300: HARINAVI B2 -> HARINAVI NODE 4 A1,d58a9466-7ba3-4c11-9204-e4943580a0f0,45f1a024-b36f-465a-8896-125399380cb6,45f1a024-b36f-465a-8896-125399380cb6,6e5cca5f-9516-4264-811b-309d17a29b6a,3.8,09e5014e-8687-43a7-8feb-841dc4f73227,1.3,configured,2026-01-06 10:23:46.338214+00,2026-01-06 10:26:43.816777+00
b6cd48b3-6683-4c6f-979d-e3a2b8d91bc4,A-0168: BARUIPUR -> HNV PCM 1ST FLOOR,97dafc23-0ad1-4609-8ec0-e6c60abd216a,b5bfbef5-356c-499b-ad2b-351b7ed6a845,45f1a024-b36f-465a-8896-125399380cb6,f3c35045-7ae4-4f84-92fa-4e3adad52686,3.1,6e5cca5f-9516-4264-811b-309d17a29b6a,3.1,configured,2026-01-06 06:36:02.542839+00,2026-01-06 06:39:32.071719+00
b834133f-2ffd-4f03-8fc5-95dca5e2f3fd,A-0327: JADAVPUR B2 -> GARIA ROU A1,2ca8c4e6-bd3a-4b0d-969d-015b5627af01,41355205-b6db-4d38-bebf-9f0cf2998f64,09fa1396-5351-4c2b-a049-61e771f054c1,af1cabd1-238b-4bca-bae4-5acdf839438f,6.3,50a0261a-efb9-440f-b5db-64eb9a37ec6a,1.5,configured,2026-01-06 10:37:41.075116+00,2026-01-06 10:38:25.600601+00
b8818097-35db-4b7c-a3c5-1c8a785336dc,A_0075B: HARINAVI  NODE 7 A1 -> HARINAVI B2,19e0cbaf-8b50-4041-a318-73c09b10c15d,45f1a024-b36f-465a-8896-125399380cb6,45f1a024-b36f-465a-8896-125399380cb6,c5db764c-f5d3-4c8f-aaa3-05a095ea008f,2.3,6e5cca5f-9516-4264-811b-309d17a29b6a,4.10,configured,2026-01-06 10:22:20.360856+00,2026-01-06 10:30:16.584759+00
b9ad5556-ef7b-454c-b56d-41a14bf6f0b4,B_047: HNV PCM 1ST FLOOR -> AP NAGAR,b4d50f1c-e069-498f-80e7-5fe16ae60dce,45f1a024-b36f-465a-8896-125399380cb6,54bc2231-880b-4ba6-ba6e-4d3cb594052b,6e5cca5f-9516-4264-811b-309d17a29b6a,6.1,d9e00379-f20b-470d-a83f-be40c8f77d2c,4.1,configured,2026-01-05 08:10:20.033645+00,2026-01-05 08:10:51.425915+00
bc42f611-07f5-47d9-a823-2e2e4f926aff,A_008: BARUIPUR II BTS -> JOGIBARTALA BTS,f718be7a-6b42-4cd3-8161-1abf795a61f5,3101bd5e-0fac-4546-8e79-2b18ff0fd35e,dea33be8-45f3-4823-9366-654f63ba67f2,645687d9-733f-473d-8b43-9a15b23888b5,2.5,0300401d-2969-4703-9bc8-0a1b41f7add3,1.5,configured,2026-01-06 05:25:30.926933+00,2026-01-06 05:27:42.179451+00
bf2fc692-6e9c-48bf-a9fe-464f0dc72e81,A_0075B: DAKSHIN CHOWHATI BTS(MALANCHA_CHANDPUR) -> SARMASTAPUR BTS,19e0cbaf-8b50-4041-a318-73c09b10c15d,f62efeda-0828-4bf3-b9c6-076aee551b93,7a797a60-568c-455a-954d-4099c32a438d,88c2ecdb-5f12-4139-8cd3-88b1b032b010,2.5,3547d309-bb4e-4686-a04e-5d5844c7b879,1.5,configured,2026-01-06 07:16:22.350344+00,2026-01-06 07:43:34.472715+00
c4d55681-961e-498f-a99b-95fd97d61246,B_005: JULPIA B1 -> AMTALA B1,f87142f9-af0c-4922-b29c-a86f18eea9ae,f9ff6e66-4926-4fda-a275-9671f294e925,45fa1779-4232-476e-beb3-74becf4cbc95,f48c22d7-e745-4a15-886a-b0e962071ce7,3.1,e0b1981c-d91a-4721-bf4b-5bc682b75952,4.1,configured,2026-01-07 08:11:32.130791+00,2026-01-07 08:19:34.656269+00
c5105ae7-1667-45cd-9b8a-8deabd117f58,B_047: SITAKUNDU -> BARUIPUR,b4d50f1c-e069-498f-80e7-5fe16ae60dce,69b3cd60-ce89-43b4-ac1f-4671fc02d081,b5bfbef5-356c-499b-ad2b-351b7ed6a845,09b56b00-e0ba-4291-a4b8-ab8dc12dc71d,4.1,f3c35045-7ae4-4f84-92fa-4e3adad52686,4.1,configured,2026-01-05 08:10:20.033645+00,2026-01-05 08:11:41.305728+00
c55efa02-8732-4887-a6f5-c89b25a3da49,A_008: MAHINAGAR BTS -> GOBINDAPUR BTS,f718be7a-6b42-4cd3-8161-1abf795a61f5,bea08e9f-79b4-43dd-8515-c57d82c2e1ee,3d9eeaab-d37e-404f-aa62-c8c7a75467b5,4a7e333b-0290-49c7-afd0-347e00239d49,2.5,57ad4ddf-6492-4990-a0f9-5f615172498a,1.5,configured,2026-01-06 05:25:30.926933+00,2026-01-06 05:26:58.025471+00
c9c4d4ef-4875-451b-b6ad-bcb6ee573ebf,A-0300: SUNNY SEASON -> KAMALGAZI BTS,d58a9466-7ba3-4c11-9204-e4943580a0f0,0f0b317e-1ab7-4e5c-8997-7024be4f5d70,abfa36d3-d0ed-486e-8f97-62651f7a9b9e,1b05cc83-2fb9-4da8-8d4b-1dd775574f12,1.5,4b66d440-d94d-4f6e-964c-787d1abd464e,4.5,configured,2026-01-06 09:36:37.998839+00,2026-01-06 10:28:15.437774+00
cf35e2c6-9468-4e62-b205-6ae3ce78993d,HNV-02 (Spur): BARUIPUR II BTS -> MULLICKPUR-III BTS,d8836bb7-2f9c-484f-89ef-6d5cd6f4f51c,3101bd5e-0fac-4546-8e79-2b18ff0fd35e,02e9b630-b2e8-4441-890b-ae42510a7a51,5fce59b4-9b0f-4741-91e8-d0a623999328,,57286a9e-8518-4786-9b05-52638f5f42ff,,unprovisioned,2026-01-05 07:17:30.654644+00,2026-01-05 07:17:30.654644+00
dbdbbc01-d869-4922-a564-1e7b9054bcda,B_048:JADAVPUR-KAMALGAZI BTS,8adc69bf-1306-48b3-8b40-f26540472805,41355205-b6db-4d38-bebf-9f0cf2998f64,abfa36d3-d0ed-486e-8f97-62651f7a9b9e,9993f03e-535c-4ae2-aea4-ac24d04caf30,4.1,4b66d440-d94d-4f6e-964c-787d1abd464e,4.1,configured,2026-01-04 15:00:47.354414+00,2026-01-04 15:16:30.849027+00
dc2386fb-2689-4313-bf0b-23f6a00791ce,A-0168: BARUIPUR RAIL CROSSING BTS -> BARUIPUR,97dafc23-0ad1-4609-8ec0-e6c60abd216a,25fefca1-ae6f-4e01-8051-087a94373b9d,b5bfbef5-356c-499b-ad2b-351b7ed6a845,1160d8b7-c01d-4eaa-b130-75ac245bbd4e,2.5,f9fafe4e-cd78-4d47-ba73-80764c430a7e,1.5,configured,2026-01-06 06:36:02.542839+00,2026-01-06 06:37:03.924905+00
e1faf910-6d75-4832-aa95-6fda20aac2ae,HNV-02: BARUIPUR II BTS -> JOGIBARTALA BTS,d8836bb7-2f9c-484f-89ef-6d5cd6f4f51c,3101bd5e-0fac-4546-8e79-2b18ff0fd35e,dea33be8-45f3-4823-9366-654f63ba67f2,5fce59b4-9b0f-4741-91e8-d0a623999328,P5,ab74d1ab-3c8e-4e6a-bf22-cf4d8ee2c270,P4,configured,2026-01-05 07:17:30.654644+00,2026-01-05 07:20:21.769006+00
e3a3b56f-642f-489b-a1e0-4469d33e226d,A_0076 : KAMALGAZI BTS -> HNV PCM 1ST FLOOR,f2b99723-5156-46f5-91c6-d0142c735826,abfa36d3-d0ed-486e-8f97-62651f7a9b9e,45f1a024-b36f-465a-8896-125399380cb6,4b66d440-d94d-4f6e-964c-787d1abd464e,3.1,6e5cca5f-9516-4264-811b-309d17a29b6a,4.1,configured,2026-01-06 06:15:27.258465+00,2026-01-06 06:17:26.252592+00
e44b10b8-07a2-4412-afd7-41673a3cc696,A-0299: HNV PCM 1ST FLOOR -> RK Mission,817d3f30-65b2-4c66-92b3-9698fd43d009,45f1a024-b36f-465a-8896-125399380cb6,376e5b44-4294-4b61-a411-2df818899fd0,846a1687-e38d-4cf1-8999-5c4b7ecf1ed8,2.5,9cd28e45-f7dc-4935-8028-c69104d76d17,1.5,configured,2026-01-06 09:26:22.413404+00,2026-01-06 09:29:56.836933+00
e66ee7e4-13fc-42ea-85c9-e60a8861dbc0,A-0327: HHC A1 -> FARTABAD A1,2ca8c4e6-bd3a-4b0d-969d-015b5627af01,781a30c9-f5db-4af4-ac1d-f279ad2eff80,10b4b8cd-7f82-4162-a0d5-a37bff9d9049,d7a4479f-4dd9-4b95-a9f6-00876b3e67ad,2.5,3ddd7dca-b7e7-437f-98d9-bdda0bd1b09d,1.5,configured,2026-01-06 10:37:41.075116+00,2026-01-06 10:39:15.076604+00
e8224c94-925b-4025-8fc3-16cee97c1953,A-0300: KAMALGAZI BTS -> HNV PCM 1ST FLOOR,d58a9466-7ba3-4c11-9204-e4943580a0f0,abfa36d3-d0ed-486e-8f97-62651f7a9b9e,45f1a024-b36f-465a-8896-125399380cb6,4b66d440-d94d-4f6e-964c-787d1abd464e,3.1,6e5cca5f-9516-4264-811b-309d17a29b6a,4.1,configured,2026-01-06 09:36:37.998839+00,2026-01-06 10:28:48.665695+00
f31068e3-819e-4103-b10d-bfe68eb9cbda,B_047: GOBINDAPUR -> HNV PCM 1ST FLOOR,b4d50f1c-e069-498f-80e7-5fe16ae60dce,badf80cb-ccc2-47f9-8dc4-82e32733b251,45f1a024-b36f-465a-8896-125399380cb6,dd6b2686-0d45-4bc7-97ff-8da1cf1ae118,3.1,6e5cca5f-9516-4264-811b-309d17a29b6a,3.1,configured,2026-01-05 08:10:20.033645+00,2026-01-05 08:12:30.681248+00
f40dc7ad-cb6b-4f01-a9d5-ad28c8329661,A-0168: HNV PCM 1ST FLOOR -> BARUIPUR RAIL CROSSING BTS,97dafc23-0ad1-4609-8ec0-e6c60abd216a,45f1a024-b36f-465a-8896-125399380cb6,25fefca1-ae6f-4e01-8051-087a94373b9d,6e5cca5f-9516-4264-811b-309d17a29b6a,3.2,1160d8b7-c01d-4eaa-b130-75ac245bbd4e,1.5,configured,2026-01-06 06:36:02.542839+00,2026-01-06 06:36:43.092795+00
f70f199d-1a9d-4ae3-84a3-09c53831cb79,A-0299: KAMALGAZI BTS -> HNV PCM 1ST FLOOR,817d3f30-65b2-4c66-92b3-9698fd43d009,abfa36d3-d0ed-486e-8f97-62651f7a9b9e,45f1a024-b36f-465a-8896-125399380cb6,4b66d440-d94d-4f6e-964c-787d1abd464e,3.1,6e5cca5f-9516-4264-811b-309d17a29b6a,4.1,configured,2026-01-06 09:26:22.413404+00,2026-01-06 09:31:01.828695+00
f82aa306-7fd5-4183-a88d-87e5f4e2f767,A-0296: FUTURE INSTITUTE OF ENGG AND MANAGEMENT -> SONARPUR,c1be0cf8-7445-401c-93db-99edc776dfc7,8ad723eb-6da3-4475-8ffb-3afde808fe07,4dd05c04-dddb-44df-ab90-0b95b3ee5f11,adf8c208-c8a2-4ca6-9d62-e315d6ebabc1,2.5,b98e3bec-f1a3-4702-a11d-519b1e480f8f,1.5,configured,2026-01-06 07:58:17.286296+00,2026-01-06 07:59:53.686488+00
faa2d973-b0a4-4321-a902-225851226515,A-0299: HNV PCM 1ST FLOOR -> HNV PCM 1ST FLOOR,817d3f30-65b2-4c66-92b3-9698fd43d009,45f1a024-b36f-465a-8896-125399380cb6,45f1a024-b36f-465a-8896-125399380cb6,6e5cca5f-9516-4264-811b-309d17a29b6a,3.9,846a1687-e38d-4cf1-8999-5c4b7ecf1ed8,1.3,configured,2026-01-06 09:26:22.413404+00,2026-01-06 09:29:14.887863+00
fabe276f-23b1-41c5-9a95-289751b65c92," A_0075: HARINAVI B2 -> KAMALGAZI B2",4665c074-84ae-4afb-b192-1a898564af9e,45f1a024-b36f-465a-8896-125399380cb6,abfa36d3-d0ed-486e-8f97-62651f7a9b9e,6e5cca5f-9516-4264-811b-309d17a29b6a,3.1,4b66d440-d94d-4f6e-964c-787d1abd464e,4.1,configured,2026-01-06 11:42:03.458563+00,2026-01-06 11:44:56.808234+00
fc88a403-c490-42b6-8ebb-ff42a0a985bb,HNV-05:BARUIPUR III BTS-Baruipur Kalyanpur  BTS,a36dd652-8850-4872-93f0-339e8d907754,876847d1-9e49-4c81-9716-c3b188826ce1,df1dcb75-c73c-49e0-8763-d2df4b0a8817,05687289-23bc-4264-b911-566fd95c2c4d,P1,,,configured,2026-01-05 05:27:59.114974+00,2026-01-05 06:20:55.751946+00
ff95fe66-2bca-42e8-8d10-e77edeac0682,A_0075B: Poleghat -> JAGADAL 2 BTS,19e0cbaf-8b50-4041-a318-73c09b10c15d,77ffbe51-7aee-49e2-9ada-2ed98055ceb3,44d18876-f86b-4ecb-bdc7-a3905dab4690,7cb3f1cc-8f91-4d74-8ad4-101c4302a580,1.5,7a87a58e-2ab1-4195-8cea-46efd3da796a,2.5,configured,2026-01-06 07:16:22.350344+00,2026-01-06 07:44:23.297343+00