id,name,node_type_id,latitude,longitude,maintenance_terminal_id,remark,status,created_at,updated_at
0237bbb2-4f2f-409d-b7d6-1fda8fdc8578,DAKSHIN BONHOOGLY BTS,f45e7454-2b12-4607-886b-f463b56fab98,22.43372000,88.37590000,4bc2a086-b131-47e1-9c20-f10650c0196d,OFC F1&8 AT RAMCHANDRAPUR +RAMCHANDRAPUR CPAN 10.123.29.234/1.6,true,2025-08-20 00:00:00+00,2025-12-04 00:00:00+00
02e9b630-b2e8-4441-890b-ae42510a7a51,MULLICKPUR-III BTS,d749692f-5147-49b5-b1cf-8be443ad2de2,22.39503800,88.43336000,4bc2a086-b131-47e1-9c20-f10650c0196d,MW FROM BRAUIPUR II BTS + CPAN10.123.138.207/PORT1.4,true,2025-08-20 00:00:00+00,2025-12-04 00:00:00+00
0453d83b-1c16-42b3-b487-f23ca1294795,JC NEAR KALIKAPUR 1,0612aafd-3bac-4855-b408-e29bbbcbd37f,22.42470000,88.49695000,4bc2a086-b131-47e1-9c20-f10650c0196d,,true,2025-08-30 00:00:00+00,2025-12-04 00:00:00+00
04c66bb4-240d-4974-af7f-e94c9d0a379e,Sonarpur Badamtala BTS,f45e7454-2b12-4607-886b-f463b56fab98,22.44994700,88.43447900,4bc2a086-b131-47e1-9c20-f10650c0196d,OFC BADAMTALA F5&6 VIA KHURIGACHI B/U F 5&6 + GANGAJORA F17&18+GANGAJORA CPAN A1 138.222/1.6 RNC 11,true,2025-08-20 00:00:00+00,2025-12-04 00:00:00+00
07563e90-2a37-4a21-beaa-7d55148e4d5e,BJC JOGIBARTALA,0612aafd-3bac-4855-b408-e29bbbcbd37f,22.37680000,88.42320000,4bc2a086-b131-47e1-9c20-f10650c0196d,,true,2025-08-20 00:00:00+00,2025-12-04 00:00:00+00
088f69d4-3fd5-4565-93b2-13d28234785e,BJC KODALIA,0612aafd-3bac-4855-b408-e29bbbcbd37f,22.40960000,88.42010000,4bc2a086-b131-47e1-9c20-f10650c0196d,,true,2025-08-20 00:00:00+00,2025-12-04 00:00:00+00
09fa1396-5351-4c2b-a049-61e771f054c1,GARIA,f6cdce1d-fe11-4d40-8866-c509307f6150,22.46747700,88.37822200,0334365e-3c7e-4e0f-8547-33a673be10f6,,true,2025-08-20 00:00:00+00,2025-12-04 00:00:00+00
0ab041fe-fdd9-460c-895e-0141cad532c3,BRINDAKHALI GP,de9ccacb-2080-400e-8c57-2e2cf729f724,22.32325000,88.53872000,4bc2a086-b131-47e1-9c20-f10650c0196d,,true,2025-09-24 00:00:00+00,2025-12-04 00:00:00+00
0f0b317e-1ab7-4e5c-8997-7024be4f5d70,SUNNY SEASON,f6cdce1d-fe11-4d40-8866-c509307f6150,22.44482100,88.38883500,4bc2a086-b131-47e1-9c20-f10650c0196d,,true,2025-08-20 00:00:00+00,2025-12-04 00:00:00+00
10b4b8cd-7f82-4162-a0d5-a37bff9d9049,FARTABAD,f6cdce1d-fe11-4d40-8866-c509307f6150,22.46100200,88.39005200,4bc2a086-b131-47e1-9c20-f10650c0196d,,true,2025-08-20 00:00:00+00,2025-12-04 00:00:00+00
10bf798c-c44f-43ed-8513-41c633434f90,MADARHAT,f6cdce1d-fe11-4d40-8866-c509307f6150,22.36309900,88.44692700,4bc2a086-b131-47e1-9c20-f10650c0196d,,true,2025-08-20 00:00:00+00,2025-12-04 00:00:00+00
1295f9a8-1ad3-4a30-8ae9-e4ad8fe31a14,DHAMAITALA BYPASS JC,0612aafd-3bac-4855-b408-e29bbbcbd37f,,,4bc2a086-b131-47e1-9c20-f10650c0196d,,true,2025-09-01 00:00:00+00,2025-12-04 00:00:00+00
13e7a29a-a09d-452a-9dbc-9b927a765c95,JC NEAR GHASIARA VIDYAPITH,0612aafd-3bac-4855-b408-e29bbbcbd37f,22.43971800,88.44338300,4bc2a086-b131-47e1-9c20-f10650c0196d,,true,2025-12-29 10:22:58.118724+00,2025-12-29 10:22:58.118724+00
13f8ac15-6b81-4ba4-bab2-99f1dba0ecc4,BJC JC INFRONT OF PDP ROU,0612aafd-3bac-4855-b408-e29bbbcbd37f,22.36918358,88.42697818,4bc2a086-b131-47e1-9c20-f10650c0196d,,true,2025-08-20 00:00:00+00,2025-12-04 00:00:00+00
14d97131-4d1e-497d-90e5-9288e605bcbd,Banhoogly-II,de9ccacb-2080-400e-8c57-2e2cf729f724,22.43343000,88.36689000,4bc2a086-b131-47e1-9c20-f10650c0196d,,true,2025-08-20 00:00:00+00,2025-12-04 00:00:00+00
15db953c-c9fa-4044-b1bc-1c0a0d59645b,SBI BARUIPUR BAZAR,6458a347-e80c-4a62-9357-551487a07e3a,22.34833127,88.43952638,4bc2a086-b131-47e1-9c20-f10650c0196d,,true,2025-08-20 00:00:00+00,2025-12-04 00:00:00+00
15f65398-ee89-47bc-92e0-5c2fd4eaeb1a,NATUN PALLY BTS,f45e7454-2b12-4607-886b-f463b56fab98,22.42800000,88.43580000,4bc2a086-b131-47e1-9c20-f10650c0196d,Natunpally cpan A1 138.237/1.6 RNC 11,true,2025-08-20 00:00:00+00,2025-12-04 00:00:00+00
15f9295e-0909-4a8c-8d50-5dd161639344,RAMNAGAR 2 GP,de9ccacb-2080-400e-8c57-2e2cf729f724,22.33619000,88.47461000,4bc2a086-b131-47e1-9c20-f10650c0196d,,true,2025-09-23 00:00:00+00,2025-12-04 00:00:00+00
1698d8f1-79c9-496b-a690-bf942b4d5178,MISSION MANDIR GATE,6458a347-e80c-4a62-9357-551487a07e3a,22.44367800,88.39477900,4bc2a086-b131-47e1-9c20-f10650c0196d,,true,2025-12-18 00:00:00+00,2026-01-04 13:29:26.317528+00
16db720d-f8b8-43c9-9f07-60a1fed515db,GANGAJOARA BTS,f45e7454-2b12-4607-886b-f463b56fab98,22.46710000,88.44250000,4bc2a086-b131-47e1-9c20-f10650c0196d,OFC at GANGAJOARA F 9&10 and AP nagar F 21&22 BBNL CABLE + GANGAJORA CPAN A1 138.248/1.3 Electrical GE,true,2025-08-20 00:00:00+00,2025-12-04 00:00:00+00
1a7dae34-32be-49d8-bc91-d12779130591,BJC MAHINAGAR,0612aafd-3bac-4855-b408-e29bbbcbd37f,22.39120000,88.42410000,4bc2a086-b131-47e1-9c20-f10650c0196d,,true,2025-08-20 00:00:00+00,2025-12-04 00:00:00+00
1a8a76fc-fe60-49ee-9ba5-138f4d6410c2,HARINAVI BTS,f45e7454-2b12-4607-886b-f463b56fab98,22.41570000,88.41600000,4bc2a086-b131-47e1-9c20-f10650c0196d,HARINAVI -A1 10.123.138.238(G FLOOR) /1.6(O),true,2025-08-20 00:00:00+00,2025-12-04 00:00:00+00
1aeeac44-6574-4a1e-b796-a1598890b74e,BARUIPUR DRDO SERVER ROOM,6458a347-e80c-4a62-9357-551487a07e3a,22.35940000,88.39286000,4bc2a086-b131-47e1-9c20-f10650c0196d,,true,2025-08-20 00:00:00+00,2025-12-04 00:00:00+00
1b9c2bcb-2812-4da8-81f2-bede5a6855a8,BJC BARUIPUR STATION BAZAR OH JC,0612aafd-3bac-4855-b408-e29bbbcbd37f,22.36649043,88.42872058,4bc2a086-b131-47e1-9c20-f10650c0196d,,true,2025-08-20 00:00:00+00,2025-12-04 00:00:00+00
1db6aeda-5c31-4e1c-9cfe-45376970805f,BARUIPUR MOTHERHUT III BTS,f45e7454-2b12-4607-886b-f463b56fab98,22.36481000,88.43543000,4bc2a086-b131-47e1-9c20-f10650c0196d,MW FROM BRP EXCH+BRP MADM R52 SWITCH GE 16/1+ADM 16 SWITCH FE 39/1+BRP CPAN B1 138.196/ 3.5 RNC 10,true,2025-08-20 00:00:00+00,2025-12-04 00:00:00+00
1ffbaa82-a4f5-4760-aa46-64e909c322de,HARDAH GP,de9ccacb-2080-400e-8c57-2e2cf729f724,22.34111460,88.55531650,4bc2a086-b131-47e1-9c20-f10650c0196d,,true,2025-09-25 00:00:00+00,2025-12-04 00:00:00+00
207dbf97-3f2c-4141-87f0-629364dcf332,KHEYADAH PNB,6458a347-e80c-4a62-9357-551487a07e3a,22.49236505,88.46006557,4bc2a086-b131-47e1-9c20-f10650c0196d,,true,2025-08-20 00:00:00+00,2025-12-04 00:00:00+00
21de6e6b-d210-497e-b962-17bc963953e7,BJC OH JOINT ROLL OF SONARPUR II BTS,0612aafd-3bac-4855-b408-e29bbbcbd37f,22.43850000,88.42680000,4bc2a086-b131-47e1-9c20-f10650c0196d,,true,2025-08-20 00:00:00+00,2025-12-04 00:00:00+00
224bdc13-efc2-474b-a593-6a33dec8f9f2,SOUTH GARIA BTS,d749692f-5147-49b5-b1cf-8be443ad2de2,22.40190000,88.47750000,4bc2a086-b131-47e1-9c20-f10650c0196d,MW from South Garia to cascad with SUBHASGRAM (near power GRID),false,2025-08-20 00:00:00+00,2025-12-04 00:00:00+00
23494c62-bda0-4b17-9d66-af14c853a1d6,BORAL NATUN HUT BTS,f45e7454-2b12-4607-886b-f463b56fab98,22.44277000,88.36680000,4bc2a086-b131-47e1-9c20-f10650c0196d,MW FROM BHRAMAPUR RSU BTS + CPAN B1 10.123.138.203/3.7,true,2025-08-20 00:00:00+00,2025-12-04 00:00:00+00
23759160-69e6-4377-9460-f634b644d723,BARUIPUR CORRECTIONAL HOME,6458a347-e80c-4a62-9357-551487a07e3a,22.36111420,88.39207030,4bc2a086-b131-47e1-9c20-f10650c0196d,,true,2025-08-20 00:00:00+00,2025-12-04 00:00:00+00
23c38fd1-2741-4d88-a8df-868465f1849c,BJC TONGTALA MORE,0612aafd-3bac-4855-b408-e29bbbcbd37f,22.36772800,88.39612200,4bc2a086-b131-47e1-9c20-f10650c0196d,,true,2025-08-20 00:00:00+00,2025-12-04 00:00:00+00
24361fcf-47f3-4351-b5cc-80de5967e53a,BJC JC NEAR SBI SUBHASGRAM,0612aafd-3bac-4855-b408-e29bbbcbd37f,22.41051257,88.42977318,4bc2a086-b131-47e1-9c20-f10650c0196d,,true,2025-08-20 00:00:00+00,2025-12-04 00:00:00+00
243ad33f-1f9a-4c44-9efc-71af85e25c37,NEPALGANJ,f6cdce1d-fe11-4d40-8866-c509307f6150,22.41280000,88.34873000,e6222b47-7f08-4ff1-8c75-86b6b5b0a648,,true,2025-08-20 00:00:00+00,2025-12-04 00:00:00+00
247d7fc9-fd0d-4136-9185-c3d81fb88fe5,DANGA BTS,d749692f-5147-49b5-b1cf-8be443ad2de2,22.43479400,88.36044700,4bc2a086-b131-47e1-9c20-f10650c0196d,MW FROM BONHOOGLY BTS+ NEPALGUNGE MP,true,2025-08-20 00:00:00+00,2025-12-04 00:00:00+00
2509ca5a-bb63-42ab-a9e6-10b21cdbf344,SBI RAJPUR,6458a347-e80c-4a62-9357-551487a07e3a,22.42286185,88.41017083,4bc2a086-b131-47e1-9c20-f10650c0196d,,true,2025-08-20 00:00:00+00,2025-12-04 00:00:00+00
25b76a23-db94-43ae-a7bc-aed8a0a84f2d,BRAHMAPUR BTS,f45e7454-2b12-4607-886b-f463b56fab98,22.45973100,88.36480700,4bc2a086-b131-47e1-9c20-f10650c0196d,BRAHMAPUR cpan B1 10.123.138.203/3.6,true,2025-08-20 00:00:00+00,2025-12-04 00:00:00+00
25fefca1-ae6f-4e01-8051-087a94373b9d,BARUIPUR RAIL CROSSING BTS,f45e7454-2b12-4607-886b-f463b56fab98,22.36420000,88.43060000,4bc2a086-b131-47e1-9c20-f10650c0196d,CPAN RING NO A0168 BRP A1 138.216/1.3 RNC 10,true,2025-08-20 00:00:00+00,2025-12-04 00:00:00+00
26784392-9af2-47eb-9171-bb0b5d96ee27,Baruipur Phultala BTS,f45e7454-2b12-4607-886b-f463b56fab98,22.34814300,88.44555100,4bc2a086-b131-47e1-9c20-f10650c0196d,OFC+PIYALITOWN BTS A1 138.247 /1.6 RNC 13,true,2025-08-20 00:00:00+00,2025-12-04 00:00:00+00
26e1ab78-e507-4915-99aa-fa40e808f209,BJC KARBALA,0612aafd-3bac-4855-b408-e29bbbcbd37f,,,4bc2a086-b131-47e1-9c20-f10650c0196d,,true,2025-08-20 00:00:00+00,2025-12-04 00:00:00+00
286ec15e-6eee-488e-9fd8-16b7fb859853,Baruipur station Bazar BTS,f45e7454-2b12-4607-886b-f463b56fab98,22.36699718,88.42761048,4bc2a086-b131-47e1-9c20-f10650c0196d,OFC+Baruipur station Bazar bts CPAN A1 10.123.138.243/2.6,true,2025-08-20 00:00:00+00,2025-12-04 00:00:00+00
29069f7b-f587-4a03-a94c-45fab866784d,BJC DHALAIBRIDGE,0612aafd-3bac-4855-b408-e29bbbcbd37f,22.46586675,88.39283461,4bc2a086-b131-47e1-9c20-f10650c0196d,,true,2025-08-20 00:00:00+00,2025-12-04 00:00:00+00
296383f0-9826-45cf-8934-b5312fedf472,GARIA FARTABAD KANDARPUR SAHAPARA BTS,f45e7454-2b12-4607-886b-f463b56fab98,22.45518400,88.39977600,4bc2a086-b131-47e1-9c20-f10650c0196d,FARTA- KMLG OFC+KMLG B2 (29.196/3.4) TO JDP 138.11/6.2+RNC-,true,2025-08-20 00:00:00+00,2025-12-04 00:00:00+00
2a5c8bd0-327a-4ef7-8a46-bdcbef37651a,BARUIPUR BHQ,ad56dd60-f014-464b-84b9-a090ed843fab,22.34064600,88.45396100,4bc2a086-b131-47e1-9c20-f10650c0196d,,true,2025-08-20 00:00:00+00,2025-12-04 00:00:00+00
2afba6a3-c0ba-480f-afc3-a66d8135ee11,BJC GAZIPUR,0612aafd-3bac-4855-b408-e29bbbcbd37f,,,4bc2a086-b131-47e1-9c20-f10650c0196d,,true,2025-08-20 00:00:00+00,2025-12-04 00:00:00+00
2ba22e1b-581e-4b01-9fe4-2e00bea05f58,BEGAMPUR GP,de9ccacb-2080-400e-8c57-2e2cf729f724,22.37963000,88.47859000,4bc2a086-b131-47e1-9c20-f10650c0196d,,true,2025-09-10 00:00:00+00,2025-12-04 00:00:00+00
2df1be06-ecd8-4045-9779-23bd070ec546,BJC BARUIPUR BAZAR OH JC,0612aafd-3bac-4855-b408-e29bbbcbd37f,22.34839811,88.43804815,4bc2a086-b131-47e1-9c20-f10650c0196d,,true,2025-08-20 00:00:00+00,2025-12-04 00:00:00+00
3019cb42-9dca-4eaf-a349-2e4c0fae92e2,SASAN BARUIPUR BTS,f45e7454-2b12-4607-886b-f463b56fab98,22.34088500,88.43524300,4bc2a086-b131-47e1-9c20-f10650c0196d," OFC+BRP III CPAN A1 10.123.138.221/2.6",true,2025-08-20 00:00:00+00,2025-12-04 00:00:00+00
3084be01-b393-4c73-845d-586f18c4729f,BANDHAN SCHOOL,6458a347-e80c-4a62-9357-551487a07e3a,22.42558300,88.40517900,4bc2a086-b131-47e1-9c20-f10650c0196d,,false,2025-08-20 00:00:00+00,2025-12-04 00:00:00+00
3101bd5e-0fac-4546-8e79-2b18ff0fd35e,BARUIPUR II BTS,f45e7454-2b12-4607-886b-f463b56fab98,22.38620000,88.43070000,4bc2a086-b131-47e1-9c20-f10650c0196d,CPAN 10.123.138.207 /1.3,true,2025-08-20 00:00:00+00,2025-12-04 00:00:00+00
33b19f80-b548-4a7a-927e-14590fb1172d,CHANDPUR KALIKAPUR BTS,f45e7454-2b12-4607-886b-f463b56fab98,22.44300000,88.45200000,4bc2a086-b131-47e1-9c20-f10650c0196d,CHANDPUR KALIKAPUR to APN BTS MINILINK +APN DSLAM - GE 4,true,2025-08-20 00:00:00+00,2025-12-04 00:00:00+00
34e4a5d6-7943-42c8-809d-f7b113a73be1,Sonarpur-II BTS,f45e7454-2b12-4607-886b-f463b56fab98,22.42571000,88.45654000,4bc2a086-b131-47e1-9c20-f10650c0196d,OFC+Sonarpur exch CPAN 10.123.138.227/2.5,true,2025-08-20 00:00:00+00,2025-12-04 00:00:00+00
35498659-15e9-4ba9-9d36-351ba67661bf,KMG SBI RACPC,6458a347-e80c-4a62-9357-551487a07e3a,22.45090175,88.39221554,4bc2a086-b131-47e1-9c20-f10650c0196d,,true,2025-08-20 00:00:00+00,2025-12-04 00:00:00+00
359f0a34-9944-4590-ae86-97b0e6041111,BJC OPP SRIHARI BUILDERS,0612aafd-3bac-4855-b408-e29bbbcbd37f,22.45534500,88.43814000,4bc2a086-b131-47e1-9c20-f10650c0196d,,true,2025-08-20 00:00:00+00,2025-12-04 00:00:00+00
368108bf-4596-4f69-8e8a-b81bdb764b0e,BJC RAMCHANDRAPUR AERIAL,0612aafd-3bac-4855-b408-e29bbbcbd37f,22.43190000,88.38270000,4bc2a086-b131-47e1-9c20-f10650c0196d,,true,2025-08-20 00:00:00+00,2025-12-04 00:00:00+00
376e5b44-4294-4b61-a411-2df818899fd0,RK Mission,f6cdce1d-fe11-4d40-8866-c509307f6150,22.43314500,88.40145300,4bc2a086-b131-47e1-9c20-f10650c0196d,,true,2025-08-20 00:00:00+00,2025-12-08 00:00:00+00
38f528b7-306d-4627-a2bc-775b2e01d01f,MANDALPADA BTS,d749692f-5147-49b5-b1cf-8be443ad2de2,22.36765600,88.39177800,4bc2a086-b131-47e1-9c20-f10650c0196d,"media
ML - BARUIPUR EXCH - CPAN",true,2025-11-08 00:00:00+00,2025-12-04 00:00:00+00
3a3f3e73-5f9d-4db8-a1e9-dd32d507251c,Pratapnagar,de9ccacb-2080-400e-8c57-2e2cf729f724,22.42651000,88.51510000,4bc2a086-b131-47e1-9c20-f10650c0196d,,true,2025-08-20 00:00:00+00,2025-12-04 00:00:00+00
3a96f0cf-ab21-43ca-9e23-1d026a8965ca,JC towards Fartabad Road,0612aafd-3bac-4855-b408-e29bbbcbd37f,22.46085100,88.39527800,4bc2a086-b131-47e1-9c20-f10650c0196d,,true,2025-12-29 11:19:28.03944+00,2025-12-29 11:19:28.03944+00
3bea923a-72ed-4471-9516-9852d2d1d1b7,BAGHAR KHOL NATUNHAT BTS,d749692f-5147-49b5-b1cf-8be443ad2de2,22.44230700,88.37459000,4bc2a086-b131-47e1-9c20-f10650c0196d,MW FROM PAYARA BAGAN BTS + KMLG CPAN A1 29.230/PORT 1.6 RNC 11,true,2025-08-20 00:00:00+00,2025-12-04 00:00:00+00
3c920b3f-4394-4641-9a07-f2e5f5518526,KUMARHAT EXCHANGE,f6cdce1d-fe11-4d40-8866-c509307f6150,22.31974000,88.45392000,4bc2a086-b131-47e1-9c20-f10650c0196d,,true,2025-09-11 00:00:00+00,2025-12-04 00:00:00+00
3d5c2864-5587-4e8f-a07f-17047e99cf4f,BJC BARUIPUR CORRECTIONAL HOME,0612aafd-3bac-4855-b408-e29bbbcbd37f,22.36268376,88.39450358,4bc2a086-b131-47e1-9c20-f10650c0196d,,true,2025-08-20 00:00:00+00,2025-12-04 00:00:00+00
3d9eeaab-d37e-404f-aa62-c8c7a75467b5,GOBINDAPUR BTS,f45e7454-2b12-4607-886b-f463b56fab98,22.38940000,88.41100000,4bc2a086-b131-47e1-9c20-f10650c0196d,CPAN RING NO A008 /A1 138.206/PORT-1.3,true,2025-08-20 00:00:00+00,2025-12-04 00:00:00+00
3de9b5ea-9107-4cf9-82fa-cdc64498c89c,AP NAGAR BTS,f45e7454-2b12-4607-886b-f463b56fab98,22.44070000,88.43930000,4bc2a086-b131-47e1-9c20-f10650c0196d,APN CPAN A1 138.222/1.5 RNC 11,true,2025-08-20 00:00:00+00,2025-12-04 00:00:00+00
4024c1d7-f4f6-423b-a4a0-54cf06215f2e,BOB SONARPUR,6458a347-e80c-4a62-9357-551487a07e3a,22.43850000,88.42680000,4bc2a086-b131-47e1-9c20-f10650c0196d,,true,2025-08-20 00:00:00+00,2025-12-04 00:00:00+00
41355205-b6db-4d38-bebf-9f0cf2998f64,JADAVPUR,f6cdce1d-fe11-4d40-8866-c509307f6150,22.49705600,88.36633300,0334365e-3c7e-4e0f-8547-33a673be10f6,,true,2025-08-20 00:00:00+00,2025-12-04 00:00:00+00
41e42998-a54d-47f9-8479-ef990b1dbd10,BJC GANGA JOARA,0612aafd-3bac-4855-b408-e29bbbcbd37f,22.46705000,88.44253000,4bc2a086-b131-47e1-9c20-f10650c0196d,,true,2025-08-20 00:00:00+00,2025-12-04 00:00:00+00
41e45185-102e-408f-86b0-285c8b2a411f,NARENDRAPUR 1 (KRISHNA APPT) BTS,f45e7454-2b12-4607-886b-f463b56fab98,22.44220000,88.39510000,4bc2a086-b131-47e1-9c20-f10650c0196d,CPAN 10.123.138.213/2.3,true,2025-08-20 00:00:00+00,2025-12-04 00:00:00+00
425e962e-64c6-45a5-9a6c-be52361519e3,JC NEAR AP NAGAR,0612aafd-3bac-4855-b408-e29bbbcbd37f,22.44158120,88.43443600,4bc2a086-b131-47e1-9c20-f10650c0196d,,true,2025-08-27 00:00:00+00,2025-12-04 00:00:00+00
42c2c9fd-b5bb-408e-a94a-2e1b0b145177,Narendrapur Station BTS,d749692f-5147-49b5-b1cf-8be443ad2de2,22.45388000,88.41804000,4bc2a086-b131-47e1-9c20-f10650c0196d,MW FROM KANDARPUR SAHAPARA+SAHAPARA BTS TO KMLG BTS VIA FIBRE+KMLG B2 (29.196/3.4) TO JDP 138.11/6.2 +RNC-,true,2025-08-20 00:00:00+00,2025-12-04 00:00:00+00
42cd6bb1-697d-4093-82d6-88a7d6e3c87f,BADE HOOGHLY BTS,d749692f-5147-49b5-b1cf-8be443ad2de2,22.39660000,88.41190000,4bc2a086-b131-47e1-9c20-f10650c0196d,MW FROM GOBINDAPUR BTS + GOBINDAPUR BTS CPAN A1 138.206/1.6+RNC 13,true,2025-08-20 00:00:00+00,2025-12-04 00:00:00+00
431843f3-5af8-4169-a66a-0591a430bc46,SURJAPUR HAT JC,0612aafd-3bac-4855-b408-e29bbbcbd37f,22.29745000,88.46522000,4bc2a086-b131-47e1-9c20-f10650c0196d,,true,2025-08-24 00:00:00+00,2025-12-04 00:00:00+00
44d18876-f86b-4ecb-bdc7-a3905dab4690,JAGADAL 2 BTS,f45e7454-2b12-4607-886b-f463b56fab98,22.42220000,88.40340000,4bc2a086-b131-47e1-9c20-f10650c0196d,HNV-BORAL/48F/F-1 & 2 +JAGADDAL2 CPAN 10.123.138.252/1.6,true,2025-08-20 00:00:00+00,2025-12-04 00:00:00+00
45b41c2d-54cf-42a9-b134-239d96bb7c5a,DAKSHIN KALYANPUR BTS,f45e7454-2b12-4607-886b-f463b56fab98,22.34925800,88.40077500,4bc2a086-b131-47e1-9c20-f10650c0196d,OFC FROM DAKHIN KALYANPUR KALYANPUR EXCH + KALYANPUR exch CPAN A1 10.123.138.232/PORT 1.6 RNC 10 Standby route KALYANPUR LMG port 3 +RNC 12,true,2025-08-20 00:00:00+00,2025-12-04 00:00:00+00
45f1a024-b36f-465a-8896-125399380cb6,HNV PCM 1ST FLOOR,f6cdce1d-fe11-4d40-8866-c509307f6150,22.41570000,88.41600000,4bc2a086-b131-47e1-9c20-f10650c0196d,,true,2025-08-20 00:00:00+00,2025-12-04 00:00:00+00
45fa1779-4232-476e-beb3-74becf4cbc95,Amtala,f6cdce1d-fe11-4d40-8866-c509307f6150,22.36925600,88.27399200,e6222b47-7f08-4ff1-8c75-86b6b5b0a648,,true,2025-10-30 00:00:00+00,2025-12-04 00:00:00+00
4655a834-c64f-48c8-90a0-6e4f9654acf1,BORAL,f6cdce1d-fe11-4d40-8866-c509307f6150,22.44970680,88.37348573,4bc2a086-b131-47e1-9c20-f10650c0196d,,true,2025-08-20 00:00:00+00,2025-12-04 00:00:00+00
47e365dd-bca5-4da0-9e20-45a59c9801c9,RAJPUR BTS,d749692f-5147-49b5-b1cf-8be443ad2de2,22.38451340,88.42131940,4bc2a086-b131-47e1-9c20-f10650c0196d,MW FROM HNV EXCH+HNV CPAN 10.123.138.238/PORT 2.4,true,2025-08-20 00:00:00+00,2025-12-04 00:00:00+00
48d2d6e8-5f34-4c3b-ac46-e42ce70c33b1,BJC DRDO,0612aafd-3bac-4855-b408-e29bbbcbd37f,,,4bc2a086-b131-47e1-9c20-f10650c0196d,,true,2025-08-20 00:00:00+00,2025-12-04 00:00:00+00
48f0b92e-bd96-4ae6-bc13-6a94ecc754c5,Baruipur (Nirala Road) BTS,f45e7454-2b12-4607-886b-f463b56fab98,22.34805300,88.44539400,4bc2a086-b131-47e1-9c20-f10650c0196d,MW FROM BRP EXCH+BRP MADM R52 SWITCH GE 16/1+ADM 16 SWITCH FE 39/3+BRP CPAN B1 138.196/ 3.5 RNC 10,true,2025-08-20 00:00:00+00,2025-12-04 00:00:00+00
490a7b87-4ee6-43b0-828e-f93e51f8ec49,MAHAMAYAPUR BTS,f45e7454-2b12-4607-886b-f463b56fab98,22.45807620,88.38826500,4bc2a086-b131-47e1-9c20-f10650c0196d,OFC FROM MAHAMAYAPUR TO FARTABAD RSU CPAN 10.123.138.47/1.6,true,2025-08-20 00:00:00+00,2025-12-04 00:00:00+00
499206f5-0564-415a-bb5f-a9db25185f91,BJC PADMAPUKUR MORE AERIAL JC,0612aafd-3bac-4855-b408-e29bbbcbd37f,22.37182996,88.42553579,4bc2a086-b131-47e1-9c20-f10650c0196d,,true,2025-08-20 00:00:00+00,2025-12-04 00:00:00+00
4a7811fb-7b7b-4b46-8d8b-38205c6fe58f,FULTALA MORE JC,0612aafd-3bac-4855-b408-e29bbbcbd37f,22.34312000,88.45375000,4bc2a086-b131-47e1-9c20-f10650c0196d,,true,2025-08-22 00:00:00+00,2025-12-04 00:00:00+00
4aa0a2a6-9a29-49ec-8edf-3080e4403388,BELEGACHIA,de9ccacb-2080-400e-8c57-2e2cf729f724,22.33656000,88.57140000,4bc2a086-b131-47e1-9c20-f10650c0196d,,true,2025-09-14 00:00:00+00,2025-12-04 00:00:00+00
4b2a82d4-4500-4c7b-90b0-dda0e9900a10,kamal gachi E.M bypass road BTS,f45e7454-2b12-4607-886b-f463b56fab98,22.46085500,88.39497500,4bc2a086-b131-47e1-9c20-f10650c0196d,MW VIA ABANTIPUR,true,2025-08-20 00:00:00+00,2025-12-04 00:00:00+00
4b2f4eb6-a531-4e55-ba6d-fffb7cc1257b,SONARPUR BAZAR BTS,f45e7454-2b12-4607-886b-f463b56fab98,22.44209100,88.43310800,4bc2a086-b131-47e1-9c20-f10650c0196d,OFC+APN CPAN A1 138.222/1.6 RNC 11,true,2025-08-20 00:00:00+00,2025-12-04 00:00:00+00
4bd7a86e-1486-4325-8324-899a0d370abb,BANTALA,a6e36125-cd80-45a1-99f5-ae4b445a6880,22.52107281,88.46072384,b548ad4b-2aab-4173-a958-c74f303022ce,,true,2025-08-20 00:00:00+00,2025-12-04 00:00:00+00
4c8710d0-1503-43b9-b595-fa876c65f61d,SONARPUR II BTS,f45e7454-2b12-4607-886b-f463b56fab98,22.44429600,88.42647400,4bc2a086-b131-47e1-9c20-f10650c0196d,OFC+Sonarpur exch CPAN 10.123.138.227/2.5,true,2025-08-20 00:00:00+00,2025-12-04 00:00:00+00
4c89d12d-9797-4886-8543-05fdaa46ef02,DHAP DHAPI I GP,de9ccacb-2080-400e-8c57-2e2cf729f724,22.31949000,88.45415000,4bc2a086-b131-47e1-9c20-f10650c0196d,,true,2025-09-09 00:00:00+00,2025-12-04 00:00:00+00
4d2b0dc9-f63a-4a6d-8fdc-ddb7d44875a7,BJC BARUIPUR DUTTAPARA BTS,0612aafd-3bac-4855-b408-e29bbbcbd37f,22.35857000,88.44115000,4bc2a086-b131-47e1-9c20-f10650c0196d,,true,2025-08-20 00:00:00+00,2025-12-04 00:00:00+00
4dd05c04-dddb-44df-ab90-0b95b3ee5f11,SONARPUR,f6cdce1d-fe11-4d40-8866-c509307f6150,22.43850000,88.42680000,4bc2a086-b131-47e1-9c20-f10650c0196d,,true,2025-08-20 00:00:00+00,2025-12-04 00:00:00+00
5123be70-eb5b-48a8-8ffa-4f3baa56cc19,Telephone Bhawan,f6cdce1d-fe11-4d40-8866-c509307f6150,22.57083900,88.34836430,69eca23a-9684-4043-b75b-507d317f74f6,"34, B.B.D. Bag (South) (also referred to as Dalhousie Square / B.B.D. Bagh), Kolkata – 700001",true,2025-12-04 00:00:00+00,2025-12-04 00:00:00+00
51b21244-07e3-4464-ad7b-4ce70805d559,BARUIPUR DRDO DATA CENTRE,6458a347-e80c-4a62-9357-551487a07e3a,22.35968000,88.39286700,4bc2a086-b131-47e1-9c20-f10650c0196d,,true,2025-08-20 00:00:00+00,2025-12-04 00:00:00+00
528017c7-b844-4b84-81e4-c9fa425ca540,RAMCHANDRAPUR BTS,f45e7454-2b12-4607-886b-f463b56fab98,22.43190000,88.38270000,4bc2a086-b131-47e1-9c20-f10650c0196d,CPAN 10.123.29.234/1.3,true,2025-08-20 00:00:00+00,2025-12-04 00:00:00+00
52d5ebd1-662d-49d3-80af-a6e6bc37083e,BJC JC INFRONT OF RAJPUR VIDYANIDHI,0612aafd-3bac-4855-b408-e29bbbcbd37f,22.42816003,88.41665903,4bc2a086-b131-47e1-9c20-f10650c0196d,,true,2025-08-20 00:00:00+00,2025-12-04 00:00:00+00
536b698f-a0e9-45b7-be88-3fa46438083f,SHIKHARBALI II GP,de9ccacb-2080-400e-8c57-2e2cf729f724,22.33505200,88.41873400,4bc2a086-b131-47e1-9c20-f10650c0196d,,true,2025-09-18 00:00:00+00,2025-12-04 00:00:00+00
53797415-2c34-4f84-a415-404932486c96,SONARPUR SOUTH BTS,d749692f-5147-49b5-b1cf-8be443ad2de2,22.41740000,88.43630000,4bc2a086-b131-47e1-9c20-f10650c0196d,MW FROM HARINAVI EXCH +HARINAVI CPAN A1 138.244/1.6 JDP RNC11,true,2025-08-20 00:00:00+00,2025-12-04 00:00:00+00
53de6111-6a9e-4106-8244-15138a8c7aad,FARTABAD GHOSH PARA BTS,f45e7454-2b12-4607-886b-f463b56fab98,22.45740000,88.39540000,4bc2a086-b131-47e1-9c20-f10650c0196d,µw FROM PATULI exch 2+ cpan10.123.138.,true,2025-08-20 00:00:00+00,2025-12-04 00:00:00+00
53f28861-be94-4f78-a6da-abd2afd6e7fa,SBI SUBHASGRAM,6458a347-e80c-4a62-9357-551487a07e3a,22.41516700,88.44930600,4bc2a086-b131-47e1-9c20-f10650c0196d,,true,2025-08-20 00:00:00+00,2025-12-04 00:00:00+00
54bc2231-880b-4ba6-ba6e-4d3cb594052b,AP NAGAR,f6cdce1d-fe11-4d40-8866-c509307f6150,22.44049100,88.43955600,4bc2a086-b131-47e1-9c20-f10650c0196d,,true,2025-08-20 00:00:00+00,2025-12-04 00:00:00+00
5538422e-4955-4ae3-8e58-7e4e801aaeac,BARUIPUR POLYTECHNIC,6458a347-e80c-4a62-9357-551487a07e3a,22.40589960,88.45528060,4bc2a086-b131-47e1-9c20-f10650c0196d,,true,2025-08-20 00:00:00+00,2025-12-04 00:00:00+00
59053996-d3d2-4486-adde-ff8d5d40595e,JC Subhasgram Hospital Road,0612aafd-3bac-4855-b408-e29bbbcbd37f,22.41741600,88.42999000,4bc2a086-b131-47e1-9c20-f10650c0196d,,true,2025-12-01 00:00:00+00,2025-12-04 00:00:00+00
5a344f14-e7b2-47a4-ad26-13219049f000,GOBINDAPUR BYPASS J/C,0612aafd-3bac-4855-b408-e29bbbcbd37f,,,4bc2a086-b131-47e1-9c20-f10650c0196d,,true,2025-08-26 00:00:00+00,2025-12-04 00:00:00+00
5a550395-e1e4-4161-a434-82b0c1d08a7c,RUSSA TELEPHONE EXCHANGE,262e50f3-bef2-403c-85dc-f6d02b8a9ded,22.51458710,88.35166990,531eaa28-9cd7-49c2-bd19-01a6fdf4bc32,"46, Dr.Sarat Banerjee Rd, lake Terrace, Kalighat, Kolkata, West Bengal 700029",true,2025-12-07 00:00:00+00,2025-12-07 00:00:00+00
5aae759f-c4e4-40e5-aafa-3f4fd10b73eb,BJC BARUIPUR MADARHAT BTS,0612aafd-3bac-4855-b408-e29bbbcbd37f,22.36362640,88.44592930,4bc2a086-b131-47e1-9c20-f10650c0196d,,true,2025-08-20 00:00:00+00,2025-12-04 00:00:00+00
5be02f7d-d7e7-403c-bf98-535c120b7c05,PIYALI TOWN I BTS,d749692f-5147-49b5-b1cf-8be443ad2de2,22.33410000,88.44830000,4bc2a086-b131-47e1-9c20-f10650c0196d,MW from P TOWN- I to BRP EXCH+BRP CPAN B1 10.123.138.196 PORT 3.6,true,2025-08-20 00:00:00+00,2025-12-04 00:00:00+00
5fc898f6-95f7-42b2-ae15-4cb4bbc7b1cb,NARENDRAPUR-II BTS,f45e7454-2b12-4607-886b-f463b56fab98,22.44600000,88.40180000,4bc2a086-b131-47e1-9c20-f10650c0196d,CPAN 10.123.138.229/1.3,true,2025-08-20 00:00:00+00,2025-12-04 00:00:00+00
5ff68e3d-96c7-41b7-a27e-53823346640a,PIYALI TOWN II BTS,f45e7454-2b12-4607-886b-f463b56fab98,22.34660000,88.45950000,4bc2a086-b131-47e1-9c20-f10650c0196d,PIYALITOWN 2 CPAN 10.123.138.247/1.3,true,2025-08-20 00:00:00+00,2025-12-04 00:00:00+00
6029436f-818b-4102-8382-a341ce2e6139,PRATAPNAGAR GP TAPPING JC (TEEMATHA MORE),0612aafd-3bac-4855-b408-e29bbbcbd37f,22.42315000,88.50541000,4bc2a086-b131-47e1-9c20-f10650c0196d,,true,2025-09-02 00:00:00+00,2025-12-04 00:00:00+00
60cfbcc5-26b9-4d7c-a8e9-02cc56010f19,SONARPUR KURIGACHI BTS,f45e7454-2b12-4607-886b-f463b56fab98,22.45980000,88.44140000,4bc2a086-b131-47e1-9c20-f10650c0196d,KHURIGACHI F1&2 GANGAJOARA F-13 &14+GANGAJORA CPAN A1 10.123.138.248/2.6,true,2025-08-20 00:00:00+00,2025-12-04 00:00:00+00
6150b0fa-dfee-4e16-b353-9f4c5bcfde27,BJC PEPSI MORE,0612aafd-3bac-4855-b408-e29bbbcbd37f,,,4bc2a086-b131-47e1-9c20-f10650c0196d,,true,2025-08-20 00:00:00+00,2025-12-04 00:00:00+00
619b457b-b5a8-4487-a803-9927810747f8,BJC RAMCHNDRAPUR MORE AERIAL,0612aafd-3bac-4855-b408-e29bbbcbd37f,22.43290700,88.37597200,4bc2a086-b131-47e1-9c20-f10650c0196d,,true,2025-08-20 00:00:00+00,2025-12-04 00:00:00+00
61e86d59-3750-4828-a290-8c4ec7573553,BJC CHAMPAHATI,0612aafd-3bac-4855-b408-e29bbbcbd37f,22.40008564,88.48981414,4bc2a086-b131-47e1-9c20-f10650c0196d,,true,2025-08-20 00:00:00+00,2025-12-04 00:00:00+00
6200287c-2244-4b89-ba91-932301dbcfd7,UTTAR KALYANPUR BTS,f45e7454-2b12-4607-886b-f463b56fab98,22.36394100,88.41709700,4bc2a086-b131-47e1-9c20-f10650c0196d,OFC FROM BRP BAZAR BTS PADDAPUKUR+BRP BAZAR BTS PADDAPUKUR CPAN A1 10.123.138.242/1.6,true,2025-08-20 00:00:00+00,2025-12-04 00:00:00+00
6478f603-3d06-4538-8e5e-961c140b02ba,Kheyadaha-II,de9ccacb-2080-400e-8c57-2e2cf729f724,22.50306000,88.43859000,4bc2a086-b131-47e1-9c20-f10650c0196d,,true,2025-08-20 00:00:00+00,2025-12-04 00:00:00+00
675d06b6-0db1-40de-bf89-6d008a05d88f,BONHOOGLY 1,de9ccacb-2080-400e-8c57-2e2cf729f724,22.42832000,88.37340000,4bc2a086-b131-47e1-9c20-f10650c0196d,,true,2025-09-21 00:00:00+00,2025-12-04 00:00:00+00
67d8974e-d6c7-4486-8cd7-d32876685437,Kalighat Telephone Exchange,f6cdce1d-fe11-4d40-8866-c509307f6150,22.52832950,88.35120910,93e3e63b-4426-4839-8d45-945a2f36dbfe,,true,2025-10-18 00:00:00+00,2025-12-04 00:00:00+00
67f31c57-1346-42a5-99ef-735369be2f87,BJC BIDYANIDHI SCHOOL AERIAL,0612aafd-3bac-4855-b408-e29bbbcbd37f,22.44130000,88.44470000,4bc2a086-b131-47e1-9c20-f10650c0196d,,true,2025-08-20 00:00:00+00,2025-12-04 00:00:00+00
683c709a-096e-4900-a98d-05e20976be7f,Lashkarpur BTS,d749692f-5147-49b5-b1cf-8be443ad2de2,22.43892000,88.38611000,4bc2a086-b131-47e1-9c20-f10650c0196d,MW FROM KAMALGAZI EXCH BTS+CASCADE KAMALGAZI CPAN A1 29.230/1.5,true,2025-08-20 00:00:00+00,2025-12-04 00:00:00+00
68a785c4-b190-40d7-8a7e-dbbddc77834f,SPICE BOARD BARUIPUR,6458a347-e80c-4a62-9357-551487a07e3a,22.35690530,88.38832860,4bc2a086-b131-47e1-9c20-f10650c0196d,,true,2025-08-20 00:00:00+00,2025-12-04 00:00:00+00
6929c2a2-fe0f-4b6a-be28-3b2aa80bcc4a,SONARPUR 2,de9ccacb-2080-400e-8c57-2e2cf729f724,22.42571000,88.45654000,4bc2a086-b131-47e1-9c20-f10650c0196d,,true,2025-09-20 00:00:00+00,2025-12-04 00:00:00+00
69b3cd60-ce89-43b4-ac1f-4671fc02d081,SITAKUNDU,f6cdce1d-fe11-4d40-8866-c509307f6150,22.35894800,88.46581100,4bc2a086-b131-47e1-9c20-f10650c0196d,,true,2025-08-20 00:00:00+00,2025-12-17 00:00:00+00
6ae392f8-cabe-4121-89a6-5a3ce5905a29,BORAL II BTS,f45e7454-2b12-4607-886b-f463b56fab98,22.45336000,88.37133200,4bc2a086-b131-47e1-9c20-f10650c0196d,OFC TO BORAL RLU + BRL KMLG ADM 16/R131 AT BRL PORT 3/5 AND KMLG PORT 3/5+KMLG CPAN 29.196/5.6,true,2025-08-20 00:00:00+00,2025-12-04 00:00:00+00
6ba14c85-b2bc-4b8c-899b-40b09da2fffb,BORAL NATUNHAT BTS,d749692f-5147-49b5-b1cf-8be443ad2de2,22.44277000,88.36680000,4bc2a086-b131-47e1-9c20-f10650c0196d,MW FROM BHRAMAPUR RSU BTS + CPAN B1 10.123.138.203/3.7,true,2025-08-20 00:00:00+00,2025-12-04 00:00:00+00
6c33d05d-2207-4bb8-b4a8-018503d78f21,SBI RBO BARUIPUR,6458a347-e80c-4a62-9357-551487a07e3a,22.37389342,88.42502005,4bc2a086-b131-47e1-9c20-f10650c0196d,,true,2025-08-20 00:00:00+00,2025-12-04 00:00:00+00
6c3d8bf8-006a-4230-8efe-c5343b7ac9c1,BRAHMAPUR,f6cdce1d-fe11-4d40-8866-c509307f6150,22.45959189,88.36461627,4bc2a086-b131-47e1-9c20-f10650c0196d,,true,2025-08-20 00:00:00+00,2025-12-04 00:00:00+00
6c8a0388-ee34-4f29-a724-b5a163ffeca8,Banshra,de9ccacb-2080-400e-8c57-2e2cf729f724,22.36714000,88.55440000,4bc2a086-b131-47e1-9c20-f10650c0196d,,true,2025-10-14 00:00:00+00,2025-12-04 00:00:00+00
6cb1a150-a017-4e2f-9018-f0482be79bdb,MAHAMAYATALA II BTS,f45e7454-2b12-4607-886b-f463b56fab98,22.45353400,88.38765600,4bc2a086-b131-47e1-9c20-f10650c0196d,OFC+KMLG B2 29.196/PORT6.2+JDP RNC PORT 10,true,2025-08-20 00:00:00+00,2025-12-04 00:00:00+00
6d0564ba-aa3b-4cf9-bbfa-53b264d452f1,FARTABAD ROAD,f45e7454-2b12-4607-886b-f463b56fab98,22.46330700,88.39634700,4bc2a086-b131-47e1-9c20-f10650c0196d,ML - Baishnabghata Patuli Exch - OLT - 7/7,true,2025-10-14 00:00:00+00,2025-12-04 00:00:00+00
6d2a25b4-5429-4a9a-8884-6087ad83c2c1,HARIHARPUR GP,de9ccacb-2080-400e-8c57-2e2cf729f724,22.38945000,88.43060000,4bc2a086-b131-47e1-9c20-f10650c0196d,,true,2025-09-16 00:00:00+00,2025-12-04 00:00:00+00
6d67735f-4ba9-4fc4-aa10-660498a235d1,BJC MISSION,0612aafd-3bac-4855-b408-e29bbbcbd37f,22.43314500,88.40145300,4bc2a086-b131-47e1-9c20-f10650c0196d,,true,2025-08-20 00:00:00+00,2025-12-04 00:00:00+00
6e380b52-dadd-4911-8462-d9bc4ca17cf9,BJC NATUNHAT BORAL,0612aafd-3bac-4855-b408-e29bbbcbd37f,,,4bc2a086-b131-47e1-9c20-f10650c0196d,,true,2025-08-20 00:00:00+00,2025-12-04 00:00:00+00
6e52bc10-3c79-4ff6-90e2-9ced1fbead34,WBSEDCL PADMAPUKUR,6458a347-e80c-4a62-9357-551487a07e3a,22.37449730,88.42516743,4bc2a086-b131-47e1-9c20-f10650c0196d,,true,2025-08-20 00:00:00+00,2025-12-04 00:00:00+00
6ef43b78-0e7b-41c0-90d8-b26b4823b2ec,BJC PURATAN BAZAR,0612aafd-3bac-4855-b408-e29bbbcbd37f,22.44209100,88.43310800,4bc2a086-b131-47e1-9c20-f10650c0196d,,true,2025-08-20 00:00:00+00,2025-12-04 00:00:00+00
6f41170b-1bdb-4007-98a4-a5f7cd1ab418,BARUIPUR MOTHERHUT I BTS,f45e7454-2b12-4607-886b-f463b56fab98,22.36473600,88.44676000,4bc2a086-b131-47e1-9c20-f10650c0196d,MADARHAT -BRP EXCH OFC + BRP CPAN A1 138.240 PORT/1.5 RNC 11,true,2025-08-20 00:00:00+00,2025-12-04 00:00:00+00
70f7d909-f8b0-4171-a67b-6df6ffc170af,Mission Pally BTS,f45e7454-2b12-4607-886b-f463b56fab98,22.44034400,88.41962700,4bc2a086-b131-47e1-9c20-f10650c0196d,OFC+SNP CPAN A1 10.123.138.221/1.5,true,2025-08-20 00:00:00+00,2025-12-08 00:00:00+00
7184883c-d5f4-42c8-9c21-6b25f218b399,SONARPUR ROAD BAZAR BTS,f45e7454-2b12-4607-886b-f463b56fab98,22.44209100,88.43310800,4bc2a086-b131-47e1-9c20-f10650c0196d,OFC+APN CPAN A1 138.222/1.6 RNC 11,true,2025-08-20 00:00:00+00,2025-12-04 00:00:00+00
72e5315c-924d-446b-9799-7efa17eec0be,NARENDRAPUR KUMROKHALI RD BTS,d749692f-5147-49b5-b1cf-8be443ad2de2,22.45050000,88.40220000,4bc2a086-b131-47e1-9c20-f10650c0196d,MW from FARTABAD BTS+ PATULI CPAN A1 10.123.138.36/1.4,true,2025-08-20 00:00:00+00,2025-12-04 00:00:00+00
76007e7f-d3db-4dcb-b6d4-26ad641a4597,BJC HHC,0612aafd-3bac-4855-b408-e29bbbcbd37f,22.45870000,88.38340000,4bc2a086-b131-47e1-9c20-f10650c0196d,,true,2025-08-20 00:00:00+00,2025-12-04 00:00:00+00
77404e58-8249-4cd1-b031-0bcdfa97b941,MALLICKPUR-II BTS,d749692f-5147-49b5-b1cf-8be443ad2de2,22.39711100,88.43938900,4bc2a086-b131-47e1-9c20-f10650c0196d,Mallickpur II(new)-Rajpur khasmallik bts mini link+cascade with Rajpur khasmallik bts via minlink to harinavi +hnv CPAN A1(138.238) PORT-2/4,true,2025-11-08 00:00:00+00,2025-12-04 00:00:00+00
77d5b651-7105-4177-aa23-51673a850b26,BJC JC NEAR BORO POLE,0612aafd-3bac-4855-b408-e29bbbcbd37f,22.40443545,88.46194860,4bc2a086-b131-47e1-9c20-f10650c0196d,,true,2025-08-20 00:00:00+00,2025-12-04 00:00:00+00
77ffbe51-7aee-49e2-9ada-2ed98055ceb3,Poleghat,de9ccacb-2080-400e-8c57-2e2cf729f724,22.41065000,88.39467000,4bc2a086-b131-47e1-9c20-f10650c0196d,,true,2025-08-20 00:00:00+00,2025-12-04 00:00:00+00
781a30c9-f5db-4af4-ac1d-f279ad2eff80,HHC,f6cdce1d-fe11-4d40-8866-c509307f6150,22.45870000,88.38340000,4bc2a086-b131-47e1-9c20-f10650c0196d,,true,2025-08-20 00:00:00+00,2025-12-04 00:00:00+00
781f4273-e1e0-44b7-8587-7434f2601e3e,KHEYADAH GP,de9ccacb-2080-400e-8c57-2e2cf729f724,22.49224359,88.46013218,4bc2a086-b131-47e1-9c20-f10650c0196d,,true,2025-08-20 00:00:00+00,2025-12-04 00:00:00+00
7a24fbd1-90e4-42c7-a6d5-557256417192,BJC DHOPAGACHI,0612aafd-3bac-4855-b408-e29bbbcbd37f,22.36737531,88.40215958,4bc2a086-b131-47e1-9c20-f10650c0196d,,true,2025-08-20 00:00:00+00,2025-12-04 00:00:00+00
7a2ce0a0-5faa-4b10-8f22-ecfe68cdb525,SOUTH GARIA GP,de9ccacb-2080-400e-8c57-2e2cf729f724,22.40268000,88.47714000,4bc2a086-b131-47e1-9c20-f10650c0196d,,true,2025-09-13 00:00:00+00,2025-12-04 00:00:00+00
7a797a60-568c-455a-954d-4099c32a438d,SARMASTAPUR BTS,f45e7454-2b12-4607-886b-f463b56fab98,22.40700000,88.39970000,4bc2a086-b131-47e1-9c20-f10650c0196d,CPAN 10.123.138.210/1.3,true,2025-08-20 00:00:00+00,2025-12-04 00:00:00+00
7a9edf28-37f7-4a0f-94e5-9c75cbd85c6e,MALLICKPUR ROAD BTS,f45e7454-2b12-4607-886b-f463b56fab98,22.39069300,88.41904100,4bc2a086-b131-47e1-9c20-f10650c0196d,,false,2025-08-20 00:00:00+00,2025-12-04 00:00:00+00
7b2e1757-491e-41ad-8199-b1901d7ee198,SRIKHANDA BTS,d749692f-5147-49b5-b1cf-8be443ad2de2,22.46020000,88.41560000,4bc2a086-b131-47e1-9c20-f10650c0196d,µw FOM ABANTIPUR EXCH,false,2025-08-20 00:00:00+00,2025-12-04 00:00:00+00
7b3df527-c4dd-46e1-83b5-a4901634c62d,Kalikapur-I,de9ccacb-2080-400e-8c57-2e2cf729f724,22.42499000,88.49706000,4bc2a086-b131-47e1-9c20-f10650c0196d,,true,2025-08-20 00:00:00+00,2025-12-04 00:00:00+00
7b6234e0-1a08-4e0b-a890-20abbc65af79,PNB SALEPUR,6458a347-e80c-4a62-9357-551487a07e3a,22.36401990,88.42960840,4bc2a086-b131-47e1-9c20-f10650c0196d,"Sabita Shopping Complex, 9C8G+WPQ Kachari Bazar, Khodar Bazar Uttarpara, Baruipur, West Bengal 700144",true,2025-12-03 00:00:00+00,2025-12-04 00:00:00+00
7b91f627-deee-4e32-82ca-5b336c1be18f,BJC RAJPUR,0612aafd-3bac-4855-b408-e29bbbcbd37f,22.42169540,88.41134282,4bc2a086-b131-47e1-9c20-f10650c0196d,,true,2026-01-01 07:58:56.719269+00,2026-01-01 07:58:56.719269+00
7ba58860-566a-41cc-8493-dc37bbc303a5,BONHOOGLY BTS,d749692f-5147-49b5-b1cf-8be443ad2de2,22.43770000,88.36640000,4bc2a086-b131-47e1-9c20-f10650c0196d,MW FROM NEPAL GAUNG EXCH+NPALGAUNG DSLAM,true,2025-08-20 00:00:00+00,2025-12-04 00:00:00+00
7c4afc1c-7c86-41ac-a829-73accff18181,BJC DAS HONDA,0612aafd-3bac-4855-b408-e29bbbcbd37f,22.42427300,88.40266900,4bc2a086-b131-47e1-9c20-f10650c0196d,,true,2025-08-20 00:00:00+00,2025-12-04 00:00:00+00
7cbf2d21-512a-4db7-b066-5d65400993c7,ADSR GARIA,6458a347-e80c-4a62-9357-551487a07e3a,22.45373550,88.38816970,4bc2a086-b131-47e1-9c20-f10650c0196d,"66, Netaji Subhash Chandra Bose Rd, Mahamaya Tala, Garia, Rajpur Sonarpur, West Bengal 700084",true,2025-12-03 00:00:00+00,2025-12-04 00:00:00+00
7cfda4ed-503a-4400-97bc-89740b0b020d,SOUTH GOBINDAPUR BTS,d749692f-5147-49b5-b1cf-8be443ad2de2,22.38200000,88.40193000,4bc2a086-b131-47e1-9c20-f10650c0196d,MW FROM GOBINDAPUR BTS+CPAN RING NO A008 /A1 138.206/PORT- 1.4 /RNC-13,true,2025-08-20 00:00:00+00,2025-12-04 00:00:00+00
7dd475ab-8a87-4d25-b9f3-a8c4d22f3ab3,BONHOOGHLY II BTS,d749692f-5147-49b5-b1cf-8be443ad2de2,22.45183500,88.35740000,4bc2a086-b131-47e1-9c20-f10650c0196d,MW FROM BHRAMAPUR RSU BTS + CPAN B1 10.123.138.203/3.7,true,2025-08-20 00:00:00+00,2025-12-04 00:00:00+00
8039b734-3501-4347-a4e4-7b7bff5a5952,BJC NEPALGUNGE NEAR BLUEDART BORAL MAIN ROA,0612aafd-3bac-4855-b408-e29bbbcbd37f,22.43526104,88.37531475,4bc2a086-b131-47e1-9c20-f10650c0196d,,true,2025-08-20 00:00:00+00,2025-12-04 00:00:00+00
80ac669e-836b-415d-928b-c734784baa4a,BJC BARUIPUR HOSPITAL,0612aafd-3bac-4855-b408-e29bbbcbd37f,22.35799379,88.43356765,4bc2a086-b131-47e1-9c20-f10650c0196d,,true,2025-08-20 00:00:00+00,2025-12-04 00:00:00+00
81609ffc-55a8-4a2e-9283-bb903f109412,BJC NARIDANA,0612aafd-3bac-4855-b408-e29bbbcbd37f,22.34579685,88.45805149,4bc2a086-b131-47e1-9c20-f10650c0196d,,true,2025-08-20 00:00:00+00,2025-12-04 00:00:00+00
817db3ce-e914-40cb-a509-e2b12c7ac189,BJC SASAN ROAD OH JOINT,0612aafd-3bac-4855-b408-e29bbbcbd37f,22.39069300,88.41904100,4bc2a086-b131-47e1-9c20-f10650c0196d,,true,2025-08-20 00:00:00+00,2025-12-04 00:00:00+00
8200a942-e1c4-4246-b231-9cab7a28e96c,BJC BIRLA PLUS PIT,0612aafd-3bac-4855-b408-e29bbbcbd37f,22.42993939,88.40447212,4bc2a086-b131-47e1-9c20-f10650c0196d,,true,2025-08-20 00:00:00+00,2025-12-04 00:00:00+00
8236eb61-c5f3-4550-9d04-bfd1707ffeb1,BOIKUNTHAPUR SONARPUR BTS,f45e7454-2b12-4607-886b-f463b56fab98,22.42930000,88.42780000,4bc2a086-b131-47e1-9c20-f10650c0196d,,true,2025-08-20 00:00:00+00,2025-12-04 00:00:00+00
8281f3e9-64c6-4aad-aedf-97755aaac4a3,MALLICKPUR GP,de9ccacb-2080-400e-8c57-2e2cf729f724,22.39823300,88.43285200,4bc2a086-b131-47e1-9c20-f10650c0196d,,true,2025-09-17 00:00:00+00,2025-12-04 00:00:00+00
838c3d99-3275-47d6-8a38-28be1318f029,DHAPDHAPI II GP,de9ccacb-2080-400e-8c57-2e2cf729f724,22.32291000,88.47409000,4bc2a086-b131-47e1-9c20-f10650c0196d,,true,2025-09-05 00:00:00+00,2025-12-04 00:00:00+00
84c55f6c-7590-4ade-89aa-12d6c8ed024a,MULLICKPUR SITALA MANDIR BTS,d749692f-5147-49b5-b1cf-8be443ad2de2,22.40310000,88.42490000,4bc2a086-b131-47e1-9c20-f10650c0196d,MW FROM HARINAVI EXCH +CPAN A1(138.238) PORT-1/4,true,2025-08-20 00:00:00+00,2025-12-04 00:00:00+00
857fb335-66a4-4e7d-81aa-f8904e6b9633,SUBHASGRAM (near power GRID) BTS,d749692f-5147-49b5-b1cf-8be443ad2de2,22.40572200,88.45827800,4bc2a086-b131-47e1-9c20-f10650c0196d,MW HNV+Harinavi CPAN A1 10.123.138.217/1.6,true,2025-08-20 00:00:00+00,2025-12-04 00:00:00+00
859ee42c-40de-4e16-ac9b-084075953311,SHERWOOD,f6cdce1d-fe11-4d40-8866-c509307f6150,22.44014856,88.39723324,4bc2a086-b131-47e1-9c20-f10650c0196d,,true,2025-08-20 00:00:00+00,2025-12-04 00:00:00+00
86fcde3c-2f67-481d-af32-11d7833f4114,OPP. WELKIN SCHOOL JC,0612aafd-3bac-4855-b408-e29bbbcbd37f,22.34775700,88.44325300,4bc2a086-b131-47e1-9c20-f10650c0196d,Underground JC near Welkin,true,2025-08-21 00:00:00+00,2026-01-04 13:24:56.721926+00
876847d1-9e49-4c81-9716-c3b188826ce1,BARUIPUR III BTS,f45e7454-2b12-4607-886b-f463b56fab98,22.35200000,88.42157600,4bc2a086-b131-47e1-9c20-f10650c0196d,BRP-III cpan A1 10.123.138.211/1.6,true,2025-08-20 00:00:00+00,2025-12-04 00:00:00+00
88b7e61d-0d1c-4aea-bda0-23164ff9ed2f,SANKARPUR I GP,de9ccacb-2080-400e-8c57-2e2cf729f724,22.30253000,88.43607000,4bc2a086-b131-47e1-9c20-f10650c0196d,,true,2025-09-03 00:00:00+00,2025-12-04 00:00:00+00
8920d1b2-143d-4c51-8b81-51aa71a22cca,SHIKHARBALI I GP,de9ccacb-2080-400e-8c57-2e2cf729f724,22.33543000,88.43370000,4bc2a086-b131-47e1-9c20-f10650c0196d,,true,2025-09-19 00:00:00+00,2025-12-04 00:00:00+00
89b1df6b-da29-4bc9-86b0-b60ad3876589,BJC AERIAL JC DRDO,0612aafd-3bac-4855-b408-e29bbbcbd37f,22.35970226,88.39375451,4bc2a086-b131-47e1-9c20-f10650c0196d,,true,2025-08-20 00:00:00+00,2025-12-04 00:00:00+00
8a30a636-b3d8-42ef-a0f5-0a005a0d7891,BJC JC NEAR SARKARPARA BTS,0612aafd-3bac-4855-b408-e29bbbcbd37f,22.42828400,88.41675300,4bc2a086-b131-47e1-9c20-f10650c0196d,,true,2025-08-20 00:00:00+00,2025-12-04 00:00:00+00
8ad723eb-6da3-4475-8ffb-3afde808fe07,FUTURE INSTITUTE OF ENGG AND MANAGEMENT,f6cdce1d-fe11-4d40-8866-c509307f6150,22.44325019,88.41609867,4bc2a086-b131-47e1-9c20-f10650c0196d,,true,2025-08-20 00:00:00+00,2025-12-04 00:00:00+00
8c4e7a4f-4a6b-4454-94ea-1b99a78f51fe,ONGC SONARPUR,6458a347-e80c-4a62-9357-551487a07e3a,22.43850000,88.42680000,4bc2a086-b131-47e1-9c20-f10650c0196d,,true,2025-08-20 00:00:00+00,2025-12-04 00:00:00+00
8e78e99f-5b42-40a3-b542-d6682b30392d,Behala Telephone Exchange,f6cdce1d-fe11-4d40-8866-c509307f6150,22.49266670,88.31260290,e6222b47-7f08-4ff1-8c75-86b6b5b0a648,,true,2025-10-18 00:00:00+00,2025-12-04 00:00:00+00
8eb7c593-3536-41e0-a0dc-eb6257a95b8d,SP OFFICE BRP,6458a347-e80c-4a62-9357-551487a07e3a,22.35982547,88.43275307,4bc2a086-b131-47e1-9c20-f10650c0196d,,true,2025-08-20 00:00:00+00,2025-12-04 00:00:00+00
8eda2d42-aebc-4172-a8cb-83546f6ea61c,RAMCHANDRAPUR II BTS,d749692f-5147-49b5-b1cf-8be443ad2de2,22.43643700,88.39206900,4bc2a086-b131-47e1-9c20-f10650c0196d,MW FROM RAMCHANDRAPUR II TO LASKARPUR BTS+MW FROM LASKARPUR TO KAMALGAZI EXCH BTS+CASCADE KAMALGAZI GPON OLT 8/3 PORT,true,2025-08-20 00:00:00+00,2025-12-04 00:00:00+00
8f06599e-fe3e-4717-b0ea-4fa6ccdb8ea6,BARUIPUR DUTTAPARA BTS,f45e7454-2b12-4607-886b-f463b56fab98,22.35855600,88.44080600,4bc2a086-b131-47e1-9c20-f10650c0196d,OFC FROM BRP EXCH+BRP CPAN A1 138.220/ 2.6 RNC 07,true,2025-08-20 00:00:00+00,2025-12-04 00:00:00+00
8f62f69a-884a-41ff-8e00-a50c705d1adc,BMP PLACE ROAD BTS,d749692f-5147-49b5-b1cf-8be443ad2de2,22.39069300,88.41904100,4bc2a086-b131-47e1-9c20-f10650c0196d,,true,2025-08-20 00:00:00+00,2025-12-04 00:00:00+00
9144303e-6a05-4f3f-b804-3fe8c757f9ab,Ramkrishna Sarani North BTS,f45e7454-2b12-4607-886b-f463b56fab98,22.49858000,88.30969000,4bc2a086-b131-47e1-9c20-f10650c0196d,MW FROM BMP EXCH + BMP DSLAM,true,2025-08-20 00:00:00+00,2026-01-04 13:22:34.880079+00
91efb40b-3d7f-430b-9fec-584bcaf56029,MALLICKPUR BTS,f45e7454-2b12-4607-886b-f463b56fab98,22.39069300,88.41904100,4bc2a086-b131-47e1-9c20-f10650c0196d,,true,2025-08-20 00:00:00+00,2025-12-04 00:00:00+00
92ca1720-9481-4411-a6ce-e9b0859985ac,KAMALGAZI PEYARABAGAN BTS,f45e7454-2b12-4607-886b-f463b56fab98,22.44610500,88.38541200,4bc2a086-b131-47e1-9c20-f10650c0196d,KAMALGAZI- BORAL/24 F/NEW/F-15 +KMLG CPAN A1 29.230 PORT 1.6,true,2025-08-20 00:00:00+00,2025-12-04 00:00:00+00
9316bc95-e5b0-4e58-b16f-424662b14ac8,PRANA BORAL BTS,f45e7454-2b12-4607-886b-f463b56fab98,22.43794000,88.37512100,4bc2a086-b131-47e1-9c20-f10650c0196d,PARNA BORAL CPAN A1 10.123.29.209/1.4,true,2025-08-20 00:00:00+00,2025-12-04 00:00:00+00
93d9b329-2382-443a-949d-ba8225db474c,MALANCHA_CHANDPUR BTS,f45e7454-2b12-4607-886b-f463b56fab98,22.40270000,88.41240000,4bc2a086-b131-47e1-9c20-f10650c0196d,CPAN A1 10.123.138.209/PORT1.3+ HNV-BRL/24F/F-21 & 22,true,2025-08-20 00:00:00+00,2025-12-04 00:00:00+00
94077ee0-980e-452a-877f-68d1c2fe5417,Taldi,de9ccacb-2080-400e-8c57-2e2cf729f724,22.34421100,88.60871700,4bc2a086-b131-47e1-9c20-f10650c0196d,,true,2025-10-14 00:00:00+00,2025-12-04 00:00:00+00
9570839c-ff32-4512-a641-42845be75e83,GARIA MAIN ROAD BTS,d749692f-5147-49b5-b1cf-8be443ad2de2,22.44595500,88.39237400,4bc2a086-b131-47e1-9c20-f10650c0196d,MW FRM RAMCHANDRAPUR+CPAN 10.123.29.234/2.3,true,2025-08-20 00:00:00+00,2025-12-04 00:00:00+00
96a3c282-7caa-452f-b11f-6df458ee0a15,JC NEAR KHEYADAH 1,0612aafd-3bac-4855-b408-e29bbbcbd37f,22.49179000,88.45969000,4bc2a086-b131-47e1-9c20-f10650c0196d,,true,2025-08-29 00:00:00+00,2025-12-04 00:00:00+00
9739d90e-5a6f-437c-9dcc-9a94833942cc,Mathurapur Juba Sangha Club BTS,d749692f-5147-49b5-b1cf-8be443ad2de2,22.42550100,88.44773900,4bc2a086-b131-47e1-9c20-f10650c0196d,,true,2025-11-28 00:00:00+00,2025-12-04 00:00:00+00
983e2b2e-802a-45d9-bddc-c7825d1f1ed1,BJC JAGADDAL II,0612aafd-3bac-4855-b408-e29bbbcbd37f,22.42368000,88.40312100,4bc2a086-b131-47e1-9c20-f10650c0196d,,true,2025-08-20 00:00:00+00,2025-12-04 00:00:00+00
985d6abe-3cba-4ad9-a4a3-d99ddd600fad,BJC FIEM,0612aafd-3bac-4855-b408-e29bbbcbd37f,22.44400148,88.41445297,4bc2a086-b131-47e1-9c20-f10650c0196d,,true,2025-08-20 00:00:00+00,2025-12-04 00:00:00+00
98ea8116-42cb-4690-bbdc-d7e973310f9e,BJC GOBINDAPUR,0612aafd-3bac-4855-b408-e29bbbcbd37f,22.38940000,88.41100000,4bc2a086-b131-47e1-9c20-f10650c0196d,,true,2025-08-20 00:00:00+00,2025-12-04 00:00:00+00
9b8b4fb4-5ba8-401d-8f53-a05bb7610b11,RAMNAGAR 1 GP,de9ccacb-2080-400e-8c57-2e2cf729f724,22.35902905,88.46544978,4bc2a086-b131-47e1-9c20-f10650c0196d,,true,2025-09-07 00:00:00+00,2025-12-04 00:00:00+00
9ce5929c-3cb3-401f-abe5-7bd9e73db778,KHODAR_BAZAR BTS,d749692f-5147-49b5-b1cf-8be443ad2de2,22.35492900,88.42696000,4bc2a086-b131-47e1-9c20-f10650c0196d,MW FROM BRP EXCH+BRP MADM R52 SWITCH GE 16/1+ADM 16 SWITCH FE 39/4+BRP CPAN B1 138.196/PORT 3.5 RNC 10,true,2025-08-20 00:00:00+00,2025-12-04 00:00:00+00
9f0abffc-11ef-484c-bd32-e7b8e57530ae,BARUIPUR COURT,6458a347-e80c-4a62-9357-551487a07e3a,22.36561051,88.42973189,4bc2a086-b131-47e1-9c20-f10650c0196d,,true,2025-08-20 00:00:00+00,2025-12-04 00:00:00+00
9fa7e823-3c49-4cb5-8519-f80ce7f416e4,ADSR BARUIPUR,6458a347-e80c-4a62-9357-551487a07e3a,22.36637290,88.42948580,4bc2a086-b131-47e1-9c20-f10650c0196d,,true,2025-08-20 00:00:00+00,2025-12-04 00:00:00+00
a0cad95f-0452-4ef4-9b29-d38998a6195b,BJC KAMALGAZI MORE JC,0612aafd-3bac-4855-b408-e29bbbcbd37f,22.44719080,88.39202382,4bc2a086-b131-47e1-9c20-f10650c0196d,,true,2025-08-20 00:00:00+00,2025-12-04 00:00:00+00
a3908bf9-bace-48d4-83d2-56e9c5485c2f,Circus Telephone Exchange,f6cdce1d-fe11-4d40-8866-c509307f6150,22.54575260,88.35487150,b548ad4b-2aab-4173-a958-c74f303022ce,"10/1, Picasso Bithi, Mullick Bazar, Elgin, Kolkata, West Bengal 700017",true,2025-12-04 00:00:00+00,2025-12-04 00:00:00+00
a591e8fb-a657-4146-866e-5553edf6681a,FARTABAD BTS,f45e7454-2b12-4607-886b-f463b56fab98,22.46446100,88.38770600,4bc2a086-b131-47e1-9c20-f10650c0196d,OFC+ CPAN A1 138.47/PORT-2.6,true,2025-08-20 00:00:00+00,2025-12-04 00:00:00+00
a61789d2-1643-4876-94bc-352fcd07ec46,BJC KMG LIFELINE,0612aafd-3bac-4855-b408-e29bbbcbd37f,,,4bc2a086-b131-47e1-9c20-f10650c0196d,,true,2025-08-20 00:00:00+00,2025-12-04 00:00:00+00
a72f165a-4e0f-44a3-934e-f68940e00471,SBI BARUIPUR,6458a347-e80c-4a62-9357-551487a07e3a,22.35879612,88.43350208,4bc2a086-b131-47e1-9c20-f10650c0196d,,true,2025-08-20 00:00:00+00,2025-12-04 00:00:00+00
a82a31fd-1a34-4df5-ba67-f51291a81fc4,RAJPUR Chandi Bari BTS,f45e7454-2b12-4607-886b-f463b56fab98,22.42724000,88.41285800,4bc2a086-b131-47e1-9c20-f10650c0196d,OFC HNV-SNPL/48F/F-13 & F-14 (2.18 KM& 1.73 UPTO CHAMBER)+HNV CPAN A1 138.253/2.6+RNC 11,true,2025-08-20 00:00:00+00,2025-12-04 00:00:00+00
a8c91e51-9673-4267-8dee-0627a03bc826,KUMRAKHALI BTS,f45e7454-2b12-4607-886b-f463b56fab98,22.45050000,88.40220000,4bc2a086-b131-47e1-9c20-f10650c0196d,MW from FARTABAD BTS+ PATULI CPAN A1 10.123.138.36/1.4,true,2025-08-20 00:00:00+00,2025-12-04 00:00:00+00
a99402f1-c0a5-4753-98e5-f8216975ec94,GHOSHPADA DARIR ROAD BTS,d749692f-5147-49b5-b1cf-8be443ad2de2,22.41680500,88.38969700,4bc2a086-b131-47e1-9c20-f10650c0196d,MW FROM HNV+HNV MADM R-33/PORT-3/8+MADM R-33-HNV CPAN/PORT 3/36 AT MADM AND CPAN B1 PORT 3.3/RNC,true,2025-08-20 00:00:00+00,2025-12-04 00:00:00+00
a9ca2596-ae80-4c6b-92f1-b197e98dcaea,BAISHNABGHATA,a6e36125-cd80-45a1-99f5-ae4b445a6880,22.47327600,88.39016000,0334365e-3c7e-4e0f-8547-33a673be10f6,,true,2025-08-20 00:00:00+00,2025-12-04 00:00:00+00
aa038ff3-1123-4287-a7e3-a6cb014cc535,Bangooghly-I,de9ccacb-2080-400e-8c57-2e2cf729f724,22.42832000,88.37340000,4bc2a086-b131-47e1-9c20-f10650c0196d,,true,2025-08-20 00:00:00+00,2025-12-04 00:00:00+00
aafe2bfb-6e18-4053-97b5-bf7fb9992fcb,KALYANPUR,f6cdce1d-fe11-4d40-8866-c509307f6150,22.34204600,88.41224400,4bc2a086-b131-47e1-9c20-f10650c0196d,,true,2025-08-20 00:00:00+00,2025-12-04 00:00:00+00
abfa36d3-d0ed-486e-8f97-62651f7a9b9e,KAMALGAZI BTS,f45e7454-2b12-4607-886b-f463b56fab98,22.45020000,88.39050000,4bc2a086-b131-47e1-9c20-f10650c0196d,KAMALGAZI CPAN 10.123.29.230/PORT1.5,true,2025-08-20 00:00:00+00,2025-12-04 00:00:00+00
ac5a2d13-e807-4050-a04c-376c566ae64f,BJC ZILA STADIUM,0612aafd-3bac-4855-b408-e29bbbcbd37f,22.34891425,88.45983625,4bc2a086-b131-47e1-9c20-f10650c0196d,,true,2025-08-20 00:00:00+00,2025-12-04 00:00:00+00
aeaa6688-ca5f-4a9d-9d72-28ac13063d15,BARENDRA PARA BTS,f45e7454-2b12-4607-886b-f463b56fab98,22.43241000,88.42158000,4bc2a086-b131-47e1-9c20-f10650c0196d,BARANDRAPARA TO SNP OFC+SNP A1 138.249/1.6 RNC 11,true,2025-08-20 00:00:00+00,2025-12-17 00:00:00+00
af2ac182-bc29-4013-a602-3d70ab1676ad,NABAGRAM GP,de9ccacb-2080-400e-8c57-2e2cf729f724,22.29141000,88.46735000,4bc2a086-b131-47e1-9c20-f10650c0196d,,true,2025-09-06 00:00:00+00,2025-12-04 00:00:00+00
b1ba7120-8b78-4897-b040-faa5e5620c96,SHALIMAR CHEMICAL BTS,f45e7454-2b12-4607-886b-f463b56fab98,22.43350000,88.40540000,4bc2a086-b131-47e1-9c20-f10650c0196d,CPAN 10.123.138.214/1.3,true,2025-08-20 00:00:00+00,2025-12-04 00:00:00+00
b1f6f204-2a68-4fba-af6e-a86fca1cd627,SUBHAS GRAM BANK PLOT BTS,f45e7454-2b12-4607-886b-f463b56fab98,22.41930000,88.43030000,4bc2a086-b131-47e1-9c20-f10650c0196d,ETH 1.3 +CPAN A1 10.123.138.219/PORT 1.5+OFC+ HARINAVI A1 10.123.138 .217/PORT 2.5,true,2025-08-20 00:00:00+00,2025-12-04 00:00:00+00
b23799ac-04a7-4a2c-a6ce-2676971cbc2f,PADMAPUKUR,f6cdce1d-fe11-4d40-8866-c509307f6150,22.36924235,88.42718402,4bc2a086-b131-47e1-9c20-f10650c0196d,,true,2025-08-20 00:00:00+00,2025-12-04 00:00:00+00
b2dba624-533d-48c2-ac79-6df541ab8054,Sonarpur Bhq,ad56dd60-f014-464b-84b9-a090ed843fab,22.43436000,88.41563200,4bc2a086-b131-47e1-9c20-f10650c0196d,,true,2025-08-20 00:00:00+00,2025-12-04 00:00:00+00
b2f0ba07-02af-4844-af6c-da4e557c5e91,PNB PADMAPUKUR,6458a347-e80c-4a62-9357-551487a07e3a,22.37152891,88.42457658,4bc2a086-b131-47e1-9c20-f10650c0196d,,true,2025-08-20 00:00:00+00,2025-12-04 00:00:00+00
b3ba1d0c-d912-4635-a664-55d42fd7dede,Kalikapur-II,de9ccacb-2080-400e-8c57-2e2cf729f724,22.40706500,88.49511300,4bc2a086-b131-47e1-9c20-f10650c0196d,,true,2025-08-20 00:00:00+00,2025-12-04 00:00:00+00
b4237dad-b581-4bf2-ac29-ae502a2bf43d,RAJPUR SARKAR PARA BTS,f45e7454-2b12-4607-886b-f463b56fab98,22.42900000,88.41720000,4bc2a086-b131-47e1-9c20-f10650c0196d,CPAN 10.123.138.215/1.3,true,2025-08-20 00:00:00+00,2025-12-04 00:00:00+00
b5bfbef5-356c-499b-ad2b-351b7ed6a845,BARUIPUR,a6e36125-cd80-45a1-99f5-ae4b445a6880,22.35680000,88.43450000,4bc2a086-b131-47e1-9c20-f10650c0196d,,true,2025-08-20 00:00:00+00,2025-12-04 00:00:00+00
b90a8dd4-d762-448e-ba85-bd122456ae99,BJC IFO ATANU TELECOM,0612aafd-3bac-4855-b408-e29bbbcbd37f,22.34574800,88.45803400,4bc2a086-b131-47e1-9c20-f10650c0196d,,true,2025-08-20 00:00:00+00,2025-12-04 00:00:00+00
b914a33a-bae2-4481-818e-e66bafe8656a,BJC PADMAPUKUR,0612aafd-3bac-4855-b408-e29bbbcbd37f,22.36916300,88.42696700,4bc2a086-b131-47e1-9c20-f10650c0196d,,true,2025-08-20 00:00:00+00,2025-12-04 00:00:00+00
badf80cb-ccc2-47f9-8dc4-82e32733b251,GOBINDAPUR,f6cdce1d-fe11-4d40-8866-c509307f6150,22.39033200,88.41974200,4bc2a086-b131-47e1-9c20-f10650c0196d,,true,2025-08-20 00:00:00+00,2025-12-04 00:00:00+00
bb6d8d1f-0e0a-4fae-b764-ec9c469988b6,UTTARBAGH MORE JC,0612aafd-3bac-4855-b408-e29bbbcbd37f,22.33975000,88.51308000,4bc2a086-b131-47e1-9c20-f10650c0196d,,true,2025-08-23 00:00:00+00,2025-12-04 00:00:00+00
bc11bc30-dc0e-4dd6-86bc-d8f4ea149d1b,SUBHASGRAM,262e50f3-bef2-403c-85dc-f6d02b8a9ded,22.41516700,88.44930600,4bc2a086-b131-47e1-9c20-f10650c0196d,,true,2025-08-20 00:00:00+00,2025-12-04 00:00:00+00
bc425e08-3d64-4e72-8d42-4a8bf9187f5e,BJC BORAL,0612aafd-3bac-4855-b408-e29bbbcbd37f,22.43286884,88.37611668,4bc2a086-b131-47e1-9c20-f10650c0196d,,true,2025-08-20 00:00:00+00,2025-12-04 00:00:00+00
bc89c2b7-7450-415a-b126-8d11edc52d34,BARUIPUR MADARHAT ROAD,d749692f-5147-49b5-b1cf-8be443ad2de2,22.36571600,88.43281800,4bc2a086-b131-47e1-9c20-f10650c0196d,MW FROM BRP EXCH+BRP MADM R52 SWITCH GE 16/1+ADM 16 SWITCH FE 39/1+BRP CPAN B1 138.196/ 3.5 RNC 10,true,2025-12-06 00:00:00+00,2025-12-06 00:00:00+00
bcf6e48f-7152-4df4-b8e6-8501ed526101,BRP RLY XING BTS,f45e7454-2b12-4607-886b-f463b56fab98,22.36420811,88.43135966,4bc2a086-b131-47e1-9c20-f10650c0196d,CPAN RING NO A0168 BRP A1 138.216/1.3 RNC 10,true,2025-08-20 00:00:00+00,2025-12-04 00:00:00+00
bdd9d674-f64e-472b-8022-6203c4f4e4a2,RAJPUR MORE BTS,f45e7454-2b12-4607-886b-f463b56fab98,22.42285200,88.41055300,4bc2a086-b131-47e1-9c20-f10650c0196d,,true,2025-08-20 00:00:00+00,2025-12-04 00:00:00+00
be137ca3-f4f4-424b-b208-536d70486ed3,Kheyadaha-I,de9ccacb-2080-400e-8c57-2e2cf729f724,22.49226000,88.46002000,4bc2a086-b131-47e1-9c20-f10650c0196d,,true,2025-08-20 00:00:00+00,2025-12-04 00:00:00+00
bea08e9f-79b4-43dd-8515-c57d82c2e1ee,MAHINAGAR BTS,f45e7454-2b12-4607-886b-f463b56fab98,22.40103000,88.42104300,4bc2a086-b131-47e1-9c20-f10650c0196d,CPAN 10.123.138.205/1.3,true,2025-08-20 00:00:00+00,2025-12-17 00:00:00+00
bea33b43-76eb-460b-be4f-9493c5915b95,CHAMPAHATI GP,de9ccacb-2080-400e-8c57-2e2cf729f724,22.40129000,88.49040000,4bc2a086-b131-47e1-9c20-f10650c0196d,,true,2025-09-12 00:00:00+00,2025-12-04 00:00:00+00
bef92f43-aed2-428d-bca6-f314d8202ae6,BOI NARENDRAPUR,6458a347-e80c-4a62-9357-551487a07e3a,22.44220000,88.39510000,4bc2a086-b131-47e1-9c20-f10650c0196d,,true,2025-08-20 00:00:00+00,2025-12-04 00:00:00+00
bf9807b4-3e97-4de5-a8be-d99260d257ae,SUBHASHGRAM KODALIA BTS,d749692f-5147-49b5-b1cf-8be443ad2de2,22.41313000,88.42470400,4bc2a086-b131-47e1-9c20-f10650c0196d,MW FROM HNV+HNV CPAN 10.123.138.217/1.6,true,2025-08-20 00:00:00+00,2025-12-04 00:00:00+00
bf9b5eb6-0bd5-457e-98bc-0879a6f07bd1,BJC IFO LOKENATH GARDEN APARTMENT,0612aafd-3bac-4855-b408-e29bbbcbd37f,22.41717538,88.40907651,4bc2a086-b131-47e1-9c20-f10650c0196d,,true,2025-08-20 00:00:00+00,2025-12-04 00:00:00+00
c0273662-3ba4-4967-b4b9-7dcb0b1dc2e4,LANGALBERIA GP,de9ccacb-2080-400e-8c57-2e2cf729f724,22.38974000,88.41163000,4bc2a086-b131-47e1-9c20-f10650c0196d,,true,2025-09-15 00:00:00+00,2025-12-04 00:00:00+00
c03c5411-e3a6-404e-a7fe-ffcae2255379,BJC DHAMAITALA,0612aafd-3bac-4855-b408-e29bbbcbd37f,22.41651987,88.40675184,4bc2a086-b131-47e1-9c20-f10650c0196d,,true,2025-08-20 00:00:00+00,2025-12-04 00:00:00+00
c09b53e5-ef78-4846-b87b-a4bea12924f4,JOKA RLU,a6e36125-cd80-45a1-99f5-ae4b445a6880,22.44677790,88.29585510,e6222b47-7f08-4ff1-8c75-86b6b5b0a648,,true,2025-10-18 00:00:00+00,2025-12-04 00:00:00+00
c12f8c89-13fa-4d09-933b-11defee72af7,Central Telephone Exchange,f6cdce1d-fe11-4d40-8866-c509307f6150,22.55999880,88.34997340,eff6f022-3614-414a-aacf-2203fbd670f8,,true,2025-10-18 00:00:00+00,2025-12-04 00:00:00+00
c138183e-c7e4-490b-94fe-8bf5ba7af699,Telephone Kendra,f6cdce1d-fe11-4d40-8866-c509307f6150,22.57304520,88.35300340,3ea19950-a073-432c-8535-43630aeb1e5e,"Terita Bazar, Poddar Court, Tiretti, Kolkata, West Bengal 700012",true,2025-12-11 00:00:00+00,2025-12-11 00:00:00+00
c167bfd6-5426-4789-b7dc-8aed3b4367ca,BJC SHERWOOD AERIAL,0612aafd-3bac-4855-b408-e29bbbcbd37f,22.43895279,88.39697817,4bc2a086-b131-47e1-9c20-f10650c0196d,,true,2025-08-20 00:00:00+00,2025-12-04 00:00:00+00
c38d739c-c0b8-40ed-b18f-b58a59647962,SUBHASGRAM PETUA BTS,d749692f-5147-49b5-b1cf-8be443ad2de2,22.41516700,88.44930600,4bc2a086-b131-47e1-9c20-f10650c0196d,MW FROM SONARPUR SOUTH+HARINAV A1 138.244/1.6 JDP RNC 11,true,2025-08-20 00:00:00+00,2025-12-04 00:00:00+00
c56c403c-c441-49ff-bbdc-b6d36b364d0c,ABANTIPUR,f6cdce1d-fe11-4d40-8866-c509307f6150,22.46661513,88.41186425,4bc2a086-b131-47e1-9c20-f10650c0196d,,true,2025-08-20 00:00:00+00,2025-12-04 00:00:00+00
c7c7c764-2284-4b93-925c-aac50857413e,DIAMOND BEVARAGE,6458a347-e80c-4a62-9357-551487a07e3a,22.43440015,88.39923990,4bc2a086-b131-47e1-9c20-f10650c0196d,,true,2025-08-20 00:00:00+00,2025-12-04 00:00:00+00
cad123ff-e83b-48c3-b550-338955285c60,MADARHAT GP,de9ccacb-2080-400e-8c57-2e2cf729f724,22.36290200,88.44896700,4bc2a086-b131-47e1-9c20-f10650c0196d,,true,2025-09-08 00:00:00+00,2025-12-04 00:00:00+00
cb8918d3-ef72-4754-9c68-876edf4ae1d3,SONARPUR NATUNPALLY (GHASIRA BIDYAPITH SCHOOL) BTS,f45e7454-2b12-4607-886b-f463b56fab98,22.44130000,88.44470000,4bc2a086-b131-47e1-9c20-f10650c0196d,OFC+APN CPAN B1 138.198/4.5,true,2025-08-20 00:00:00+00,2025-12-17 00:00:00+00
cd24aa15-61ce-4b50-8854-8c047c49dc69,BORAL_KALITALA/ Uddayan Palli(Rakshit More),f45e7454-2b12-4607-886b-f463b56fab98,22.44982800,88.38131600,4bc2a086-b131-47e1-9c20-f10650c0196d,MW FROM KAMALGAZI EXCH BTS+CASCADE KAMALGAZI GPON OLT 8/3 PORT,true,2025-11-08 00:00:00+00,2025-12-04 00:00:00+00
ceb6e548-ad55-432c-83b2-08774b3fa530,BORAL MAJHERPARA BTS,f45e7454-2b12-4607-886b-f463b56fab98,22.44914900,88.36671400,4bc2a086-b131-47e1-9c20-f10650c0196d,OFC From Boral Majherpara To Boral+HNV -BRL ADM16/131-1/5 -6/5+ HNV CPAN 10.123.138.225/2.6,true,2025-08-20 00:00:00+00,2025-12-04 00:00:00+00
d21ea89a-7681-4e53-b10c-5da3c82d31fe,BARUIPUR SDO OFFICE,6458a347-e80c-4a62-9357-551487a07e3a,22.36111822,88.43219002,4bc2a086-b131-47e1-9c20-f10650c0196d,,true,2025-08-20 00:00:00+00,2025-12-04 00:00:00+00
d3be4972-e0dd-4dd7-9df6-16a1ed995d5d,SONARPUR BTS,f45e7454-2b12-4607-886b-f463b56fab98,22.43850000,88.42677800,4bc2a086-b131-47e1-9c20-f10650c0196d,SONARPUR - CPAN A1 10.123.138.221/PORT 2.6,true,2025-11-08 00:00:00+00,2025-12-04 00:00:00+00
d4698699-bda9-47c0-b787-580937d8e935,UPOHAR,f6cdce1d-fe11-4d40-8866-c509307f6150,22.47585000,88.40027000,0334365e-3c7e-4e0f-8547-33a673be10f6,,true,2025-12-12 00:00:00+00,2025-12-12 00:00:00+00
d7720235-52b0-4c37-96dc-e572940b6215,HARINAVI DUCT,0612aafd-3bac-4855-b408-e29bbbcbd37f,22.41570000,88.41600000,4bc2a086-b131-47e1-9c20-f10650c0196d,,true,2025-12-30 08:59:48.035746+00,2025-12-30 09:04:28.516816+00
d7eaa4cd-c7fd-4e64-ad84-6e5df4732326,BJC KRISHNA APARTMENT,0612aafd-3bac-4855-b408-e29bbbcbd37f,22.44220000,88.39510000,4bc2a086-b131-47e1-9c20-f10650c0196d,,true,2025-08-20 00:00:00+00,2025-12-04 00:00:00+00
dbf6632b-59b0-4380-b6c3-5111053dc970,Kamrabad,de9ccacb-2080-400e-8c57-2e2cf729f724,22.44809000,88.45532000,4bc2a086-b131-47e1-9c20-f10650c0196d,,true,2025-08-20 00:00:00+00,2025-12-04 00:00:00+00
dd13e53c-713a-4219-9ff1-463bd616523f,JC 2 NEAR AP NAGAR,0612aafd-3bac-4855-b408-e29bbbcbd37f,22.43562000,88.45572000,4bc2a086-b131-47e1-9c20-f10650c0196d,,true,2025-08-28 00:00:00+00,2025-12-04 00:00:00+00
de3ef82d-567d-4268-80bb-97190b174b52,SBI Khasmallick JC,0612aafd-3bac-4855-b408-e29bbbcbd37f,22.37397600,88.42492900,4bc2a086-b131-47e1-9c20-f10650c0196d,O/H JC,true,2025-12-29 09:05:28.403793+00,2026-01-01 08:30:59.43687+00
dea33be8-45f3-4823-9366-654f63ba67f2,JOGIBARTALA BTS,f45e7454-2b12-4607-886b-f463b56fab98,22.37680000,88.42320000,4bc2a086-b131-47e1-9c20-f10650c0196d,CPAN 10.123.138.208 /1.3,true,2025-08-20 00:00:00+00,2025-12-04 00:00:00+00
dea39efc-21b8-4bf1-9254-f53c958b6378,BARUIPUR MOTHERHUT II BTS,f45e7454-2b12-4607-886b-f463b56fab98,22.36682600,88.43825500,4bc2a086-b131-47e1-9c20-f10650c0196d,OFC+ BRP CPAN A1 138.240/PORT 1.6+ JDP CPAN 138.11/PORT 4.5,true,2025-08-20 00:00:00+00,2025-12-04 00:00:00+00
df1dcb75-c73c-49e0-8763-d2df4b0a8817,Baruipur Kalyanpur  BTS,d749692f-5147-49b5-b1cf-8be443ad2de2,22.34322000,88.42350000,4bc2a086-b131-47e1-9c20-f10650c0196d,BARUIPUR KALYANPUR - BARUIPUR-III /µw + BARUIPUR-III CPAN A1 10.123.138.211/PORT 1.4,true,2025-08-20 00:00:00+00,2026-01-05 05:27:08.794333+00
e0207dd8-654c-4f4e-b103-c6def421d81b,Narendrapur Rathtala BTS,d749692f-5147-49b5-b1cf-8be443ad2de2,22.42777800,88.40222500,4bc2a086-b131-47e1-9c20-f10650c0196d,MW FROM SHALIMAR CHEMICAL+ CPAN A1 138.214 /1.4 RNC 13,true,2025-08-20 00:00:00+00,2025-12-04 00:00:00+00
e04f56b4-7930-4477-bd1d-510670185b94,KALYANPUR STATION BTS,f45e7454-2b12-4607-886b-f463b56fab98,22.34305000,88.41043700,4bc2a086-b131-47e1-9c20-f10650c0196d,,true,2025-08-20 00:00:00+00,2025-12-04 00:00:00+00
e0546d07-677e-475e-b145-1dbfbdeb30f1,HINDUSTAN MORE BTS,f45e7454-2b12-4607-886b-f463b56fab98,22.45851600,88.38326400,4bc2a086-b131-47e1-9c20-f10650c0196d,KMLG -GARIA ofc 9 &10+CPAN KMLG A1 29.230 /2.6 RNC 10,true,2025-08-20 00:00:00+00,2025-12-04 00:00:00+00
e0834789-c315-4da7-8e13-13787f88be84,NARENDRAPUR MISSION GATE BTS,f45e7454-2b12-4607-886b-f463b56fab98,22.43692800,88.39923600,4bc2a086-b131-47e1-9c20-f10650c0196d,OFC FROM RK MISSON GATE BTS TO RK MISSION ROU +CPAN 10.123.138.230/1.6,true,2025-08-20 00:00:00+00,2025-12-04 00:00:00+00
e1cf5cd0-7692-45ee-83d2-cfdc6d8843ef,SUGAM PARK,f6cdce1d-fe11-4d40-8866-c509307f6150,22.44022965,88.39587116,4bc2a086-b131-47e1-9c20-f10650c0196d,,true,2025-08-20 00:00:00+00,2025-12-04 00:00:00+00
e1e3119d-5963-4202-9e63-3537e7ef7ffb,NARENDRAPUR-III BTS,f45e7454-2b12-4607-886b-f463b56fab98,22.42230000,88.39500000,4bc2a086-b131-47e1-9c20-f10650c0196d,MW FROM HARINAVI EXCH +HNV CPAN A110.123.138.238/2.3 OFC BORAL 24 F/ F 6&9 +HNV CPAN A 10.123.138.245 /2.6,true,2025-08-20 00:00:00+00,2025-12-04 00:00:00+00
e2183603-55cd-4233-a19a-d1319cd6f50e,BJC AERIAL JC SP OFFICE,0612aafd-3bac-4855-b408-e29bbbcbd37f,22.35982547,88.43275307,4bc2a086-b131-47e1-9c20-f10650c0196d,,true,2025-08-20 00:00:00+00,2025-12-04 00:00:00+00
e2cf886d-69cf-4e35-83dd-e990d803ac83,MONDAL PARA BTS,d749692f-5147-49b5-b1cf-8be443ad2de2,22.47723300,88.34978300,4bc2a086-b131-47e1-9c20-f10650c0196d,MW FROM BRP EXCH + BRP CPAN B1 138.196/PORT 4.8+ JDP CPAN 138.11/PORT 4.5,true,2025-08-20 00:00:00+00,2025-12-04 00:00:00+00
e314f7c3-2847-4c0e-9e8c-b61288e4b27d,CHOWHATI POLEHAT BTS,f45e7454-2b12-4607-886b-f463b56fab98,22.41643200,88.40726200,4bc2a086-b131-47e1-9c20-f10650c0196d,OFC HNV-BRL/24F/F-17 & F-20 (1.383 KM)+HNV A1 138.217/2.6 RNC 7,true,2025-08-20 00:00:00+00,2025-12-04 00:00:00+00
e3dd6ef8-fb08-4f16-b5f3-913512dd85a0,SANKARPUR II GP,de9ccacb-2080-400e-8c57-2e2cf729f724,22.28966400,88.44384700,4bc2a086-b131-47e1-9c20-f10650c0196d,,true,2025-09-04 00:00:00+00,2025-12-04 00:00:00+00
e44f1f78-c202-4c3b-813e-d39a68291b87,JC at Natunpally Rail Crossing,0612aafd-3bac-4855-b408-e29bbbcbd37f,22.42822000,88.43493900,4bc2a086-b131-47e1-9c20-f10650c0196d,,true,2025-12-01 00:00:00+00,2025-12-04 00:00:00+00
e4553aea-b23d-4d1b-90a2-bc4b684d0042,BEGUMPUR JC,0612aafd-3bac-4855-b408-e29bbbcbd37f,22.37982000,88.47839000,4bc2a086-b131-47e1-9c20-f10650c0196d,,true,2025-08-25 00:00:00+00,2025-12-04 00:00:00+00
e56848ea-3c3a-4925-b20c-bc5ca60bec5b,KODALIA BTS,f45e7454-2b12-4607-886b-f463b56fab98,22.40960000,88.42010000,4bc2a086-b131-47e1-9c20-f10650c0196d,CPAN 10.123.138.204/1.3,true,2025-08-20 00:00:00+00,2025-12-04 00:00:00+00
e66c5beb-db7a-40d0-b4d3-90329295780e,BIDYADHARPUR SONARPUR BTS,f45e7454-2b12-4607-886b-f463b56fab98,22.42469400,88.45594400,4bc2a086-b131-47e1-9c20-f10650c0196d,µw FROM AP NAGAR BTS +,true,2025-08-20 00:00:00+00,2025-12-04 00:00:00+00
e837bed9-b766-4f4f-8f8a-a6fb6f2d2abc,BJC JC INFRONT OF BOB SNP,0612aafd-3bac-4855-b408-e29bbbcbd37f,22.44102742,88.43721455,4bc2a086-b131-47e1-9c20-f10650c0196d,,true,2025-08-20 00:00:00+00,2025-12-04 00:00:00+00
e84ef8c2-4788-497a-90cb-7201d08ee88e,NARENDRAPUR II BTS,f45e7454-2b12-4607-886b-f463b56fab98,22.44595900,88.40175600,4bc2a086-b131-47e1-9c20-f10650c0196d,CPAN 10.123.138.229/1.3,true,2025-08-20 00:00:00+00,2025-12-17 00:00:00+00
e95dbdd9-6a44-496d-85ff-6535f8a25e0c,BJC NOFN NEAR GANGAJOARA BTS,0612aafd-3bac-4855-b408-e29bbbcbd37f,22.46710000,88.44250000,4bc2a086-b131-47e1-9c20-f10650c0196d,,true,2025-08-20 00:00:00+00,2025-12-04 00:00:00+00
e96946bc-5db3-44cb-a1a3-22e33ae39c64,SREEKHANDA KALVERT BTS,d749692f-5147-49b5-b1cf-8be443ad2de2,22.46007900,88.42330300,4bc2a086-b131-47e1-9c20-f10650c0196d,µw FOM SONARPUR BAZAR BTS,true,2025-08-20 00:00:00+00,2025-12-04 00:00:00+00
eadebe7a-8f33-4cae-b4a3-c3459e207835,DINGAL POTA BTS,f45e7454-2b12-4607-886b-f463b56fab98,22.41430000,88.38600000,4bc2a086-b131-47e1-9c20-f10650c0196d,ADM16/R-45 2nd Port (2-13) + HNV-RAMCH/ADM1/R-459/PORT-ETH6-ETHFX1 + RAMCH-DINGELPOTA/µw,true,2025-08-20 00:00:00+00,2025-12-04 00:00:00+00
eb8587c0-d977-46d7-88d9-149ebb865000,SUBHAS GRAM RAIL GATE BTS,d749692f-5147-49b5-b1cf-8be443ad2de2,22.40957200,88.43560000,4bc2a086-b131-47e1-9c20-f10650c0196d,MW FROM HARINAVI EXCH+HNV CPAN A1(138.238) PORT-1/4,true,2025-08-20 00:00:00+00,2025-12-04 00:00:00+00
ebba4278-7d39-488b-8492-aca4001cf2c6,BJC KAMALGAZI CHOWK,0612aafd-3bac-4855-b408-e29bbbcbd37f,22.44736225,88.39187896,4bc2a086-b131-47e1-9c20-f10650c0196d,,true,2025-08-20 00:00:00+00,2025-12-04 00:00:00+00
ebd96b33-8ed2-479d-a8eb-dcdaf9fd31da,SITAKUNDU BTS,f45e7454-2b12-4607-886b-f463b56fab98,22.36070000,88.46970000,4bc2a086-b131-47e1-9c20-f10650c0196d,OFC+SITAKUNDU CPAN B1 10.123.138.197 /3.2,true,2025-08-20 00:00:00+00,2025-12-04 00:00:00+00
ec69226c-0b1f-46fb-9594-714935f4ad45,SUBHASGRAM II BTS,d749692f-5147-49b5-b1cf-8be443ad2de2,22.42005000,88.44162000,4bc2a086-b131-47e1-9c20-f10650c0196d,,true,2025-11-28 00:00:00+00,2025-12-04 00:00:00+00
edf68477-f312-4431-a27f-1defd6cf3097,BJC KALYANPUR BBNL JC IF CYCLE STAND,0612aafd-3bac-4855-b408-e29bbbcbd37f,22.34174690,88.41509010,4bc2a086-b131-47e1-9c20-f10650c0196d,,true,2025-08-20 00:00:00+00,2025-12-17 00:00:00+00
ee2ea175-88c4-4021-bca9-f7814388d574,RANIKUTI,f6cdce1d-fe11-4d40-8866-c509307f6150,22.48300348,88.35414639,0334365e-3c7e-4e0f-8547-33a673be10f6,,true,2025-08-20 00:00:00+00,2025-12-04 00:00:00+00
f0716e0d-15bb-47ba-b036-68cbbbd06085,BONHOOGLY 2,de9ccacb-2080-400e-8c57-2e2cf729f724,22.43343000,88.36689000,4bc2a086-b131-47e1-9c20-f10650c0196d,,true,2025-09-22 00:00:00+00,2025-12-04 00:00:00+00
f11f5a30-c42c-43d6-90c3-44eb67b5296f,BJC BLUESKY PARTY OFFICE JC,0612aafd-3bac-4855-b408-e29bbbcbd37f,22.42680133,88.41581041,4bc2a086-b131-47e1-9c20-f10650c0196d,,true,2025-08-20 00:00:00+00,2025-12-04 00:00:00+00
f11fd62c-1a02-4d31-9d83-b1adc9767517,BJC SHERWOOD,0612aafd-3bac-4855-b408-e29bbbcbd37f,,,4bc2a086-b131-47e1-9c20-f10650c0196d,,true,2025-08-20 00:00:00+00,2025-12-04 00:00:00+00
f35ad33a-eff2-466d-b759-62c1d36d4905,Rajpur Nandannagar BTS,f45e7454-2b12-4607-886b-f463b56fab98,22.42391000,88.41910000,4bc2a086-b131-47e1-9c20-f10650c0196d,OFC BBNL/NANDAN BTS F1&2/F21&22 HNV EXCH+HNV CPAN A1 10.123138.233 PORT 1/6,true,2025-08-20 00:00:00+00,2025-12-04 00:00:00+00
f396b2bd-0ba3-4a11-a8a8-c2811f856cbe,GREATER KOLKATA ENGINEERING COLLEGE AND MANAGEMENT,6458a347-e80c-4a62-9357-551487a07e3a,22.34569001,88.46400377,4bc2a086-b131-47e1-9c20-f10650c0196d,,true,2025-08-20 00:00:00+00,2025-12-04 00:00:00+00
f486f6eb-68ce-462c-a90a-871251d77a07,BJC LASKARPUR,0612aafd-3bac-4855-b408-e29bbbcbd37f,22.44836103,88.38656752,4bc2a086-b131-47e1-9c20-f10650c0196d,,true,2025-08-20 00:00:00+00,2025-12-04 00:00:00+00
f51fceb7-e9e2-471a-a0e5-3086fdf3414c,MISSION MAIN GATE,6458a347-e80c-4a62-9357-551487a07e3a,22.43783760,88.39868360,4bc2a086-b131-47e1-9c20-f10650c0196d,,true,2025-12-18 00:00:00+00,2026-01-04 13:34:28.607239+00
f5a14f7a-47fb-4cc9-b92f-73f05ab9100c,MULLICKPUR-II BTS,d749692f-5147-49b5-b1cf-8be443ad2de2,22.39710000,88.43940000,4bc2a086-b131-47e1-9c20-f10650c0196d,Mallickpur II(new)-Rajpur khasmallik bts mini link+cascade with Rajpur khasmallik bts via minlink to harinavi +hnv CPAN A1(138.238) PORT-2/4,true,2025-08-20 00:00:00+00,2025-12-04 00:00:00+00
f62efeda-0828-4bf3-b9c6-076aee551b93,DAKSHIN CHOWHATI BTS(MALANCHA_CHANDPUR),f45e7454-2b12-4607-886b-f463b56fab98,22.41643200,88.40726200,4bc2a086-b131-47e1-9c20-f10650c0196d,CPAN A1 10.123.138.209/PORT1.3+ HNV-BRL/24F/F-21 & 22,true,2025-08-20 00:00:00+00,2025-12-04 00:00:00+00
f64ea1f3-ef98-447b-beda-57d97c4b3806,BJC SNP BBNL JC,0612aafd-3bac-4855-b408-e29bbbcbd37f,22.44189597,88.43319061,4bc2a086-b131-47e1-9c20-f10650c0196d,,true,2025-08-20 00:00:00+00,2025-12-04 00:00:00+00
f6842aea-e973-4ffb-bb34-eac9b550bcdc,HARINAVI @2 BTS,f45e7454-2b12-4607-886b-f463b56fab98,22.41570000,88.41600000,4bc2a086-b131-47e1-9c20-f10650c0196d,HNV CPAN A1 10.123. 138.244/1.5/RNC 13,true,2025-08-20 00:00:00+00,2025-12-04 00:00:00+00
f6f4f91c-8183-4929-834e-3347f545011c,Oil & Natural Gas Corporation Ltd (ONGC) SALTLAKE,6458a347-e80c-4a62-9357-551487a07e3a,22.57977850,88.43719480,992bf2e9-1200-427d-8ed6-b45bba69e6a0,"2nd floor, Technopolis IT Park, BP Block, Sector V, Bidhannagar, Kolkata, West Bengal 700091",true,2025-12-18 00:00:00+00,2025-12-18 00:00:00+00
f7181c00-099b-4239-aeeb-e9f9c1605b12,SUBHASGRAM PANCHGHARA BTS,d749692f-5147-49b5-b1cf-8be443ad2de2,22.40903300,88.44280500,4bc2a086-b131-47e1-9c20-f10650c0196d,MW FROM Rajpur khasmallik bts + Rajpur khasmallik bts mini linK TO HARINAVI +HARINAVI CPAN A1(10.123.138.238) PORT-2/4,true,2025-08-20 00:00:00+00,2025-12-04 00:00:00+00
f77adbaf-26ac-4c18-b988-d8df8d6d6f29,BJC SUGAM PARK,0612aafd-3bac-4855-b408-e29bbbcbd37f,22.44103766,88.39635843,4bc2a086-b131-47e1-9c20-f10650c0196d,,true,2025-08-20 00:00:00+00,2025-12-04 00:00:00+00
f7a8effa-cc27-4cc9-9afd-d587f225f8e2,SONARPUR GHASIARA BTS,f45e7454-2b12-4607-886b-f463b56fab98,22.43230000,88.44290000,4bc2a086-b131-47e1-9c20-f10650c0196d,SONARPUR GHASIARA CPAN A1 10.123.138.218/PORT1.3,true,2025-08-20 00:00:00+00,2025-12-04 00:00:00+00
f8cf599c-f6af-4c1d-947b-a77910f0836d,SONARPUR TEGHARIA BTS,f45e7454-2b12-4607-886b-f463b56fab98,22.44419900,88.41570600,4bc2a086-b131-47e1-9c20-f10650c0196d,MW FROM NDP II BTS+CPAN A1 10.123.29.299/2.3,true,2025-08-20 00:00:00+00,2025-12-04 00:00:00+00
f949405f-472a-4a3b-bc79-8b4b18296212,MAHINAGAR II BTS,d749692f-5147-49b5-b1cf-8be443ad2de2,22.39120000,88.42410000,4bc2a086-b131-47e1-9c20-f10650c0196d,MW FROM BRP II BTS+ CPAN 10.123.138.207 PORT 1/6,true,2025-08-20 00:00:00+00,2025-12-04 00:00:00+00
f9ff6e66-4926-4fda-a275-9671f294e925,JULPIA,f6cdce1d-fe11-4d40-8866-c509307f6150,22.36603205,88.36153672,e6222b47-7f08-4ff1-8c75-86b6b5b0a648,,true,2025-08-20 00:00:00+00,2025-12-04 00:00:00+00
fb43768d-1aa6-4e20-892a-8e153a83350d,GARIA_BOALIA BTS,f45e7454-2b12-4607-886b-f463b56fab98,22.45884000,88.40603000,4bc2a086-b131-47e1-9c20-f10650c0196d,µw FROM ABANTIPUR,true,2025-08-20 00:00:00+00,2025-12-04 00:00:00+00
fcdf2918-c253-490b-8a8e-75492fd1d04d,BJC NEPALGANJ,0612aafd-3bac-4855-b408-e29bbbcbd37f,22.41255965,88.34795815,4bc2a086-b131-47e1-9c20-f10650c0196d,,true,2025-08-20 00:00:00+00,2025-12-04 00:00:00+00
fd990552-d8ae-4283-a06d-f713bab3854a,AERIAL JC NEAR BARUIPUR TRAFFIC CONTROL OFF,0612aafd-3bac-4855-b408-e29bbbcbd37f,22.36704258,88.42831924,4bc2a086-b131-47e1-9c20-f10650c0196d,,true,2025-08-20 00:00:00+00,2025-12-04 00:00:00+00
fdf6b770-268f-4f5a-93f4-0950fcaf6995,BJC OH JT ROLL OF ONGC CENTRAL AP NAGAR,0612aafd-3bac-4855-b408-e29bbbcbd37f,22.44008087,88.44012671,4bc2a086-b131-47e1-9c20-f10650c0196d,,true,2025-08-20 00:00:00+00,2025-12-04 00:00:00+00
ff1282ff-ccbf-43f3-b4f3-345d233bec43,WEST KALYANPUR CHANDIPUR BTS,d749692f-5147-49b5-b1cf-8be443ad2de2,22.34939000,88.39838000,4bc2a086-b131-47e1-9c20-f10650c0196d,MW FROM UTTAR KALYANPUR BTSVIA MINILINK +BRP EXCH VIA MINI LINK A110.123.138.220 /1.6+JDP RNC 13,true,2025-08-20 00:00:00+00,2025-12-04 00:00:00+00
ffe0d854-412f-4f87-a569-ca7c9169c426,BJC JC INFRONT OF ONGC,0612aafd-3bac-4855-b408-e29bbbcbd37f,22.44023194,88.44012115,4bc2a086-b131-47e1-9c20-f10650c0196d,,true,2025-08-20 00:00:00+00,2025-12-04 00:00:00+00