id,route_name,sn_id,en_id,ofc_type_id,capacity,ofc_owner_id,current_rkm,transnet_id,transnet_rkm,asset_no,maintenance_terminal_id,commissioned_on,remark,status,created_at,updated_at
014f051c-3f12-4151-96ef-1c16a5e2c694,HNV PCM 1ST FLOOR-SONARPUR-02,45f1a024-b36f-465a-8896-125399380cb6,4dd05c04-dddb-44df-ab90-0b95b3ee5f11,e137552b-9ae2-442b-bcc2-c435d7d64ba1,12,ad3477d5-de78-4b9f-9302-a4b5db326e9f,3.850,155069,4.110,,4bc2a086-b131-47e1-9c20-f10650c0196d,2003-06-23,,true,2025-08-19 00:00:00+00,2025-10-29 00:00:00+00
01baa2f8-ef35-4da3-9831-4225724b92a7,PIYALI TOWN I BTS-BJC PURATAN BAZAR,5be02f7d-d7e7-403c-bf98-535c120b7c05,6ef43b78-0e7b-41c0-90d8-b26b4823b2ec,e137552b-9ae2-442b-bcc2-c435d7d64ba1,12,ad3477d5-de78-4b9f-9302-a4b5db326e9f,,170690,,,4bc2a086-b131-47e1-9c20-f10650c0196d,,,true,2025-08-19 00:00:00+00,2025-10-29 00:00:00+00
033cac80-8f67-40a6-b69a-7538c319645b,SHALIMAR CHEMICAL BTS-BJC BIRLA PLUS PIT,b1ba7120-8b78-4897-b040-faa5e5620c96,8200a942-e1c4-4246-b231-9cab7a28e96c,e137552b-9ae2-442b-bcc2-c435d7d64ba1,12,ad3477d5-de78-4b9f-9302-a4b5db326e9f,0.680,170700,0.680,,4bc2a086-b131-47e1-9c20-f10650c0196d,2010-11-15,,true,2025-08-19 00:00:00+00,2025-10-29 00:00:00+00
04463b61-d009-47ae-a16f-472074b761a8,NDP III BTS-BJC DHAMAITALA,e1e3119d-5963-4202-9e63-3537e7ef7ffb,c03c5411-e3a6-404e-a7fe-ffcae2255379,84e8ba18-eedc-4eae-aaa4-e6a82400849d,24,ad3477d5-de78-4b9f-9302-a4b5db326e9f,0.000,170715,0.000,,4bc2a086-b131-47e1-9c20-f10650c0196d,,,true,2025-08-19 00:00:00+00,2025-12-17 00:00:00+00
052df088-c96b-4230-94a0-96b1d4b52b68,MISSION – SONARPUR-01,376e5b44-4294-4b61-a411-2df818899fd0,4dd05c04-dddb-44df-ab90-0b95b3ee5f11,84e8ba18-eedc-4eae-aaa4-e6a82400849d,24,ad3477d5-de78-4b9f-9302-a4b5db326e9f,,157051,,,4bc2a086-b131-47e1-9c20-f10650c0196d,,,true,2025-08-19 00:00:00+00,2025-10-29 00:00:00+00
05a13b7e-9cef-4e2e-9310-d7ba48c7ccf9,BARUIPUR SDO OFFICE- BJC BARUIPUR HOSPITAL-01,d21ea89a-7681-4e53-b10c-5da3c82d31fe,80ac669e-836b-415d-928b-c734784baa4a,e137552b-9ae2-442b-bcc2-c435d7d64ba1,12,ad3477d5-de78-4b9f-9302-a4b5db326e9f,0.900,173704,0.500,,4bc2a086-b131-47e1-9c20-f10650c0196d,2008-10-18,,true,2025-08-19 00:00:00+00,2025-10-29 00:00:00+00
05bacdc8-61c9-48a9-96fc-93f67d67f59f,BARUIPUR PHULTALA BTS - BJC IFO ATANU TELECOM-01,26784392-9af2-47eb-9171-bb0b5d96ee27,b90a8dd4-d762-448e-ba85-bd122456ae99,84e8ba18-eedc-4eae-aaa4-e6a82400849d,24,ad3477d5-de78-4b9f-9302-a4b5db326e9f,1.200,233301,1.200,,4bc2a086-b131-47e1-9c20-f10650c0196d,2022-12-30,,true,2025-08-19 00:00:00+00,2025-10-29 00:00:00+00
06421c4c-cd06-4432-8b58-624c21e23910,MADARHAT- SITAKUNDU-01,10bf798c-c44f-43ed-8513-41c633434f90,69b3cd60-ce89-43b4-ac1f-4671fc02d081,84e8ba18-eedc-4eae-aaa4-e6a82400849d,24,ad3477d5-de78-4b9f-9302-a4b5db326e9f,2.500,173805,2.490,,4bc2a086-b131-47e1-9c20-f10650c0196d,2003-06-23,,true,2025-08-19 00:00:00+00,2025-10-29 00:00:00+00
07c84763-74b4-4da7-bc4c-0bed4abb3863,GREATER KOLKATA ENGINEERING COLLEGE AND MANAGEMENT – BJC ZILA STADIUM-01,f396b2bd-0ba3-4a11-a8a8-c2811f856cbe,ac5a2d13-e807-4050-a04c-376c566ae64f,84e8ba18-eedc-4eae-aaa4-e6a82400849d,24,ad3477d5-de78-4b9f-9302-a4b5db326e9f,1.050,170689,1.050,,4bc2a086-b131-47e1-9c20-f10650c0196d,2013-05-02,,true,2025-08-19 00:00:00+00,2025-10-29 00:00:00+00
09ca69df-b6aa-4a9c-92b8-979460b66194,GOBINDAPUR BTS – BADE HOOGHLY BTS-01,3d9eeaab-d37e-404f-aa62-c8c7a75467b5,42cd6bb1-697d-4093-82d6-88a7d6e3c87f,aea6a03e-cf73-45a4-99e1-317f8f4cfc84,4,ad3477d5-de78-4b9f-9302-a4b5db326e9f,1.170,198620,1.170,990500621079,4bc2a086-b131-47e1-9c20-f10650c0196d,2018-02-04,,true,2025-08-19 00:00:00+00,2025-10-29 00:00:00+00
09eae90e-1903-49fc-a132-154f2c5c6b8e,SITAKUNDU BTS- SITAKUNDU,ebd96b33-8ed2-479d-a8eb-dcdaf9fd31da,69b3cd60-ce89-43b4-ac1f-4671fc02d081,e137552b-9ae2-442b-bcc2-c435d7d64ba1,12,ad3477d5-de78-4b9f-9302-a4b5db326e9f,0.610,170313,0.610,,4bc2a086-b131-47e1-9c20-f10650c0196d,2015-06-16,,true,2025-08-19 00:00:00+00,2025-10-29 00:00:00+00
0ae33087-10d4-4f73-ad64-cdf0a8207c98,HHC -BJC HHC-01,781a30c9-f5db-4af4-ac1d-f279ad2eff80,76007e7f-d3db-4dcb-b6d4-26ad641a4597,84e8ba18-eedc-4eae-aaa4-e6a82400849d,24,ad3477d5-de78-4b9f-9302-a4b5db326e9f,0.100,170679,0.160,,4bc2a086-b131-47e1-9c20-f10650c0196d,2003-02-09,,true,2025-08-19 00:00:00+00,2025-10-29 00:00:00+00
0e748e06-0d6d-4627-95aa-2d82c15405ea,HNV PCM 1ST FLOOR – SONARPUR-03,45f1a024-b36f-465a-8896-125399380cb6,4dd05c04-dddb-44df-ab90-0b95b3ee5f11,84e8ba18-eedc-4eae-aaa4-e6a82400849d,24,ad3477d5-de78-4b9f-9302-a4b5db326e9f,10.860,170321,10.860,,4bc2a086-b131-47e1-9c20-f10650c0196d,2003-02-09,HARINAVI-KAMALGAZI 24F & KAMALGAZI-SONARPUR & KAMALGAZI-FIEM & FIEM-SONARPUR,true,2025-08-19 00:00:00+00,2025-12-29 17:45:14.466502+00
0ebd0921-9f37-4dcb-b7ca-3093bbe47583,AP NAGAR – HNV PCM 1ST FLOOR-01 (C2),54bc2231-880b-4ba6-ba6e-4d3cb594052b,45f1a024-b36f-465a-8896-125399380cb6,84e8ba18-eedc-4eae-aaa4-e6a82400849d,24,ad3477d5-de78-4b9f-9302-a4b5db326e9f,21.210,174474,9.520,,4bc2a086-b131-47e1-9c20-f10650c0196d,2003-02-09,AP Nagar - Sitakundu C2,true,2025-08-19 00:00:00+00,2026-01-11 17:25:35.617176+00
0f9b5bec-1d37-48da-8e21-24d5628ae24f,HNV PCM 1ST FLOOR-SONARPUR -04,45f1a024-b36f-465a-8896-125399380cb6,4dd05c04-dddb-44df-ab90-0b95b3ee5f11,1b3fc06b-9948-4232-8a2c-caec58f780aa,48,ad3477d5-de78-4b9f-9302-a4b5db326e9f,3.830,174472,4.100,,4bc2a086-b131-47e1-9c20-f10650c0196d,2003-06-23,REHAB OFC,true,2025-08-19 00:00:00+00,2025-12-23 17:56:27.373868+00
102efe92-73c0-457b-a951-2f60a34a4a7d,BARUIPUR – KALYANPUR,b5bfbef5-356c-499b-ad2b-351b7ed6a845,aafe2bfb-6e18-4053-97b5-bf7fb9992fcb,84e8ba18-eedc-4eae-aaa4-e6a82400849d,24,e40c2549-11ec-485d-a67a-8261fcaec68a,5.040,,,,4bc2a086-b131-47e1-9c20-f10650c0196d,,,true,,2025-10-29 00:00:00+00
117c7353-99a9-4220-8cfd-0669d93b4f4b,BARUIPUR - HNV PCM 1ST FLOOR-01,b5bfbef5-356c-499b-ad2b-351b7ed6a845,45f1a024-b36f-465a-8896-125399380cb6,84e8ba18-eedc-4eae-aaa4-e6a82400849d,24,ad3477d5-de78-4b9f-9302-a4b5db326e9f,9.210,154979,8.560,,4bc2a086-b131-47e1-9c20-f10650c0196d,2003-06-23,,true,2025-08-19 00:00:00+00,2025-10-29 00:00:00+00
11d0f279-f6a7-448a-bf13-c9c6d5f7c41f,BORAL – KAMALGAZI BTS-02,4655a834-c64f-48c8-90a0-6e4f9654acf1,abfa36d3-d0ed-486e-8f97-62651f7a9b9e,84e8ba18-eedc-4eae-aaa4-e6a82400849d,24,ad3477d5-de78-4b9f-9302-a4b5db326e9f,3.130,157042,3.010,,4bc2a086-b131-47e1-9c20-f10650c0196d,2003-02-09,,true,2025-08-19 00:00:00+00,2025-10-29 00:00:00+00
135b3854-4a34-445d-b0fb-a0361dded8c7,SARMASTAPUR BTS-HNV PCM 1ST FLOOR,7a797a60-568c-455a-954d-4099c32a438d,45f1a024-b36f-465a-8896-125399380cb6,84e8ba18-eedc-4eae-aaa4-e6a82400849d,24,ad3477d5-de78-4b9f-9302-a4b5db326e9f,3.820,170707,2.540,,4bc2a086-b131-47e1-9c20-f10650c0196d,2007-08-23,,true,2025-08-19 00:00:00+00,2025-10-29 00:00:00+00
172dbf61-91cf-4d91-82af-f09cb66ad086,FULTALA MORE JC - RAMNAGAR 2 GP,4a7811fb-7b7b-4b46-8d8b-38205c6fe58f,15f9295e-0909-4a8c-8d50-5dd161639344,84e8ba18-eedc-4eae-aaa4-e6a82400849d,24,e40c2549-11ec-485d-a67a-8261fcaec68a,2.648,,,,4bc2a086-b131-47e1-9c20-f10650c0196d,,"BARUIPUR-HARINAVI VIA SBGM 24F(F-3,4)+	
OPP. WELKIN SCHOOL JC(F-3,4) - FULTALA MORE JC(3,4) - RAMNAGAR2(1,2)",true,,2025-10-29 00:00:00+00
19f64439-2ff6-405a-8d23-24678aa77254,MISSION PALLY BTS – BJC OH JOINT ROLL OF SONARPUR II BTS-01,70f7d909-f8b0-4171-a67b-6df6ffc170af,21de6e6b-d210-497e-b962-17bc963953e7,84e8ba18-eedc-4eae-aaa4-e6a82400849d,24,ad3477d5-de78-4b9f-9302-a4b5db326e9f,1.050,255206,1.050,,4bc2a086-b131-47e1-9c20-f10650c0196d,,,true,2025-08-19 00:00:00+00,2025-10-29 00:00:00+00
1a871400-f1d9-44cc-8270-f4eb396cd6f8,KUMRAKHALI BTS-BJC KARBALA-01,a8c91e51-9673-4267-8dee-0627a03bc826,26e1ab78-e507-4915-99aa-fa40e808f209,84e8ba18-eedc-4eae-aaa4-e6a82400849d,24,ad3477d5-de78-4b9f-9302-a4b5db326e9f,0.870,170709,,,4bc2a086-b131-47e1-9c20-f10650c0196d,,,true,2025-08-19 00:00:00+00,2025-10-29 00:00:00+00
1ae4596d-cbfa-4389-85be-05e73b649b62,SONARPUR - JC NEAR AP NAGAR,4dd05c04-dddb-44df-ab90-0b95b3ee5f11,425e962e-64c6-45a5-9a6c-be52361519e3,84e8ba18-eedc-4eae-aaa4-e6a82400849d,24,e40c2549-11ec-485d-a67a-8261fcaec68a,1.300,,,,4bc2a086-b131-47e1-9c20-f10650c0196d,,,true,,2025-10-29 00:00:00+00
1b3298e9-bad5-4ed9-b7cd-e7407bf3e24c,BJC JC NEAR BORO POLE-BARUIPUR POLYTECHNIC-01,77d5b651-7105-4177-aa23-51673a850b26,5538422e-4955-4ae3-8e58-7e4e801aaeac,84e8ba18-eedc-4eae-aaa4-e6a82400849d,24,ad3477d5-de78-4b9f-9302-a4b5db326e9f,0.670,244615,0.670,990500638544,4bc2a086-b131-47e1-9c20-f10650c0196d,,,true,2025-08-19 00:00:00+00,2025-10-29 00:00:00+00
1b69ae69-edec-4dfe-9c79-f1babd86c061,BOB SONARPUR – BJC JC INFRONT OF BOB SNP-01,4024c1d7-f4f6-423b-a4a0-54cf06215f2e,e837bed9-b766-4f4f-8f8a-a6fb6f2d2abc,84e8ba18-eedc-4eae-aaa4-e6a82400849d,24,ad3477d5-de78-4b9f-9302-a4b5db326e9f,0.060,244591,0.060,,4bc2a086-b131-47e1-9c20-f10650c0196d,,,true,2025-08-19 00:00:00+00,2025-10-29 00:00:00+00
1c7360d2-0134-40a6-ade5-c535c4f85f9c,SBI BARUIPUR – BJC AERIAL JC SP OFFICE-01,a72f165a-4e0f-44a3-934e-f68940e00471,e2183603-55cd-4233-a19a-d1319cd6f50e,84e8ba18-eedc-4eae-aaa4-e6a82400849d,24,ad3477d5-de78-4b9f-9302-a4b5db326e9f,0.150,244507,0.150,,4bc2a086-b131-47e1-9c20-f10650c0196d,,,true,2025-08-19 00:00:00+00,2025-10-29 00:00:00+00
1cdc0316-7689-44f8-bb03-eb5630deda99,PADMAPUKUR-BJC DHOPAGACHI,b23799ac-04a7-4a2c-a6ce-2676971cbc2f,7a24fbd1-90e4-42c7-a6d5-557256417192,2ecb77f4-d9ff-4300-ab99-6118ad220ce1,48,ad3477d5-de78-4b9f-9302-a4b5db326e9f,3.900,230814,3.900,,4bc2a086-b131-47e1-9c20-f10650c0196d,2002-12-16,,true,2025-08-19 00:00:00+00,2025-10-29 00:00:00+00
243da672-c9b6-4c50-9624-cb0b176b6720,GOBINDAPUR BTS- GOBINDAPUR-01,3d9eeaab-d37e-404f-aa62-c8c7a75467b5,badf80cb-ccc2-47f9-8dc4-82e32733b251,84e8ba18-eedc-4eae-aaa4-e6a82400849d,24,ad3477d5-de78-4b9f-9302-a4b5db326e9f,1.240,170308,1.030,,4bc2a086-b131-47e1-9c20-f10650c0196d,2005-10-18,,true,2025-08-19 00:00:00+00,2025-10-29 00:00:00+00
2574fbdf-8d24-4b62-9986-7d780a134f3b,BORAL – KAMALGAZI BTS-01,4655a834-c64f-48c8-90a0-6e4f9654acf1,abfa36d3-d0ed-486e-8f97-62651f7a9b9e,84e8ba18-eedc-4eae-aaa4-e6a82400849d,24,ad3477d5-de78-4b9f-9302-a4b5db326e9f,2.800,156013,2.710,,4bc2a086-b131-47e1-9c20-f10650c0196d,2003-06-23,,true,2025-08-19 00:00:00+00,2025-10-29 00:00:00+00
25781ea8-efb4-42d6-9085-69a7a2aad58d,BONHOOGLY 1 - BONHOOGLY 2,675d06b6-0db1-40de-bf89-6d008a05d88f,f0716e0d-15bb-47ba-b036-68cbbbd06085,84e8ba18-eedc-4eae-aaa4-e6a82400849d,24,e40c2549-11ec-485d-a67a-8261fcaec68a,1.261,,,,4bc2a086-b131-47e1-9c20-f10650c0196d,,,true,,2025-10-29 00:00:00+00
29e65bf9-61b8-4e5d-8105-aaa7d69f6a39,KHEYADAH PNB – Kheyadaha-I,207dbf97-3f2c-4141-87f0-629364dcf332,be137ca3-f4f4-424b-b208-536d70486ed3,aea6a03e-cf73-45a4-99e1-317f8f4cfc84,4,ad3477d5-de78-4b9f-9302-a4b5db326e9f,0.060,255205,0.060,,4bc2a086-b131-47e1-9c20-f10650c0196d,,,true,2025-08-19 00:00:00+00,2025-10-29 00:00:00+00
2af49245-2ebf-4f03-80db-2589ee4c8890,KODALIA BTS-BJC KODALIA-01,e56848ea-3c3a-4925-b20c-bc5ca60bec5b,088f69d4-3fd5-4565-93b2-13d28234785e,e137552b-9ae2-442b-bcc2-c435d7d64ba1,12,ad3477d5-de78-4b9f-9302-a4b5db326e9f,0.150,170697,0.150,,4bc2a086-b131-47e1-9c20-f10650c0196d,,,true,2025-08-19 00:00:00+00,2025-10-29 00:00:00+00
2c3c5ad3-0902-41ee-827a-da52244486f6,BARUIPUR-BARUIPUR DUTTAPARA BTS-01,b5bfbef5-356c-499b-ad2b-351b7ed6a845,8f06599e-fe3e-4717-b0ea-4fa6ccdb8ea6,84e8ba18-eedc-4eae-aaa4-e6a82400849d,24,ad3477d5-de78-4b9f-9302-a4b5db326e9f,1.300,250133,1.300,990500904327,4bc2a086-b131-47e1-9c20-f10650c0196d,,,true,2025-08-19 00:00:00+00,2025-10-29 00:00:00+00
2cd7d482-0e4c-4256-97ca-e2873f4bd5bd,SBGM BANK PLOT BTS-HNV PCM 1ST FLOOR,b1f6f204-2a68-4fba-af6e-a86fca1cd627,45f1a024-b36f-465a-8896-125399380cb6,e137552b-9ae2-442b-bcc2-c435d7d64ba1,12,ad3477d5-de78-4b9f-9302-a4b5db326e9f,2.700,170712,2.740,,4bc2a086-b131-47e1-9c20-f10650c0196d,2010-10-13,,true,2025-08-19 00:00:00+00,2025-12-07 00:00:00+00
303eed29-c0ed-45d5-aa98-8a839b638196,JC NEAR KALIKAPUR 1 – Kalikapur-I,0453d83b-1c16-42b3-b487-f23ca1294795,7b3df527-c4dd-46e1-83b5-a4901634c62d,84e8ba18-eedc-4eae-aaa4-e6a82400849d,24,e40c2549-11ec-485d-a67a-8261fcaec68a,0.043,,,,4bc2a086-b131-47e1-9c20-f10650c0196d,,,true,,2025-10-29 00:00:00+00
31c20fad-9b1b-4dad-8ce1-bf0a2f3f9143,JC NEAR KHEYADAH 1 – Kheyadaha-II,96a3c282-7caa-452f-b11f-6df458ee0a15,6478f603-3d06-4538-8e5e-961c140b02ba,84e8ba18-eedc-4eae-aaa4-e6a82400849d,24,e40c2549-11ec-485d-a67a-8261fcaec68a,3.837,,,,4bc2a086-b131-47e1-9c20-f10650c0196d,,,true,,2025-10-29 00:00:00+00
34c13b40-7d47-4653-ae6a-4e1e59409d3d,SONARPUR⇔SONARPUR BTS_1,4dd05c04-dddb-44df-ab90-0b95b3ee5f11,d3be4972-e0dd-4dd7-9df6-16a1ed995d5d,e137552b-9ae2-442b-bcc2-c435d7d64ba1,12,ad3477d5-de78-4b9f-9302-a4b5db326e9f,0.103,,,,4bc2a086-b131-47e1-9c20-f10650c0196d,,,true,2026-01-03 11:20:00.390951+00,2026-01-03 11:20:00.390951+00
35ad5ec8-46c0-4d3c-8396-b602c801ab3e,BJC BARUIPUR STATION BAZAR OH JC – BARUIPUR STATION BAZAR BTS-01,1b9c2bcb-2812-4da8-81f2-bede5a6855a8,286ec15e-6eee-488e-9fd8-16b7fb859853,aea6a03e-cf73-45a4-99e1-317f8f4cfc84,4,ad3477d5-de78-4b9f-9302-a4b5db326e9f,0.270,244603,0.270,,4bc2a086-b131-47e1-9c20-f10650c0196d,,,true,2025-08-19 00:00:00+00,2025-10-29 00:00:00+00
35fc6ed0-7d02-4e03-b4d3-2178e79fc5c7,HNV PCM 1ST FLOOR – KAMALGAZI BTS-01,45f1a024-b36f-465a-8896-125399380cb6,abfa36d3-d0ed-486e-8f97-62651f7a9b9e,2ecb77f4-d9ff-4300-ab99-6118ad220ce1,48,ad3477d5-de78-4b9f-9302-a4b5db326e9f,5.720,154977,5.470,,4bc2a086-b131-47e1-9c20-f10650c0196d,2003-06-23,,true,2025-08-19 00:00:00+00,2025-10-29 00:00:00+00
370b6cbc-5a20-485b-96a4-eb2b1d621111,BORAL - HNV PCM 1ST FLOOR-01,4655a834-c64f-48c8-90a0-6e4f9654acf1,45f1a024-b36f-465a-8896-125399380cb6,2ecb77f4-d9ff-4300-ab99-6118ad220ce1,48,ad3477d5-de78-4b9f-9302-a4b5db326e9f,9.870,153837,9.430,,4bc2a086-b131-47e1-9c20-f10650c0196d,2004-01-01,,true,2025-08-19 00:00:00+00,2025-12-20 08:02:35.594901+00
3cc2fab2-8202-44f4-bef9-60e6aa2b61f8,BEGUMPUR JC - BJC CHAMPAHATI,e4553aea-b23d-4d1b-90a2-bc4b684d0042,61e86d59-3750-4828-a290-8c4ec7573553,84e8ba18-eedc-4eae-aaa4-e6a82400849d,24,e40c2549-11ec-485d-a67a-8261fcaec68a,2.822,,,,4bc2a086-b131-47e1-9c20-f10650c0196d,,,true,,2025-10-29 00:00:00+00
3d72362d-ed1e-4cfe-be2d-08a5c8aa4aea,PRATAPNAGAR GP TAPPING JC (TEEMATHA MORE) – Pratapnagar,6029436f-818b-4102-8382-a341ce2e6139,3a3f3e73-5f9d-4db8-a1e9-dd32d507251c,84e8ba18-eedc-4eae-aaa4-e6a82400849d,24,e40c2549-11ec-485d-a67a-8261fcaec68a,1.443,,,,4bc2a086-b131-47e1-9c20-f10650c0196d,,,true,,2025-10-29 00:00:00+00
3d9b2514-6b63-4734-a71d-1bc948d70487,PNB PADMAPUKUR – BJC PADMAPUKUR MORE AERIAL JC-01,b2f0ba07-02af-4844-af6c-da4e557c5e91,499206f5-0564-415a-bb5f-a9db25185f91,84e8ba18-eedc-4eae-aaa4-e6a82400849d,24,ad3477d5-de78-4b9f-9302-a4b5db326e9f,,244595,0.220,,4bc2a086-b131-47e1-9c20-f10650c0196d,,,true,2025-08-19 00:00:00+00,2025-10-29 00:00:00+00
3dbcffc3-0c83-4cfd-b7ee-03a172b61117,MADARHAT – BARUIPUR-01,10bf798c-c44f-43ed-8513-41c633434f90,b5bfbef5-356c-499b-ad2b-351b7ed6a845,84e8ba18-eedc-4eae-aaa4-e6a82400849d,24,ad3477d5-de78-4b9f-9302-a4b5db326e9f,,173808,,,4bc2a086-b131-47e1-9c20-f10650c0196d,,,true,2025-08-19 00:00:00+00,2025-10-29 00:00:00+00
3e8ac475-bc78-43a8-bc8c-ad729079da30,BARUIPUR CORRECTIONAL HOME-BJC BARUIPUR CORRECTIONAL HOME-01,23759160-69e6-4377-9460-f634b644d723,3d5c2864-5587-4e8f-a07f-17047e99cf4f,84e8ba18-eedc-4eae-aaa4-e6a82400849d,24,ad3477d5-de78-4b9f-9302-a4b5db326e9f,0.630,244495,0.630,,4bc2a086-b131-47e1-9c20-f10650c0196d,,,true,2025-08-19 00:00:00+00,2025-10-29 00:00:00+00
3f21885b-1d6b-4da4-b9df-b7bb7d9cb1b1,KALYANPUR - SHIKHARBALI II GP,aafe2bfb-6e18-4053-97b5-bf7fb9992fcb,536b698f-a0e9-45b7-be88-3fa46438083f,84e8ba18-eedc-4eae-aaa4-e6a82400849d,24,e40c2549-11ec-485d-a67a-8261fcaec68a,1.433,,,,4bc2a086-b131-47e1-9c20-f10650c0196d,,,true,,2025-10-29 00:00:00+00
40ae28bb-5d7a-407c-b97d-fba0e45ad270,SUNNY SEASON -KAMALGAZI BTS,0f0b317e-1ab7-4e5c-8997-7024be4f5d70,abfa36d3-d0ed-486e-8f97-62651f7a9b9e,e137552b-9ae2-442b-bcc2-c435d7d64ba1,12,ad3477d5-de78-4b9f-9302-a4b5db326e9f,1.580,173793,0.840,,4bc2a086-b131-47e1-9c20-f10650c0196d,,,true,2025-08-19 00:00:00+00,2025-10-29 00:00:00+00
41cb474a-81b9-4687-b690-d99f404ac3d7,GOBINDAPUR - HNV PCM 1ST FLOOR-01,badf80cb-ccc2-47f9-8dc4-82e32733b251,45f1a024-b36f-465a-8896-125399380cb6,e137552b-9ae2-442b-bcc2-c435d7d64ba1,12,ad3477d5-de78-4b9f-9302-a4b5db326e9f,3.520,170303,3.600,,4bc2a086-b131-47e1-9c20-f10650c0196d,2003-02-09,,true,2025-08-19 00:00:00+00,2025-10-29 00:00:00+00
41fb132c-8fc1-4105-af88-59a27b3c590c,AP NAGAR – SONARPUR-01,54bc2231-880b-4ba6-ba6e-4d3cb594052b,4dd05c04-dddb-44df-ab90-0b95b3ee5f11,84e8ba18-eedc-4eae-aaa4-e6a82400849d,24,ad3477d5-de78-4b9f-9302-a4b5db326e9f,1.850,154982,1.850,,4bc2a086-b131-47e1-9c20-f10650c0196d,2003-02-09,,true,2025-08-19 00:00:00+00,2025-10-29 00:00:00+00
4494c1c2-17f7-456e-b6f0-02a7182b8298,PRANA BORAL BTS – BJC NEPALGUNGE NEAR BLUEDART BORAL MAIN ROA,9316bc95-e5b0-4e58-b16f-424662b14ac8,8039b734-3501-4347-a4e4-7b7bff5a5952,2ecb77f4-d9ff-4300-ab99-6118ad220ce1,48,ad3477d5-de78-4b9f-9302-a4b5db326e9f,0.390,255203,0.390,,4bc2a086-b131-47e1-9c20-f10650c0196d,,,true,2025-08-19 00:00:00+00,2025-10-29 00:00:00+00
454ebbac-7483-4af8-9c58-b48927bf5d5e,BARUIPUR – KALYANPUR-01,b5bfbef5-356c-499b-ad2b-351b7ed6a845,aafe2bfb-6e18-4053-97b5-bf7fb9992fcb,84e8ba18-eedc-4eae-aaa4-e6a82400849d,24,ad3477d5-de78-4b9f-9302-a4b5db326e9f,5.170,170188,4.670,,4bc2a086-b131-47e1-9c20-f10650c0196d,2003-07-18,,true,2025-08-19 00:00:00+00,2025-10-29 00:00:00+00
454f7e5f-d69a-435b-af3f-c593a2893900,BJC ZILA STADIUM – BARUIPUR BHQ,ac5a2d13-e807-4050-a04c-376c566ae64f,2a5c8bd0-327a-4ef7-8a46-bdcbef37651a,aea6a03e-cf73-45a4-99e1-317f8f4cfc84,4,ad3477d5-de78-4b9f-9302-a4b5db326e9f,1.480,,,990500621129,4bc2a086-b131-47e1-9c20-f10650c0196d,,,true,2025-08-19 00:00:00+00,2025-10-29 00:00:00+00
45d52c98-486d-46c5-8683-e297ff4eef6d,SURJAPUR HAT JC - DHAPDHAPI II GP,431843f3-5af8-4169-a66a-0591a430bc46,838c3d99-3275-47d6-8a38-28be1318f029,84e8ba18-eedc-4eae-aaa4-e6a82400849d,24,e40c2549-11ec-485d-a67a-8261fcaec68a,3.050,,,,4bc2a086-b131-47e1-9c20-f10650c0196d,,SURJAPUR HAT JC(1-4) - DHAPDHAPI II GP(1-4),true,,2025-10-29 00:00:00+00
46aab5ae-cd64-451c-ae51-0fb034acc689,BORAL – RANIKUTI-01,4655a834-c64f-48c8-90a0-6e4f9654acf1,ee2ea175-88c4-4021-bca9-f7814388d574,84e8ba18-eedc-4eae-aaa4-e6a82400849d,24,ad3477d5-de78-4b9f-9302-a4b5db326e9f,6.300,,,,4bc2a086-b131-47e1-9c20-f10650c0196d,,,true,2025-08-19 00:00:00+00,2025-10-29 00:00:00+00
46e47365-9459-4a13-ad59-c1afb025f7bf,SONARPUR – KAMALGAZI BTS,4dd05c04-dddb-44df-ab90-0b95b3ee5f11,abfa36d3-d0ed-486e-8f97-62651f7a9b9e,84e8ba18-eedc-4eae-aaa4-e6a82400849d,24,e40c2549-11ec-485d-a67a-8261fcaec68a,4.970,,0.000,,4bc2a086-b131-47e1-9c20-f10650c0196d,,,false,,2025-12-27 09:18:40.86522+00
47cafae4-ccf9-4368-a359-f479d92f3af4,SBI SUBHASGRAM – BJC JC NEAR SBI SUBHASGRAM-01,53f28861-be94-4f78-a6da-abd2afd6e7fa,24361fcf-47f3-4351-b5cc-80de5967e53a,84e8ba18-eedc-4eae-aaa4-e6a82400849d,24,ad3477d5-de78-4b9f-9302-a4b5db326e9f,0.190,244607,0.190,,4bc2a086-b131-47e1-9c20-f10650c0196d,,,true,2025-08-19 00:00:00+00,2025-10-29 00:00:00+00
4af39385-cf57-4a2b-938d-8313a314d6d6,WBSEDCL PADMAPUKUR - PADMAPUKUR,6e52bc10-3c79-4ff6-90e2-9ced1fbead34,b23799ac-04a7-4a2c-a6ce-2676971cbc2f,e137552b-9ae2-442b-bcc2-c435d7d64ba1,12,ad3477d5-de78-4b9f-9302-a4b5db326e9f,1.080,173695,1.140,,4bc2a086-b131-47e1-9c20-f10650c0196d,2012-05-07,,true,2025-08-19 00:00:00+00,2025-10-29 00:00:00+00
4cbf70a3-6e67-4604-92f5-b90768876d82,HNV PCM 1ST FLOOR-SONARPUR-01,45f1a024-b36f-465a-8896-125399380cb6,4dd05c04-dddb-44df-ab90-0b95b3ee5f11,84e8ba18-eedc-4eae-aaa4-e6a82400849d,24,ad3477d5-de78-4b9f-9302-a4b5db326e9f,3.830,154448,4.100,,4bc2a086-b131-47e1-9c20-f10650c0196d,2003-06-23,,true,2025-08-19 00:00:00+00,2025-12-27 09:16:22.998865+00
4e19fc64-48a3-4701-a4b1-1cbf5627f718,KAMALGAZI BTS – BJC KAMALGAZI CHOWK-01,abfa36d3-d0ed-486e-8f97-62651f7a9b9e,ebba4278-7d39-488b-8492-aca4001cf2c6,84e8ba18-eedc-4eae-aaa4-e6a82400849d,24,ad3477d5-de78-4b9f-9302-a4b5db326e9f,0.500,173988,0.500,,4bc2a086-b131-47e1-9c20-f10650c0196d,2003-06-23,,true,2025-08-19 00:00:00+00,2025-10-29 00:00:00+00
510d8b12-b995-4318-93d1-ecf2ef644fac,DAKSHIN BONHOOGLY BTS – BJC RAMCHANDRAPUR AERIAL-01,0237bbb2-4f2f-409d-b7d6-1fda8fdc8578,368108bf-4596-4f69-8e8a-b81bdb764b0e,84e8ba18-eedc-4eae-aaa4-e6a82400849d,24,ad3477d5-de78-4b9f-9302-a4b5db326e9f,0.250,241558,0.250,,4bc2a086-b131-47e1-9c20-f10650c0196d,2023-03-13,,true,2025-08-19 00:00:00+00,2025-10-29 00:00:00+00
51d2d3fd-6ed3-4507-bb2d-6fb505583b90,RK Mission⇔NARENDRAPUR 1 (KRISHNA APPT) BTS_1,376e5b44-4294-4b61-a411-2df818899fd0,41e45185-102e-408f-86b0-285c8b2a411f,488275fc-fe52-45bd-95df-3fbed2125c33,24,ad3477d5-de78-4b9f-9302-a4b5db326e9f,1.400,258500,1.400,990500924974,4bc2a086-b131-47e1-9c20-f10650c0196d,,"1. DPR Cable
2. Route created on Transnet.
3. Photo/Video Upload Done on Transnet",true,2025-12-29 08:59:18.57843+00,2026-01-01 08:25:27.885692+00
53472ec6-3348-4423-8eae-d544f4fad2ad,GOBINDAPUR MORE BYPASS JC - DHAMAITALA BYPASS JC,5a344f14-e7b2-47a4-ad26-13219049f000,1295f9a8-1ad3-4a30-8ae9-e4ad8fe31a14,84e8ba18-eedc-4eae-aaa4-e6a82400849d,24,e40c2549-11ec-485d-a67a-8261fcaec68a,3.350,,0.000,,4bc2a086-b131-47e1-9c20-f10650c0196d,,,true,,2026-01-04 13:38:57.501497+00
539cb310-35d5-4e73-8487-c88cee36303a,BJC NATUNHAT BORAL - BORAL NATUNHAT BTS-01,6e380b52-dadd-4911-8462-d9bc4ca17cf9,6ba14c85-b2bc-4b8c-899b-40b09da2fffb,84e8ba18-eedc-4eae-aaa4-e6a82400849d,24,ad3477d5-de78-4b9f-9302-a4b5db326e9f,0.100,,,990500632926,4bc2a086-b131-47e1-9c20-f10650c0196d,,,true,2025-08-19 00:00:00+00,2025-10-29 00:00:00+00
5503ae11-8dcb-443b-a7f9-bb52f6a98b5c,BARUIPUR⇔OPP. WELKIN SCHOOL JC_1,b5bfbef5-356c-499b-ad2b-351b7ed6a845,86fcde3c-2f67-481d-af32-11d7833f4114,488275fc-fe52-45bd-95df-3fbed2125c33,24,ad3477d5-de78-4b9f-9302-a4b5db326e9f,0.929,257512,0.929,990500919561,4bc2a086-b131-47e1-9c20-f10650c0196d,,"1. DPR Cable
2. Route created on Transnet.
3. Photo/Video Upload Done on Transnet",true,2025-12-29 11:41:30.02534+00,2026-01-01 08:23:57.792672+00
55abec28-2c5f-4122-b594-b83f2037b47f,HARDAH GP-BELEGACHIA,1ffbaa82-a4f5-4760-aa46-64e909c322de,4aa0a2a6-9a29-49ec-8edf-3080e4403388,84e8ba18-eedc-4eae-aaa4-e6a82400849d,24,e40c2549-11ec-485d-a67a-8261fcaec68a,2.269,,,,4bc2a086-b131-47e1-9c20-f10650c0196d,,"HARDAH(1,2) - BELEGACCHIA (1,2)",true,,2025-10-29 00:00:00+00
56ab5c2b-5b02-4319-87ed-7be96695ab17,BJC IFO LOKENATH GARDEN APARTMENT- CHOWHATI POLEHAT BTS,bf9b5eb6-0bd5-457e-98bc-0879a6f07bd1,e314f7c3-2847-4c0e-9e8c-b61288e4b27d,aea6a03e-cf73-45a4-99e1-317f8f4cfc84,4,ad3477d5-de78-4b9f-9302-a4b5db326e9f,0.350,198597,0.350,990500621078,4bc2a086-b131-47e1-9c20-f10650c0196d,2018-02-04,,true,2025-08-19 00:00:00+00,2025-10-29 00:00:00+00
5820baff-5433-4bbd-bec6-23cde975d950,SONARPUR - HNV PCM 1ST FLOOR,4dd05c04-dddb-44df-ab90-0b95b3ee5f11,45f1a024-b36f-465a-8896-125399380cb6,84e8ba18-eedc-4eae-aaa4-e6a82400849d,24,e40c2549-11ec-485d-a67a-8261fcaec68a,3.770,,0.000,,4bc2a086-b131-47e1-9c20-f10650c0196d,,,false,,2025-12-27 09:17:08.098866+00
5aab6339-d27d-46e7-9fce-1a5e24d17968,SPICE BOARD BARUIPUR – BJC AERIAL JC DRDO-01,68a785c4-b190-40d7-8a7e-dbbddc77834f,89b1df6b-da29-4bc9-86b0-b60ad3876589,84e8ba18-eedc-4eae-aaa4-e6a82400849d,24,ad3477d5-de78-4b9f-9302-a4b5db326e9f,0.850,244526,0.850,,4bc2a086-b131-47e1-9c20-f10650c0196d,,,true,2025-08-19 00:00:00+00,2025-10-29 00:00:00+00
5abc49ab-5a29-45b6-9a2f-52582d26345f,JC 2 NEAR AP NAGAR - KAMRABAD,dd13e53c-713a-4219-9ff1-463bd616523f,dbf6632b-59b0-4380-b6c3-5111053dc970,84e8ba18-eedc-4eae-aaa4-e6a82400849d,24,e40c2549-11ec-485d-a67a-8261fcaec68a,1.480,,,,4bc2a086-b131-47e1-9c20-f10650c0196d,,,true,,2025-10-29 00:00:00+00
5b662d59-ccf2-497f-a01c-c8e0b444d106,SONARPUR GHASIARA BTS⇔JC NEAR GHASIARA VIDYAPITH_1,f7a8effa-cc27-4cc9-9afd-d587f225f8e2,13e7a29a-a09d-452a-9dbc-9b927a765c95,488275fc-fe52-45bd-95df-3fbed2125c33,24,ad3477d5-de78-4b9f-9302-a4b5db326e9f,1.650,258498,1.650,990500924976,4bc2a086-b131-47e1-9c20-f10650c0196d,,"1. DPR Cable
2. Route created on Transnet.
3. Photo/Video Upload Done on Transnet",true,2025-12-29 10:32:17.150398+00,2026-01-01 08:24:48.458232+00
5baa01d0-9519-4dea-bc27-ff476b5798c0,SBI RBO BARUIPUR – BJC JC INFRONT OF PDP ROU-01,6c33d05d-2207-4bb8-b4a8-018503d78f21,13f8ac15-6b81-4ba4-bab2-99f1dba0ecc4,84e8ba18-eedc-4eae-aaa4-e6a82400849d,24,ad3477d5-de78-4b9f-9302-a4b5db326e9f,0.800,244608,0.800,,4bc2a086-b131-47e1-9c20-f10650c0196d,,,true,2025-08-19 00:00:00+00,2025-10-29 00:00:00+00
5cd89f95-28b9-428c-8499-22e503d64f03,FARTABAD – BJC DHALAIBRIDGE-01,10b4b8cd-7f82-4162-a0d5-a37bff9d9049,29069f7b-f587-4a03-a94c-45fab866784d,84e8ba18-eedc-4eae-aaa4-e6a82400849d,24,ad3477d5-de78-4b9f-9302-a4b5db326e9f,1.200,252440,1.200,,4bc2a086-b131-47e1-9c20-f10650c0196d,,,true,2025-08-19 00:00:00+00,2025-10-29 00:00:00+00
5d7bda53-5622-4056-955f-57e2e5cf8c2e,BARUIPUR - SP OFFICE BRP-01,b5bfbef5-356c-499b-ad2b-351b7ed6a845,8eb7c593-3536-41e0-a0dc-eb6257a95b8d,84e8ba18-eedc-4eae-aaa4-e6a82400849d,24,ad3477d5-de78-4b9f-9302-a4b5db326e9f,0.650,198550,0.650,990500621567,4bc2a086-b131-47e1-9c20-f10650c0196d,2018-06-29,,true,2025-08-19 00:00:00+00,2025-10-29 00:00:00+00
5e1f1fb4-0377-49db-851a-daf73ac6b06e,AP NAGAR - SONARPUR ROAD BAZAR BTS-01,54bc2231-880b-4ba6-ba6e-4d3cb594052b,7184883c-d5f4-42c8-9c21-6b25f218b399,84e8ba18-eedc-4eae-aaa4-e6a82400849d,24,ad3477d5-de78-4b9f-9302-a4b5db326e9f,0.910,198606,0.930,990500621574,4bc2a086-b131-47e1-9c20-f10650c0196d,2018-08-31,,true,2025-08-19 00:00:00+00,2025-10-29 00:00:00+00
604a823c-6418-4b75-bb10-537754e14e99,BANTALA – SONARPUR-01,4bd7a86e-1486-4325-8324-899a0d370abb,4dd05c04-dddb-44df-ab90-0b95b3ee5f11,84e8ba18-eedc-4eae-aaa4-e6a82400849d,24,ad3477d5-de78-4b9f-9302-a4b5db326e9f,13.300,175209,,,4bc2a086-b131-47e1-9c20-f10650c0196d,,,true,2025-08-19 00:00:00+00,2025-10-29 00:00:00+00
6512db52-48f1-42ca-8878-960cff896fea,FARTABAD – MAHAMAYAPUR BTS-01,10b4b8cd-7f82-4162-a0d5-a37bff9d9049,490a7b87-4ee6-43b0-828e-f93e51f8ec49,84e8ba18-eedc-4eae-aaa4-e6a82400849d,24,ad3477d5-de78-4b9f-9302-a4b5db326e9f,0.700,248842,0.700,990500904056,4bc2a086-b131-47e1-9c20-f10650c0196d,,,true,2025-08-19 00:00:00+00,2025-10-29 00:00:00+00
65a5bae5-79cb-4d48-a392-878dc9307a3a,SITAKUNDU - RAMNAGAR 1 GP,69b3cd60-ce89-43b4-ac1f-4671fc02d081,9b8b4fb4-5ba8-401d-8f53-a05bb7610b11,84e8ba18-eedc-4eae-aaa4-e6a82400849d,24,e40c2549-11ec-485d-a67a-8261fcaec68a,0.033,,,,4bc2a086-b131-47e1-9c20-f10650c0196d,,F1,true,,2025-10-29 00:00:00+00
69d3440a-78cf-4c54-8764-47329a064bd5,MADARHAT - MADARHAT GP,10bf798c-c44f-43ed-8513-41c633434f90,cad123ff-e83b-48c3-b550-338955285c60,84e8ba18-eedc-4eae-aaa4-e6a82400849d,24,e40c2549-11ec-485d-a67a-8261fcaec68a,0.312,,,,4bc2a086-b131-47e1-9c20-f10650c0196d,,F1,true,,2025-10-29 00:00:00+00
6bf5f2d9-ab51-4362-91b2-e50234e0fb8f,GOBINDAPUR BYPASS J/C – GOBINDAPUR,5a344f14-e7b2-47a4-ad26-13219049f000,badf80cb-ccc2-47f9-8dc4-82e32733b251,84e8ba18-eedc-4eae-aaa4-e6a82400849d,24,e40c2549-11ec-485d-a67a-8261fcaec68a,0.700,,,,4bc2a086-b131-47e1-9c20-f10650c0196d,,LENGTH EXPECTED NOT ACTUAL,true,,2025-10-29 00:00:00+00
6bfbdaa5-6f0d-4c1a-b925-69b30606da82,SUGAM PARK -BJC SUGAM PARK,e1cf5cd0-7692-45ee-83d2-cfdc6d8843ef,f77adbaf-26ac-4c18-b988-d8df8d6d6f29,84e8ba18-eedc-4eae-aaa4-e6a82400849d,24,ad3477d5-de78-4b9f-9302-a4b5db326e9f,0.300,170674,0.310,,4bc2a086-b131-47e1-9c20-f10650c0196d,2014-08-10,,true,2025-08-19 00:00:00+00,2025-10-29 00:00:00+00
6ed85675-53f4-45ee-890a-1beb87777618,BJC CHAMPAHATI - CHAMPAHATI GP,61e86d59-3750-4828-a290-8c4ec7573553,bea33b43-76eb-460b-be4f-9493c5915b95,84e8ba18-eedc-4eae-aaa4-e6a82400849d,24,e40c2549-11ec-485d-a67a-8261fcaec68a,0.165,,,,4bc2a086-b131-47e1-9c20-f10650c0196d,,CHAMPAHATI MORE BSNL U/G JC(3-4) - CHAMPAHATI GP(1-2) & CHAMPAHATI GP(3-4) TO CHAMPAHATI MORE BSNL U/G JC(3-4) OF OTHER SIDE,true,,2025-10-29 00:00:00+00
6f97a3d7-1f30-4132-8ce2-ad3c04d0ecbc,BARUIPUR BHQ - KUMARHAT EXCHANGE,2a5c8bd0-327a-4ef7-8a46-bdcbef37651a,3c920b3f-4394-4641-9a07-f2e5f5518526,84e8ba18-eedc-4eae-aaa4-e6a82400849d,24,e40c2549-11ec-485d-a67a-8261fcaec68a,5.455,,,,4bc2a086-b131-47e1-9c20-f10650c0196d,,BARUIPUR BHQ(5-8) - KUMARHAT EXCHANGE(1-4),true,,2025-10-29 00:00:00+00
7034f54e-e26e-4863-8695-c823c4b267fc,BARUIPUR DRDO SERVER ROOM – BJC TONGTALA MORE-01,1aeeac44-6574-4a1e-b796-a1598890b74e,23c38fd1-2741-4d88-a8df-868465f1849c,84e8ba18-eedc-4eae-aaa4-e6a82400849d,24,ad3477d5-de78-4b9f-9302-a4b5db326e9f,1.450,237645,1.450,,4bc2a086-b131-47e1-9c20-f10650c0196d,,,true,2025-08-19 00:00:00+00,2025-10-29 00:00:00+00
709b49b0-eb0f-47be-922f-8504de6be564,BARUIPUR RAIL CROSSING BTS⇔BJC PADMAPUKUR_1,25fefca1-ae6f-4e01-8051-087a94373b9d,b914a33a-bae2-4481-818e-e66bafe8656a,84e8ba18-eedc-4eae-aaa4-e6a82400849d,24,ad3477d5-de78-4b9f-9302-a4b5db326e9f,0.900,258515,0.900,990500924977,4bc2a086-b131-47e1-9c20-f10650c0196d,,DPR,true,2025-12-29 10:12:07.817534+00,2025-12-29 11:53:06.258772+00
714965f9-858a-4bc6-aa63-3be8b7d2cf68,SHIKHARBALI II GP - SHIKHARBALI I GP,536b698f-a0e9-45b7-be88-3fa46438083f,8920d1b2-143d-4c51-8b81-51aa71a22cca,84e8ba18-eedc-4eae-aaa4-e6a82400849d,24,e40c2549-11ec-485d-a67a-8261fcaec68a,3.287,,,,4bc2a086-b131-47e1-9c20-f10650c0196d,,,true,,2025-10-29 00:00:00+00
7168bbd0-f93f-4602-a1e3-41899cb69518,JC 2 NEAR AP NAGAR - JC NEAR KALIKAPUR 1,dd13e53c-713a-4219-9ff1-463bd616523f,0453d83b-1c16-42b3-b487-f23ca1294795,84e8ba18-eedc-4eae-aaa4-e6a82400849d,24,e40c2549-11ec-485d-a67a-8261fcaec68a,5.250,,,,4bc2a086-b131-47e1-9c20-f10650c0196d,,,true,,2025-10-29 00:00:00+00
71a8705e-2b81-4fc9-864a-6a1489d93451,BARUIPUR BHQ - RAMNAGAR 2 GP,2a5c8bd0-327a-4ef7-8a46-bdcbef37651a,15f9295e-0909-4a8c-8d50-5dd161639344,84e8ba18-eedc-4eae-aaa4-e6a82400849d,24,e40c2549-11ec-485d-a67a-8261fcaec68a,3.038,,,,4bc2a086-b131-47e1-9c20-f10650c0196d,,"BARUIPUR BHQ(3,4) - RAMNAGAR 2(3,4) ",true,,2025-10-29 00:00:00+00
71cd77ae-7328-4493-9051-dc276431c5f0,GOBINDAPUR - HARIHARPUR GP,badf80cb-ccc2-47f9-8dc4-82e32733b251,6d2a25b4-5429-4a9a-8884-6087ad83c2c1,84e8ba18-eedc-4eae-aaa4-e6a82400849d,24,e40c2549-11ec-485d-a67a-8261fcaec68a,1.622,,,,4bc2a086-b131-47e1-9c20-f10650c0196d,,,true,,2025-10-29 00:00:00+00
7307c615-b912-449b-8a71-a566c115a982,JC NEAR AP NAGAR - AP NAGAR,425e962e-64c6-45a5-9a6c-be52361519e3,54bc2231-880b-4ba6-ba6e-4d3cb594052b,84e8ba18-eedc-4eae-aaa4-e6a82400849d,24,e40c2549-11ec-485d-a67a-8261fcaec68a,0.589,,,,4bc2a086-b131-47e1-9c20-f10650c0196d,,,true,,2025-10-29 00:00:00+00
733761af-2425-42b8-9f65-97a187d0be47,GOBINDAPUR – PADMAPUKUR-01,badf80cb-ccc2-47f9-8dc4-82e32733b251,b23799ac-04a7-4a2c-a6ce-2676971cbc2f,e137552b-9ae2-442b-bcc2-c435d7d64ba1,12,ad3477d5-de78-4b9f-9302-a4b5db326e9f,2.990,170304,3.000,,4bc2a086-b131-47e1-9c20-f10650c0196d,2003-07-18,,true,2025-08-19 00:00:00+00,2025-10-29 00:00:00+00
752756c6-e9e7-495c-b027-faaa43f615c9,BJC BARUIPUR DUTTAPARA BTS – BARUIPUR MOTHERHUT I BTS-01,4d2b0dc9-f63a-4a6d-8fdc-ddb7d44875a7,6f41170b-1bdb-4007-98a4-a5f7cd1ab418,84e8ba18-eedc-4eae-aaa4-e6a82400849d,24,ad3477d5-de78-4b9f-9302-a4b5db326e9f,1.400,250135,1.400,990500904106,4bc2a086-b131-47e1-9c20-f10650c0196d,,,true,2025-08-19 00:00:00+00,2025-10-29 00:00:00+00
757f6f76-348d-43b1-a6b4-91c1f931b8a8,JC NEAR KHEYADAH 1 – Kheyadaha-I,96a3c282-7caa-452f-b11f-6df458ee0a15,be137ca3-f4f4-424b-b208-536d70486ed3,84e8ba18-eedc-4eae-aaa4-e6a82400849d,24,e40c2549-11ec-485d-a67a-8261fcaec68a,0.200,,,,4bc2a086-b131-47e1-9c20-f10650c0196d,,,true,,2025-10-29 00:00:00+00
75a49d85-fa43-42f5-a5cc-9106633fd7a9,BJC CHAMPAHATI - SOUTH GARIA GP,61e86d59-3750-4828-a290-8c4ec7573553,7a2ce0a0-5faa-4b10-8f22-ecfe68cdb525,84e8ba18-eedc-4eae-aaa4-e6a82400849d,24,e40c2549-11ec-485d-a67a-8261fcaec68a,1.597,,,,4bc2a086-b131-47e1-9c20-f10650c0196d,,CHAMPAHATI MORE BSNL U/G JC(5-6) - SOUTH GARIA GP(1-2) & SOUTH GARIA (3-4) TO CHAMPAHATI MORE BSNL U/G JC(5-6) OF OTHER SIDE,true,,2025-10-29 00:00:00+00
77eb3633-6dc2-45e1-8d32-5f1d7e360151,SONARPUR NATUNPALLY (GHASIRA SCHOOL) BTS – BJC OH JT ROLL OF ONGC CENTRAL AP NAGAR,cb8918d3-ef72-4754-9c68-876edf4ae1d3,fdf6b770-268f-4f5a-93f4-0950fcaf6995,84e8ba18-eedc-4eae-aaa4-e6a82400849d,24,ad3477d5-de78-4b9f-9302-a4b5db326e9f,0.850,255207,0.850,,4bc2a086-b131-47e1-9c20-f10650c0196d,,,true,2025-08-19 00:00:00+00,2025-10-29 00:00:00+00
7b4167f2-aa01-4be3-bbf7-89ef56138c8c,JOGIBARTALA BTS-BJC JOGIBARTALA-01,dea33be8-45f3-4823-9366-654f63ba67f2,07563e90-2a37-4a21-beaa-7d55148e4d5e,e137552b-9ae2-442b-bcc2-c435d7d64ba1,12,ad3477d5-de78-4b9f-9302-a4b5db326e9f,1.480,170691,0.200,,4bc2a086-b131-47e1-9c20-f10650c0196d,,,true,2025-08-19 00:00:00+00,2025-10-29 00:00:00+00
7bca6102-3d4b-4b90-80ac-fd1b06b635e0,SONARPUR – AWANTIPUR,4dd05c04-dddb-44df-ab90-0b95b3ee5f11,c56c403c-c441-49ff-bbdc-b6d36b364d0c,1b3fc06b-9948-4232-8a2c-caec58f780aa,48,ad3477d5-de78-4b9f-9302-a4b5db326e9f,9.030,170314,9.080,,4bc2a086-b131-47e1-9c20-f10650c0196d,,,true,2025-08-19 00:00:00+00,2026-01-02 14:39:59.046541+00
7cf76cf8-6377-43cc-9f4c-29a49fca7049,HNV PCM 1ST FLOOR -SUBHASGRAM-02,45f1a024-b36f-465a-8896-125399380cb6,bc11bc30-dc0e-4dd6-86bc-d8f4ea149d1b,2ecb77f4-d9ff-4300-ab99-6118ad220ce1,48,ad3477d5-de78-4b9f-9302-a4b5db326e9f,3.080,173955,,,4bc2a086-b131-47e1-9c20-f10650c0196d,,,true,2025-08-19 00:00:00+00,2025-10-29 00:00:00+00
7f8cb39d-e7f0-49d0-8f26-b37769db79d5,BJC SASAN ROAD OH JOINT-SASAN BARUIPUR BTS-01,817db3ce-e914-40cb-a509-e2b12c7ac189,3019cb42-9dca-4eaf-a349-2e4c0fae92e2,2ecb77f4-d9ff-4300-ab99-6118ad220ce1,48,ad3477d5-de78-4b9f-9302-a4b5db326e9f,0.820,244598,0.820,,4bc2a086-b131-47e1-9c20-f10650c0196d,,,true,2025-08-19 00:00:00+00,2025-10-29 00:00:00+00
8072465f-2405-4c73-a1fe-3749eb8bff89,UTTARBAGH MORE JC-HARDAH GP,bb6d8d1f-0e0a-4fae-b764-ec9c469988b6,1ffbaa82-a4f5-4760-aa46-64e909c322de,84e8ba18-eedc-4eae-aaa4-e6a82400849d,24,e40c2549-11ec-485d-a67a-8261fcaec68a,4.813,,,,4bc2a086-b131-47e1-9c20-f10650c0196d,,RAMNAGAR2(5-8)  - UTTARBHAG JC(5-8) - HARDAH(1-4),true,,2025-10-29 00:00:00+00
80d43b30-9cd8-4d70-9ff0-a0c14c749009,FULTALA MORE JC – SITAKUNDU,4a7811fb-7b7b-4b46-8d8b-38205c6fe58f,69b3cd60-ce89-43b4-ac1f-4671fc02d081,84e8ba18-eedc-4eae-aaa4-e6a82400849d,24,e40c2549-11ec-485d-a67a-8261fcaec68a,2.498,,,,4bc2a086-b131-47e1-9c20-f10650c0196d,,FULTALA MORE JC(9-12) - SITAKUNDU EXCHANGE(1-4),true,,2025-10-29 00:00:00+00
80f0974f-fc82-4a88-9401-c1a28e9fb796,JADAVPUR – KAMALGAZI BTS-01,41355205-b6db-4d38-bebf-9f0cf2998f64,abfa36d3-d0ed-486e-8f97-62651f7a9b9e,84e8ba18-eedc-4eae-aaa4-e6a82400849d,24,ad3477d5-de78-4b9f-9302-a4b5db326e9f,11.720,155960,11.800,,4bc2a086-b131-47e1-9c20-f10650c0196d,2003-06-23,,true,2025-08-19 00:00:00+00,2025-10-29 00:00:00+00
81ee37ce-1a16-458c-8f52-7ec6865d2ccd,KUMARHAT EXCHANGE - SANKARPUR I GP,3c920b3f-4394-4641-9a07-f2e5f5518526,88b7e61d-0d1c-4aea-bda0-23164ff9ed2f,84e8ba18-eedc-4eae-aaa4-e6a82400849d,24,e40c2549-11ec-485d-a67a-8261fcaec68a,3.279,,,,4bc2a086-b131-47e1-9c20-f10650c0196d,,"KUMARHAT EXCHANGE(1,2) - SANKARPUR I GP(1,2)",true,,2025-10-29 00:00:00+00
83746fe4-1b6e-43d8-94e3-64d406922d63,FULTALA MORE JC - BARUIPUR BHQ,4a7811fb-7b7b-4b46-8d8b-38205c6fe58f,2a5c8bd0-327a-4ef7-8a46-bdcbef37651a,84e8ba18-eedc-4eae-aaa4-e6a82400849d,24,e40c2549-11ec-485d-a67a-8261fcaec68a,0.390,,,,4bc2a086-b131-47e1-9c20-f10650c0196d,,"FULTALA MORE JC(1,2,5-8) - BARUIPUR BHQ(1,2,5-8)",true,,2025-10-29 00:00:00+00
848505a7-3cf4-4ffe-bf65-15a58eacb3b5,RAMCHANDRAPUR BTS – BJC RAMCHANDRAPUR AERIAL,528017c7-b844-4b84-81e4-c9fa425ca540,368108bf-4596-4f69-8e8a-b81bdb764b0e,84e8ba18-eedc-4eae-aaa4-e6a82400849d,24,ad3477d5-de78-4b9f-9302-a4b5db326e9f,0.860,170658,0.860,,4bc2a086-b131-47e1-9c20-f10650c0196d,2007-08-23,,true,2025-08-19 00:00:00+00,2025-10-29 00:00:00+00
8705fb66-e58c-41df-bb68-300e0e98465d,BEGUMPUR JC - BEGAMPUR GP,e4553aea-b23d-4d1b-90a2-bc4b684d0042,2ba22e1b-581e-4b01-9fe4-2e00bea05f58,84e8ba18-eedc-4eae-aaa4-e6a82400849d,24,e40c2549-11ec-485d-a67a-8261fcaec68a,0.040,,,,4bc2a086-b131-47e1-9c20-f10650c0196d,,BEGUMPUR JC(1-2) - BEGAMPUR GP(1-2)  & BEGAMPUR GP(3-4) TO BEGUMPUR JC(1-2) OF OTHER SIDE,true,,2025-10-29 00:00:00+00
877ca586-2a92-4604-989f-611001655af0,BORAL – KAMALGAZI BTS-03,4655a834-c64f-48c8-90a0-6e4f9654acf1,abfa36d3-d0ed-486e-8f97-62651f7a9b9e,2ecb77f4-d9ff-4300-ab99-6118ad220ce1,48,ad3477d5-de78-4b9f-9302-a4b5db326e9f,2.730,173515,2.700,,4bc2a086-b131-47e1-9c20-f10650c0196d,2003-06-23,,true,2025-08-19 00:00:00+00,2025-10-29 00:00:00+00
88710843-567c-41a9-b395-4ef24185edd0,HARIHARPUR GP – MALLICKPUR GP,6d2a25b4-5429-4a9a-8884-6087ad83c2c1,8281f3e9-64c6-4aad-aedf-97755aaac4a3,84e8ba18-eedc-4eae-aaa4-e6a82400849d,24,e40c2549-11ec-485d-a67a-8261fcaec68a,1.183,,,,4bc2a086-b131-47e1-9c20-f10650c0196d,,,true,,2025-10-29 00:00:00+00
8980a87c-5fbd-4ee5-afe8-585a1c950a9c,BARUIPUR - GOBINDAPUR BYPASS J/C,b5bfbef5-356c-499b-ad2b-351b7ed6a845,5a344f14-e7b2-47a4-ad26-13219049f000,84e8ba18-eedc-4eae-aaa4-e6a82400849d,24,e40c2549-11ec-485d-a67a-8261fcaec68a,6.200,,,,4bc2a086-b131-47e1-9c20-f10650c0196d,,,true,,2025-10-29 00:00:00+00
89fa53a1-0cc3-41ba-aa23-7d4874fc31cb,MISSION – NARENDRAPUR MISSION GATE BTS-01,376e5b44-4294-4b61-a411-2df818899fd0,e0834789-c315-4da7-8e13-13787f88be84,84e8ba18-eedc-4eae-aaa4-e6a82400849d,24,ad3477d5-de78-4b9f-9302-a4b5db326e9f,0.700,249645,0.700,990500906564,4bc2a086-b131-47e1-9c20-f10650c0196d,,,true,2025-08-19 00:00:00+00,2025-10-29 00:00:00+00
8acb9949-5260-4c4c-ab8c-f6af74d0d4fd,SURJAPUR HAT JC - NABAGRAM GP,431843f3-5af8-4169-a66a-0591a430bc46,af2ac182-bc29-4013-a602-3d70ab1676ad,84e8ba18-eedc-4eae-aaa4-e6a82400849d,24,e40c2549-11ec-485d-a67a-8261fcaec68a,1.570,,,,4bc2a086-b131-47e1-9c20-f10650c0196d,,"SURJAPUR HAT JC(5-24) - NABAGRAM GP(5-24) ",true,,2025-10-29 00:00:00+00
8c048885-41bb-446a-8366-d4f56952d0ef,BARUIPUR DRDO SERVER ROOM - BARUIPUR DRDO DATA CENTRE-01,1aeeac44-6574-4a1e-b796-a1598890b74e,51b21244-07e3-4464-ad7b-4ce70805d559,84e8ba18-eedc-4eae-aaa4-e6a82400849d,24,ad3477d5-de78-4b9f-9302-a4b5db326e9f,0.090,237650,0.090,,4bc2a086-b131-47e1-9c20-f10650c0196d,,,true,2025-08-19 00:00:00+00,2025-10-29 00:00:00+00
8c29272a-4228-487e-b515-7306bb7a237d,PIYALI TOWN II BTS – BJC NARIDANA,5ff68e3d-96c7-41b7-a27e-53823346640a,81609ffc-55a8-4a2e-9283-bb903f109412,84e8ba18-eedc-4eae-aaa4-e6a82400849d,24,ad3477d5-de78-4b9f-9302-a4b5db326e9f,0.300,233304,0.300,,4bc2a086-b131-47e1-9c20-f10650c0196d,2022-12-14,,true,2025-08-19 00:00:00+00,2025-10-29 00:00:00+00
8c2ddcbe-7083-40d3-8f96-c4009344d305,BARUIPUR STATION BAZAR BTS-UTTAR KALYANPUR BTS-01,286ec15e-6eee-488e-9fd8-16b7fb859853,6200287c-2244-4b89-ba91-932301dbcfd7,84e8ba18-eedc-4eae-aaa4-e6a82400849d,24,ad3477d5-de78-4b9f-9302-a4b5db326e9f,1.400,241287,1.400,,4bc2a086-b131-47e1-9c20-f10650c0196d,,,true,2025-08-19 00:00:00+00,2025-12-07 00:00:00+00
8cfae6e9-7e96-4ee2-bc13-8e7dca0a5d7e,Sonarpur – Mission pally BTS,4dd05c04-dddb-44df-ab90-0b95b3ee5f11,70f7d909-f8b0-4171-a67b-6df6ffc170af,84e8ba18-eedc-4eae-aaa4-e6a82400849d,24,ad3477d5-de78-4b9f-9302-a4b5db326e9f,2.490,239007,1.050,,4bc2a086-b131-47e1-9c20-f10650c0196d,2023-09-25,,true,2025-08-19 00:00:00+00,2025-10-29 00:00:00+00
90a01e7e-e792-4601-bf93-69ae298d1376,KAMALGAZI BTS⇔BJC KAMALGAZI CHOWK_2,abfa36d3-d0ed-486e-8f97-62651f7a9b9e,ebba4278-7d39-488b-8492-aca4001cf2c6,9735f097-e10e-40e6-ba15-b2dee2e76b80,96,ad3477d5-de78-4b9f-9302-a4b5db326e9f,0.500,,0.500,,4bc2a086-b131-47e1-9c20-f10650c0196d,,,true,2025-12-29 17:53:32.44968+00,2025-12-29 17:53:32.44968+00
945ed62e-79a8-48f3-a71a-34b54b1006ee,BARENDRA PARA BTS – SONARPUR,aeaa6688-ca5f-4a9d-9d72-28ac13063d15,4dd05c04-dddb-44df-ab90-0b95b3ee5f11,84e8ba18-eedc-4eae-aaa4-e6a82400849d,24,ad3477d5-de78-4b9f-9302-a4b5db326e9f,0.450,,0.000,990500638541,4bc2a086-b131-47e1-9c20-f10650c0196d,,,true,2025-08-19 00:00:00+00,2025-12-27 09:18:05.894842+00
95397732-9358-4448-9a1d-6fd3fc4e0f58,DIAMOND BEVARAGE – MISSION,c7c7c764-2284-4b93-925c-aac50857413e,376e5b44-4294-4b61-a411-2df818899fd0,84e8ba18-eedc-4eae-aaa4-e6a82400849d,24,ad3477d5-de78-4b9f-9302-a4b5db326e9f,0.350,244716,0.350,990500632924,4bc2a086-b131-47e1-9c20-f10650c0196d,,,true,2025-08-19 00:00:00+00,2025-10-29 00:00:00+00
957552ff-b669-4084-8179-148099085e99,DAKSHIN CHOWHATI BTS-BJC DHAMAITALA-01,f62efeda-0828-4bf3-b9c6-076aee551b93,c03c5411-e3a6-404e-a7fe-ffcae2255379,e137552b-9ae2-442b-bcc2-c435d7d64ba1,12,ad3477d5-de78-4b9f-9302-a4b5db326e9f,2.200,170714,2.200,,4bc2a086-b131-47e1-9c20-f10650c0196d,2010-10-13,,true,2025-08-19 00:00:00+00,2025-10-29 00:00:00+00
95b2ff0b-98f6-4b23-9109-b8757d64c174,PRATAPNAGAR GP TAPPING JC (TEEMATHA MORE) – Kalikapur-II,6029436f-818b-4102-8382-a341ce2e6139,b3ba1d0c-d912-4635-a664-55d42fd7dede,84e8ba18-eedc-4eae-aaa4-e6a82400849d,24,e40c2549-11ec-485d-a67a-8261fcaec68a,0.080,,,,4bc2a086-b131-47e1-9c20-f10650c0196d,,,true,,2025-10-29 00:00:00+00
95d9bcd2-7d23-45cd-a3fc-a607f585cca5,BOI NARENDRAPUR – BJC KAMALGAZI MORE JC-01,bef92f43-aed2-428d-bca6-f314d8202ae6,a0cad95f-0452-4ef4-9b29-d38998a6195b,84e8ba18-eedc-4eae-aaa4-e6a82400849d,24,ad3477d5-de78-4b9f-9302-a4b5db326e9f,0.770,244528,0.770,,4bc2a086-b131-47e1-9c20-f10650c0196d,,,true,2025-08-19 00:00:00+00,2025-10-29 00:00:00+00
961b784b-29a4-4b9f-b5db-89d685e95307,AP NAGAR – SITAKUNDU-01 (C1),54bc2231-880b-4ba6-ba6e-4d3cb594052b,69b3cd60-ce89-43b4-ac1f-4671fc02d081,84e8ba18-eedc-4eae-aaa4-e6a82400849d,24,ad3477d5-de78-4b9f-9302-a4b5db326e9f,16.460,170323,16.410,,4bc2a086-b131-47e1-9c20-f10650c0196d,2003-06-23,,true,2025-08-19 00:00:00+00,2026-01-11 17:25:17.985403+00
9737d1aa-6ad6-4c17-9ca6-3dd10b6ad0a1,HNV PCM 1ST FLOOR - POLEGHAT,45f1a024-b36f-465a-8896-125399380cb6,77ffbe51-7aee-49e2-9ada-2ed98055ceb3,84e8ba18-eedc-4eae-aaa4-e6a82400849d,24,e40c2549-11ec-485d-a67a-8261fcaec68a,3.037,,,,4bc2a086-b131-47e1-9c20-f10650c0196d,,,true,,2025-10-29 00:00:00+00
9b9d3394-53f2-4460-a04c-05a786f82472,BORAL - HNV PCM 1ST FLOOR-02,4655a834-c64f-48c8-90a0-6e4f9654acf1,45f1a024-b36f-465a-8896-125399380cb6,84e8ba18-eedc-4eae-aaa4-e6a82400849d,24,ad3477d5-de78-4b9f-9302-a4b5db326e9f,9.400,153838,9.430,,4bc2a086-b131-47e1-9c20-f10650c0196d,2004-01-01,,true,2025-08-19 00:00:00+00,2025-10-29 00:00:00+00
9c524059-ed4f-4a65-babe-c2d45925f45f,PADMAPUKUR - BARUIPUR COURT,b23799ac-04a7-4a2c-a6ce-2676971cbc2f,9f0abffc-11ef-484c-bd32-e7b8e57530ae,84e8ba18-eedc-4eae-aaa4-e6a82400849d,24,ad3477d5-de78-4b9f-9302-a4b5db326e9f,0.640,198078,0.640,990500621569,4bc2a086-b131-47e1-9c20-f10650c0196d,2018-10-10,,true,2025-08-19 00:00:00+00,2025-10-29 00:00:00+00
9dd8798b-2d71-4f72-bac1-b5c283dce3ea,KUMARHAT EXCHANGE - DHAP DHAPI I GP,3c920b3f-4394-4641-9a07-f2e5f5518526,4c89d12d-9797-4886-8543-05fdaa46ef02,84e8ba18-eedc-4eae-aaa4-e6a82400849d,24,e40c2549-11ec-485d-a67a-8261fcaec68a,0.183,,,,4bc2a086-b131-47e1-9c20-f10650c0196d,,,true,,2025-10-29 00:00:00+00
9e7b6a61-f7d6-4885-a1f6-e1984dfd1aba,PADMAPUKUR - JULPIA,b23799ac-04a7-4a2c-a6ce-2676971cbc2f,f9ff6e66-4926-4fda-a275-9671f294e925,2ecb77f4-d9ff-4300-ab99-6118ad220ce1,48,ad3477d5-de78-4b9f-9302-a4b5db326e9f,8.500,157062,,990500620990,4bc2a086-b131-47e1-9c20-f10650c0196d,,,true,2025-08-19 00:00:00+00,2025-10-29 00:00:00+00
9e953790-b918-4c79-a9dc-1ab236114a86,GOBINDAPUR - MALLICKPUR BTS-01,badf80cb-ccc2-47f9-8dc4-82e32733b251,91efb40b-3d7f-430b-9fec-584bcaf56029,84e8ba18-eedc-4eae-aaa4-e6a82400849d,24,ad3477d5-de78-4b9f-9302-a4b5db326e9f,2.090,153646,,,4bc2a086-b131-47e1-9c20-f10650c0196d,,,true,2025-08-19 00:00:00+00,2025-10-29 00:00:00+00
9ea9a9fe-a4db-4a98-9c80-aac64221fcce,BORAL- BORAL MAJHERPARA BTS-01,4655a834-c64f-48c8-90a0-6e4f9654acf1,ceb6e548-ad55-432c-83b2-08774b3fa530,84e8ba18-eedc-4eae-aaa4-e6a82400849d,24,ad3477d5-de78-4b9f-9302-a4b5db326e9f,1.300,248845,1.300,990500904055,4bc2a086-b131-47e1-9c20-f10650c0196d,,,true,2025-08-19 00:00:00+00,2025-10-29 00:00:00+00
9f345576-14ea-4a08-be23-bc3668e807ac,AP NAGAR - JC 2 NEAR AP NAGAR,54bc2231-880b-4ba6-ba6e-4d3cb594052b,dd13e53c-713a-4219-9ff1-463bd616523f,84e8ba18-eedc-4eae-aaa4-e6a82400849d,24,e40c2549-11ec-485d-a67a-8261fcaec68a,1.200,,,,4bc2a086-b131-47e1-9c20-f10650c0196d,,,true,,2025-10-29 00:00:00+00
9ffa8238-e403-4e0b-9d4c-7f0a985cd4b1,RAMNAGAR 2 GP -UTTARBAGH MORE JC,15f9295e-0909-4a8c-8d50-5dd161639344,bb6d8d1f-0e0a-4fae-b764-ec9c469988b6,84e8ba18-eedc-4eae-aaa4-e6a82400849d,24,e40c2549-11ec-485d-a67a-8261fcaec68a,4.911,,,,4bc2a086-b131-47e1-9c20-f10650c0196d,,,true,,2025-10-29 00:00:00+00
a2ec10d1-a3f6-484b-bec3-cdb567e45d68,BJC BARUIPUR MADARHAT BTS – BARUIPUR MOTHERHUT II BTS-01,5aae759f-c4e4-40e5-aafa-3f4fd10b73eb,dea39efc-21b8-4bf1-9254-f53c958b6378,84e8ba18-eedc-4eae-aaa4-e6a82400849d,24,ad3477d5-de78-4b9f-9302-a4b5db326e9f,1.300,250136,1.300,990500904105,4bc2a086-b131-47e1-9c20-f10650c0196d,,,true,2025-08-19 00:00:00+00,2025-10-29 00:00:00+00
a32f722c-c216-4184-9ccc-efec55d79d95,HNV PCM 1ST FLOOR – SUBHASGRAM-01,45f1a024-b36f-465a-8896-125399380cb6,bc11bc30-dc0e-4dd6-86bc-d8f4ea149d1b,84e8ba18-eedc-4eae-aaa4-e6a82400849d,24,ad3477d5-de78-4b9f-9302-a4b5db326e9f,2.920,155066,2.880,,4bc2a086-b131-47e1-9c20-f10650c0196d,2005-10-05,,true,2025-08-19 00:00:00+00,2025-10-29 00:00:00+00
a48ef35d-f996-4485-8ae5-a51a7353e528,HNV PCM 1ST FLOOR-MISSION-02,45f1a024-b36f-465a-8896-125399380cb6,376e5b44-4294-4b61-a411-2df818899fd0,e137552b-9ae2-442b-bcc2-c435d7d64ba1,12,ad3477d5-de78-4b9f-9302-a4b5db326e9f,2.980,155070,2.980,,4bc2a086-b131-47e1-9c20-f10650c0196d,,,true,2025-08-19 00:00:00+00,2025-10-29 00:00:00+00
a5c90e26-276f-448f-8708-1737744142f1,SHERWOOD – BJC SHERWOOD AERIAL,859ee42c-40de-4e16-ac9b-084075953311,c167bfd6-5426-4789-b7dc-8aed3b4367ca,e137552b-9ae2-442b-bcc2-c435d7d64ba1,12,ad3477d5-de78-4b9f-9302-a4b5db326e9f,0.490,173769,0.490,,4bc2a086-b131-47e1-9c20-f10650c0196d,2008-04-08,,true,2025-08-19 00:00:00+00,2025-10-29 00:00:00+00
a7b18ba6-63aa-4ab4-b5df-4541ad3e83b8,HNV PCM 1ST FLOOR – SUBHASGRAM-03,45f1a024-b36f-465a-8896-125399380cb6,bc11bc30-dc0e-4dd6-86bc-d8f4ea149d1b,84e8ba18-eedc-4eae-aaa4-e6a82400849d,24,ad3477d5-de78-4b9f-9302-a4b5db326e9f,10.910,173959,10.910,,4bc2a086-b131-47e1-9c20-f10650c0196d,2003-06-23,,true,2025-08-19 00:00:00+00,2025-10-29 00:00:00+00
a80fe2a3-5b91-4359-945e-6cd8cce992d5,GARIA FARTABAD KANDARPUR SAHAPARA BTS – FARTABAD GHOSH PARA BTS-01,296383f0-9826-45cf-8934-b5312fedf472,53de6111-6a9e-4106-8244-15138a8c7aad,84e8ba18-eedc-4eae-aaa4-e6a82400849d,24,ad3477d5-de78-4b9f-9302-a4b5db326e9f,0.750,244449,0.750,,4bc2a086-b131-47e1-9c20-f10650c0196d,,,true,2025-08-19 00:00:00+00,2025-10-29 00:00:00+00
a9d3b122-e613-44e2-9761-19948a774cd9,SONARPUR II BTS – SONARPUR,4c8710d0-1503-43b9-b595-fa876c65f61d,4dd05c04-dddb-44df-ab90-0b95b3ee5f11,84e8ba18-eedc-4eae-aaa4-e6a82400849d,24,ad3477d5-de78-4b9f-9302-a4b5db326e9f,1.300,239001,1.300,,4bc2a086-b131-47e1-9c20-f10650c0196d,,,true,2025-08-19 00:00:00+00,2025-10-29 00:00:00+00
ab853158-b04b-40b3-aac1-b7b5e5febcf5,NATUN PALLY BTS- SONARPUR-01,15f65398-ee89-47bc-92e0-5c2fd4eaeb1a,4dd05c04-dddb-44df-ab90-0b95b3ee5f11,e137552b-9ae2-442b-bcc2-c435d7d64ba1,12,ad3477d5-de78-4b9f-9302-a4b5db326e9f,3.550,155799,2.890,,4bc2a086-b131-47e1-9c20-f10650c0196d,2008-04-08,,true,2025-08-19 00:00:00+00,2025-10-29 00:00:00+00
afbc9a53-56b6-4801-8b78-8f4e4c9879ce,HNV PCM 1ST FLOOR - BJC CHAMPAHATI-01,45f1a024-b36f-465a-8896-125399380cb6,61e86d59-3750-4828-a290-8c4ec7573553,2ecb77f4-d9ff-4300-ab99-6118ad220ce1,48,ad3477d5-de78-4b9f-9302-a4b5db326e9f,10.400,173955,10.400,,4bc2a086-b131-47e1-9c20-f10650c0196d,2003-06-23,,true,2025-08-19 00:00:00+00,2025-10-29 00:00:00+00
b11c80a1-5438-4413-aa8d-a5b1fad1226e,UTTARBAGH MORE JC-BRINDAKHALI GP,bb6d8d1f-0e0a-4fae-b764-ec9c469988b6,0ab041fe-fdd9-460c-895e-0141cad532c3,84e8ba18-eedc-4eae-aaa4-e6a82400849d,24,e40c2549-11ec-485d-a67a-8261fcaec68a,4.440,,,,4bc2a086-b131-47e1-9c20-f10650c0196d,,"RAMNAGAR2(1-4,9-24) -BRINDAKHALI(1-4,9-24)",true,,2025-10-29 00:00:00+00
b1926f1a-7147-4c9d-8479-d6c3c70ba399,JADAVPUR – RANIKUTI-01,41355205-b6db-4d38-bebf-9f0cf2998f64,ee2ea175-88c4-4021-bca9-f7814388d574,84e8ba18-eedc-4eae-aaa4-e6a82400849d,24,ad3477d5-de78-4b9f-9302-a4b5db326e9f,2.830,153970,2.830,,4bc2a086-b131-47e1-9c20-f10650c0196d,,,true,2025-08-19 00:00:00+00,2025-10-29 00:00:00+00
b370f79a-4076-4db8-9930-f6314a7ffb25,GOBINDAPUR⇔BARUIPUR II BTS_1,badf80cb-ccc2-47f9-8dc4-82e32733b251,3101bd5e-0fac-4546-8e79-2b18ff0fd35e,488275fc-fe52-45bd-95df-3fbed2125c33,24,ad3477d5-de78-4b9f-9302-a4b5db326e9f,1.949,257511,1.949,990500919550,4bc2a086-b131-47e1-9c20-f10650c0196d,,"1. DPR Cable
2. Route created on Transnet.
3. Photo/Video Upload Done on Transnet",true,2025-12-29 11:45:17.677202+00,2026-01-01 08:23:20.445052+00
b62ee1c8-9372-4018-9033-83427ac9ce35,HNV PCM 1ST FLOOR – MISSION-01,45f1a024-b36f-465a-8896-125399380cb6,376e5b44-4294-4b61-a411-2df818899fd0,84e8ba18-eedc-4eae-aaa4-e6a82400849d,24,ad3477d5-de78-4b9f-9302-a4b5db326e9f,2.980,154984,2.980,,4bc2a086-b131-47e1-9c20-f10650c0196d,2003-02-09,,true,2025-08-19 00:00:00+00,2025-10-29 00:00:00+00
b7002f1d-819b-47ef-8ab5-25e6cbe769dc,SANKARPUR I GP - SANKARPUR II GP,88b7e61d-0d1c-4aea-bda0-23164ff9ed2f,e3dd6ef8-fb08-4f16-b5f3-913512dd85a0,84e8ba18-eedc-4eae-aaa4-e6a82400849d,24,e40c2549-11ec-485d-a67a-8261fcaec68a,3.412,,,,4bc2a086-b131-47e1-9c20-f10650c0196d,,SANKARPUR I GP(3) - SANKARPUR II GP(3),true,,2025-10-29 00:00:00+00
b82d837f-f858-4e39-9093-3e48523112d7,SITAKUNDU - BEGUMPUR JC,69b3cd60-ce89-43b4-ac1f-4671fc02d081,e4553aea-b23d-4d1b-90a2-bc4b684d0042,84e8ba18-eedc-4eae-aaa4-e6a82400849d,24,e40c2549-11ec-485d-a67a-8261fcaec68a,2.638,,,,4bc2a086-b131-47e1-9c20-f10650c0196d,,F1-8,true,,2025-10-29 00:00:00+00
b8f79a14-e28d-4601-bf1c-68ff0f3c9bad,BJC LASKARPUR – KAMALGAZI PEYARABAGAN BTS-01,f486f6eb-68ce-462c-a90a-871251d77a07,92ca1720-9481-4411-a6ce-e9b0859985ac,aea6a03e-cf73-45a4-99e1-317f8f4cfc84,4,ad3477d5-de78-4b9f-9302-a4b5db326e9f,0.500,246339,0.500,,4bc2a086-b131-47e1-9c20-f10650c0196d,,,true,2025-08-19 00:00:00+00,2025-10-29 00:00:00+00
b9f77dd7-1eea-4d57-9d82-1e1997e30cf1,HNV PCM 1ST FLOOR-SBI RAJPUR-01,45f1a024-b36f-465a-8896-125399380cb6,2509ca5a-bb63-42ab-a9e6-10b21cdbf344,2ecb77f4-d9ff-4300-ab99-6118ad220ce1,48,ad3477d5-de78-4b9f-9302-a4b5db326e9f,1.260,244529,1.260,,4bc2a086-b131-47e1-9c20-f10650c0196d,,,true,2025-08-19 00:00:00+00,2025-10-29 00:00:00+00
bc844e19-b271-4b92-9623-6ced7a5c195c,BORAL – NEPALGANJ-01,4655a834-c64f-48c8-90a0-6e4f9654acf1,243ad33f-1f9a-4c44-9efc-71af85e25c37,2ecb77f4-d9ff-4300-ab99-6118ad220ce1,48,ad3477d5-de78-4b9f-9302-a4b5db326e9f,8.060,223146,8.060,,4bc2a086-b131-47e1-9c20-f10650c0196d,2011-10-05,,true,2025-08-19 00:00:00+00,2025-10-29 00:00:00+00
bce3fc83-a3d5-41f5-be3b-ebb00ef0ed9e,SONARPUR - SONARPUR BHQ,4dd05c04-dddb-44df-ab90-0b95b3ee5f11,b2dba624-533d-48c2-ac79-6df541ab8054,84e8ba18-eedc-4eae-aaa4-e6a82400849d,24,e40c2549-11ec-485d-a67a-8261fcaec68a,2.080,,,,4bc2a086-b131-47e1-9c20-f10650c0196d,,,true,,2025-10-29 00:00:00+00
c024d3b4-a2e3-4684-bd27-045ffd09f7e0,RAJPUR SARKAR PARA BTS⇔BJC RAJPUR_1,b4237dad-b581-4bf2-ac29-ae502a2bf43d,7b91f627-deee-4e32-82ca-5b336c1be18f,84e8ba18-eedc-4eae-aaa4-e6a82400849d,24,ad3477d5-de78-4b9f-9302-a4b5db326e9f,2.100,170701,1.230,,4bc2a086-b131-47e1-9c20-f10650c0196d,2007-08-23,,true,2026-01-01 08:13:30.708076+00,2026-01-01 08:13:58.178464+00
c02808e4-ebe3-4632-9123-9e6682760661,GOBINDAPUR BYPASS J/C - LANGALBERIA GP,5a344f14-e7b2-47a4-ad26-13219049f000,c0273662-3ba4-4967-b4b9-7dcb0b1dc2e4,84e8ba18-eedc-4eae-aaa4-e6a82400849d,24,e40c2549-11ec-485d-a67a-8261fcaec68a,0.280,,,,4bc2a086-b131-47e1-9c20-f10650c0196d,,,true,,2025-10-29 00:00:00+00
c079ac65-089e-43be-8c91-05f1f00bb187,GOBINDAPUR⇔SBI Khasmallik O/H Joint_1,badf80cb-ccc2-47f9-8dc4-82e32733b251,de3ef82d-567d-4268-80bb-97190b174b52,488275fc-fe52-45bd-95df-3fbed2125c33,24,ad3477d5-de78-4b9f-9302-a4b5db326e9f,2.520,,2.520,990500924978,4bc2a086-b131-47e1-9c20-f10650c0196d,,DPR,true,2025-12-29 09:56:08.095416+00,2025-12-29 09:56:08.095416+00
c49384aa-729c-4f8e-92df-a509b9245ebd,JC NEAR AP NAGAR - JC NEAR KHEYADAH 1,425e962e-64c6-45a5-9a6c-be52361519e3,96a3c282-7caa-452f-b11f-6df458ee0a15,84e8ba18-eedc-4eae-aaa4-e6a82400849d,24,e40c2549-11ec-485d-a67a-8261fcaec68a,6.476,,,,4bc2a086-b131-47e1-9c20-f10650c0196d,,,true,,2025-10-29 00:00:00+00
c6e1d863-4be8-4b3f-858d-64e8e07b8a35,BJC DHOPAGACHI-JULPIA,7a24fbd1-90e4-42c7-a6d5-557256417192,f9ff6e66-4926-4fda-a275-9671f294e925,e137552b-9ae2-442b-bcc2-c435d7d64ba1,12,ad3477d5-de78-4b9f-9302-a4b5db326e9f,4.560,230815,4.560,,4bc2a086-b131-47e1-9c20-f10650c0196d,2016-03-12,,true,2025-08-19 00:00:00+00,2025-10-29 00:00:00+00
c7758398-258d-4742-8a6f-297f103aa2c9,KHURIGACHI BTS – BJC OPP SRIHARI BUILDERS,60cfbcc5-26b9-4d7c-a8e9-02cc56010f19,359f0a34-9944-4590-ae86-97b0e6041111,84e8ba18-eedc-4eae-aaa4-e6a82400849d,24,ad3477d5-de78-4b9f-9302-a4b5db326e9f,0.700,234737,0.700,,4bc2a086-b131-47e1-9c20-f10650c0196d,2023-03-13,,true,2025-08-19 00:00:00+00,2025-12-17 00:00:00+00
c82157dc-ba99-4939-8817-5aeeb4631a6e,KMG SBI RACPC-KAMALGAZI BTS-01,35498659-15e9-4ba9-9d36-351ba67661bf,abfa36d3-d0ed-486e-8f97-62651f7a9b9e,84e8ba18-eedc-4eae-aaa4-e6a82400849d,24,ad3477d5-de78-4b9f-9302-a4b5db326e9f,0.530,244504,0.530,,4bc2a086-b131-47e1-9c20-f10650c0196d,,,true,2025-08-19 00:00:00+00,2025-10-29 00:00:00+00
ca85c7cd-b5b4-41a5-8319-6545ac9c7206,KRISHNA APARTMENT BTS-BJC KRISHNA APARTMENT-01,41e45185-102e-408f-86b0-285c8b2a411f,d7eaa4cd-c7fd-4e64-ad84-6e5df4732326,e137552b-9ae2-442b-bcc2-c435d7d64ba1,12,ad3477d5-de78-4b9f-9302-a4b5db326e9f,0.100,223151,0.100,,4bc2a086-b131-47e1-9c20-f10650c0196d,2006-01-01,,true,2025-08-19 00:00:00+00,2025-12-17 00:00:00+00
cab88fc2-efee-4243-a1b7-1bc46a366f2c,JC NEAR KALIKAPUR 1 - PRATAPNAGAR GP TAPPING JC (TEEMATHA MORE),0453d83b-1c16-42b3-b487-f23ca1294795,6029436f-818b-4102-8382-a341ce2e6139,84e8ba18-eedc-4eae-aaa4-e6a82400849d,24,e40c2549-11ec-485d-a67a-8261fcaec68a,0.942,,,,4bc2a086-b131-47e1-9c20-f10650c0196d,,,true,,2025-10-29 00:00:00+00
cc095342-eadc-4d17-8bfe-fb4b345227f7,BRAHMAPUR – RANIKUTI-01,6c3d8bf8-006a-4230-8efe-c5343b7ac9c1,ee2ea175-88c4-4021-bca9-f7814388d574,84e8ba18-eedc-4eae-aaa4-e6a82400849d,24,ad3477d5-de78-4b9f-9302-a4b5db326e9f,4.140,173353,4.300,,4bc2a086-b131-47e1-9c20-f10650c0196d,,,true,2025-08-19 00:00:00+00,2025-10-29 00:00:00+00
cd17337a-74a0-4e32-bfd0-6d7ceec942f7,FUTURE INSTITUTE OF ENGG AND MANAGEMENT – BJC FIEM-01,8ad723eb-6da3-4475-8ffb-3afde808fe07,985d6abe-3cba-4ad9-a4a3-d99ddd600fad,e137552b-9ae2-442b-bcc2-c435d7d64ba1,12,ad3477d5-de78-4b9f-9302-a4b5db326e9f,0.430,174071,0.430,,4bc2a086-b131-47e1-9c20-f10650c0196d,2003-06-23,,true,2025-08-19 00:00:00+00,2025-10-29 00:00:00+00
cdee6020-8423-47a7-959c-419794c7844e,GOBINDAPUR – HARIHARPUR GP,badf80cb-ccc2-47f9-8dc4-82e32733b251,6d2a25b4-5429-4a9a-8884-6087ad83c2c1,84e8ba18-eedc-4eae-aaa4-e6a82400849d,24,e40c2549-11ec-485d-a67a-8261fcaec68a,1.622,,,,4bc2a086-b131-47e1-9c20-f10650c0196d,,,true,,2025-10-29 00:00:00+00
cf66f513-8fe5-482c-b206-953ebbd183c1,SITAKUNDU – MADARHAT,69b3cd60-ce89-43b4-ac1f-4671fc02d081,10bf798c-c44f-43ed-8513-41c633434f90,84e8ba18-eedc-4eae-aaa4-e6a82400849d,24,e40c2549-11ec-485d-a67a-8261fcaec68a,2.480,,,,4bc2a086-b131-47e1-9c20-f10650c0196d,,F4 SITAKUNDU - MADARHAT,true,,2025-10-29 00:00:00+00
d1f5eadc-01b9-4ad7-9f4c-118e46a458b6,GARIA - KAMALGAZI BTS-01,09fa1396-5351-4c2b-a049-61e771f054c1,abfa36d3-d0ed-486e-8f97-62651f7a9b9e,84e8ba18-eedc-4eae-aaa4-e6a82400849d,24,ad3477d5-de78-4b9f-9302-a4b5db326e9f,3.190,156011,3.010,,4bc2a086-b131-47e1-9c20-f10650c0196d,2003-06-23,,true,2025-08-19 00:00:00+00,2025-10-29 00:00:00+00
d24345e7-57a0-48a7-9cf2-7390406e6cc5,SONARPUR BAZAR BTS⇔BJC SNP BBNL JC_1,4b2f4eb6-a531-4e55-ba6d-fffb7cc1257b,f64ea1f3-ef98-447b-beda-57d97c4b3806,84e8ba18-eedc-4eae-aaa4-e6a82400849d,24,ad3477d5-de78-4b9f-9302-a4b5db326e9f,0.150,254343,0.150,990500919551,4bc2a086-b131-47e1-9c20-f10650c0196d,,"1. DPR Cable
2. Route created on Transnet.
3. Photo/Video Upload Done on Transnet",true,2025-12-29 11:08:59.604054+00,2026-01-01 08:19:53.351247+00
d281b675-5a26-47fd-9171-ec2a70dfa534,JC at Natunpally Rail Crossing⇔JC Subhasgram Hospital Road_1,e44f1f78-c202-4c3b-813e-d39a68291b87,59053996-d3d2-4486-adde-ff8d5d40595e,488275fc-fe52-45bd-95df-3fbed2125c33,24,ad3477d5-de78-4b9f-9302-a4b5db326e9f,1.950,258046,1.950,990500924975,4bc2a086-b131-47e1-9c20-f10650c0196d,,"1. DPR Cable
2. Route created on Transnet.
3. Photo/Video Upload Done on Transnet",true,2025-12-29 10:39:50.202213+00,2026-01-01 08:24:26.24886+00
d632f487-6455-46ec-9fb4-a15718067d22,JC 2 NEAR AP NAGAR - SONARPUR 2,dd13e53c-713a-4219-9ff1-463bd616523f,6929c2a2-fe0f-4b6a-be28-3b2aa80bcc4a,84e8ba18-eedc-4eae-aaa4-e6a82400849d,24,e40c2549-11ec-485d-a67a-8261fcaec68a,2.800,,,,4bc2a086-b131-47e1-9c20-f10650c0196d,,,true,,2025-10-29 00:00:00+00
d6ff2697-3840-49ca-bff6-22fd23c8047d,OPP. WELKIN SCHOOL JC - FULTALA MORE JC,86fcde3c-2f67-481d-af32-11d7833f4114,4a7811fb-7b7b-4b46-8d8b-38205c6fe58f,84e8ba18-eedc-4eae-aaa4-e6a82400849d,24,e40c2549-11ec-485d-a67a-8261fcaec68a,1.346,,,,4bc2a086-b131-47e1-9c20-f10650c0196d,,"BARUIPUR-HARINAVI VIA SBGM 24F(F-3,4)+ OPP. WELKIN SCHOOL JC(F-3,4) - FULTALA MORE JC(3,4)",true,,2025-10-29 00:00:00+00
dd76a966-59b4-4e9b-a32d-fdf89ebd6f7e,FARTABAD BTS⇔JC towards Fartabad Road_1,a591e8fb-a657-4146-866e-5553edf6681a,3a96f0cf-ab21-43ca-9e23-1d026a8965ca,84e8ba18-eedc-4eae-aaa4-e6a82400849d,24,ad3477d5-de78-4b9f-9302-a4b5db326e9f,1.200,257510,1.200,990500919559,4bc2a086-b131-47e1-9c20-f10650c0196d,,"1. DPR Cable
2. Route created on Transnet.
3. Photo/Video Upload Done on Transnet",true,2025-12-29 11:22:52.43568+00,2026-01-01 08:22:51.687073+00
defa7971-0a42-4d14-843d-3b220c2db01c,BJC DAS HONDA - BANDHAN SCHOOL,7c4afc1c-7c86-41ac-a829-73accff18181,3084be01-b393-4c73-845d-586f18c4729f,aea6a03e-cf73-45a4-99e1-317f8f4cfc84,4,ad3477d5-de78-4b9f-9302-a4b5db326e9f,0.660,235481,0.660,990500621132,4bc2a086-b131-47e1-9c20-f10650c0196d,2018-02-04,,false,2025-08-19 00:00:00+00,2025-10-29 00:00:00+00
e104e342-b214-4f32-8be4-07ca1a39e3a5,BARUIPUR – PADMAPUKUR-01,b5bfbef5-356c-499b-ad2b-351b7ed6a845,b23799ac-04a7-4a2c-a6ce-2676971cbc2f,e137552b-9ae2-442b-bcc2-c435d7d64ba1,12,ad3477d5-de78-4b9f-9302-a4b5db326e9f,2.010,170305,,,4bc2a086-b131-47e1-9c20-f10650c0196d,,,true,2025-08-19 00:00:00+00,2025-10-29 00:00:00+00
e167e2b2-4376-4450-830a-44a2846a337c,KUMARHAT EXCHANGE - SURJAPUR HAT JC,3c920b3f-4394-4641-9a07-f2e5f5518526,431843f3-5af8-4169-a66a-0591a430bc46,84e8ba18-eedc-4eae-aaa4-e6a82400849d,24,e40c2549-11ec-485d-a67a-8261fcaec68a,2.650,,,,4bc2a086-b131-47e1-9c20-f10650c0196d,,F1-4 FOR DHAPDHAPI II GP & 5-24 FOR NABAGRAM GP,true,,2025-10-29 00:00:00+00
e3ab6df7-f832-4976-b86e-f112b18eb5e7,AP NAGAR - SNP GHASIARA BTS-01,54bc2231-880b-4ba6-ba6e-4d3cb594052b,f7a8effa-cc27-4cc9-9afd-d587f225f8e2,84e8ba18-eedc-4eae-aaa4-e6a82400849d,24,ad3477d5-de78-4b9f-9302-a4b5db326e9f,1.750,154986,1.740,,4bc2a086-b131-47e1-9c20-f10650c0196d,2010-12-29,,true,2025-08-19 00:00:00+00,2025-12-17 00:00:00+00
e64abda7-e144-4b69-b3b0-a7ebde7666d0,SBI BARUIPUR BAZAR – BJC BARUIPUR BAZAR OH JC-01,15db953c-c9fa-4044-b1bc-1c0a0d59645b,2df1be06-ecd8-4045-9779-23bd070ec546,84e8ba18-eedc-4eae-aaa4-e6a82400849d,24,ad3477d5-de78-4b9f-9302-a4b5db326e9f,0.250,244605,0.250,,4bc2a086-b131-47e1-9c20-f10650c0196d,,,true,2025-08-19 00:00:00+00,2025-10-29 00:00:00+00
e6529f4f-d573-4d39-87d6-2b1f09b2e269,BARUIPUR - SUBHASGRAM,b5bfbef5-356c-499b-ad2b-351b7ed6a845,bc11bc30-dc0e-4dd6-86bc-d8f4ea149d1b,84e8ba18-eedc-4eae-aaa4-e6a82400849d,24,ad3477d5-de78-4b9f-9302-a4b5db326e9f,,,,,4bc2a086-b131-47e1-9c20-f10650c0196d,,,true,2025-08-19 00:00:00+00,2025-10-29 00:00:00+00
e90acc65-9969-4715-b35c-d105727da263,BARUIPUR – SITAKUNDU-01,b5bfbef5-356c-499b-ad2b-351b7ed6a845,69b3cd60-ce89-43b4-ac1f-4671fc02d081,84e8ba18-eedc-4eae-aaa4-e6a82400849d,24,ad3477d5-de78-4b9f-9302-a4b5db326e9f,6.070,154980,5.730,,4bc2a086-b131-47e1-9c20-f10650c0196d,2003-06-23,,true,2025-08-19 00:00:00+00,2025-10-29 00:00:00+00
ec072930-8ddd-4031-9873-9844fc3f52bb,HNV PCM 1ST FLOOR - BONHOOGLY 1,45f1a024-b36f-465a-8896-125399380cb6,675d06b6-0db1-40de-bf89-6d008a05d88f,84e8ba18-eedc-4eae-aaa4-e6a82400849d,24,e40c2549-11ec-485d-a67a-8261fcaec68a,6.774,,,,4bc2a086-b131-47e1-9c20-f10650c0196d,,,true,,2025-10-29 00:00:00+00
ec2232bb-8234-42e9-809e-9c0b9cb83aa5,KHURIGACHI BTS – BJC NOFN NEAR GANGAJOARA BTS-01,60cfbcc5-26b9-4d7c-a8e9-02cc56010f19,e95dbdd9-6a44-496d-85ff-6535f8a25e0c,84e8ba18-eedc-4eae-aaa4-e6a82400849d,24,ad3477d5-de78-4b9f-9302-a4b5db326e9f,1.200,242068,1.200,,4bc2a086-b131-47e1-9c20-f10650c0196d,,,true,2025-08-19 00:00:00+00,2025-12-17 00:00:00+00
ecb1dbdd-592e-4b7e-8be2-cdaf19bc806f,ONGC SONARPUR – BJC JC INFRONT OF ONGC-01,54bc2231-880b-4ba6-ba6e-4d3cb594052b,8c4e7a4f-4a6b-4454-94ea-1b99a78f51fe,84e8ba18-eedc-4eae-aaa4-e6a82400849d,24,ad3477d5-de78-4b9f-9302-a4b5db326e9f,0.180,244592,0.180,,4bc2a086-b131-47e1-9c20-f10650c0196d,,,true,2025-08-19 00:00:00+00,2025-12-18 00:00:00+00
ed6cc5e3-2d71-4619-b6a9-64aeffefc669,KAMALGAZI BTS - MAHAMAYATALA II BTS-01,abfa36d3-d0ed-486e-8f97-62651f7a9b9e,6cb1a150-a017-4e2f-9018-f0482be79bdb,aea6a03e-cf73-45a4-99e1-317f8f4cfc84,4,ad3477d5-de78-4b9f-9302-a4b5db326e9f,0.690,198630,0.690,990500621122,4bc2a086-b131-47e1-9c20-f10650c0196d,2018-02-04,,true,2025-08-19 00:00:00+00,2025-10-29 00:00:00+00
ef00a82a-ad47-49df-b4c0-1cd58ef9a479,BRP RLY XING BTS-BARUIPUR-01,bcf6e48f-7152-4df4-b8e6-8501ed526101,b5bfbef5-356c-499b-ad2b-351b7ed6a845,e137552b-9ae2-442b-bcc2-c435d7d64ba1,12,ad3477d5-de78-4b9f-9302-a4b5db326e9f,1.900,172698,1.310,,4bc2a086-b131-47e1-9c20-f10650c0196d,2007-08-23,,true,2025-08-19 00:00:00+00,2025-10-29 00:00:00+00
f1e02821-b55e-49bc-91ec-9a3d07d8ba3b,SUGAM PARK - KAMALGAZI BTS,e1cf5cd0-7692-45ee-83d2-cfdc6d8843ef,abfa36d3-d0ed-486e-8f97-62651f7a9b9e,e137552b-9ae2-442b-bcc2-c435d7d64ba1,12,ad3477d5-de78-4b9f-9302-a4b5db326e9f,2.090,157048,2.010,,4bc2a086-b131-47e1-9c20-f10650c0196d,,,true,2025-08-19 00:00:00+00,2025-10-29 00:00:00+00
f5a3f77a-5e9b-415b-aef3-888689f978e8,DAKSHIN BONHOOGLY BTS⇔PRANA BORAL BTS_1,0237bbb2-4f2f-409d-b7d6-1fda8fdc8578,9316bc95-e5b0-4e58-b16f-424662b14ac8,84e8ba18-eedc-4eae-aaa4-e6a82400849d,24,ad3477d5-de78-4b9f-9302-a4b5db326e9f,0.650,,0.650,990500919560,4bc2a086-b131-47e1-9c20-f10650c0196d,,DPR,true,2025-12-29 11:39:32.382316+00,2025-12-29 11:39:32.382316+00
f8768d18-be07-479f-9793-9be3f4c0771b,RAJPUR SARKAR PARA BTS - BJC JC NEAR SARKARPARA BTS,b4237dad-b581-4bf2-ac29-ae502a2bf43d,8a30a636-b3d8-42ef-a0f5-0a005a0d7891,84e8ba18-eedc-4eae-aaa4-e6a82400849d,24,ad3477d5-de78-4b9f-9302-a4b5db326e9f,0.208,254326,0.208,990500919548,4bc2a086-b131-47e1-9c20-f10650c0196d,,"1. DPR Cable
2. Route created on Transnet.
3. Photo/Video Upload Done on Transnet",true,2025-08-19 00:00:00+00,2026-01-01 08:15:56.72474+00
f877b31a-4e55-4d42-a5a1-d673af9f9fd3,BARUIPUR III BTS – BJC PURATAN BAZAR-01,876847d1-9e49-4c81-9716-c3b188826ce1,6ef43b78-0e7b-41c0-90d8-b26b4823b2ec,84e8ba18-eedc-4eae-aaa4-e6a82400849d,24,ad3477d5-de78-4b9f-9302-a4b5db326e9f,0.500,233297,0.500,,4bc2a086-b131-47e1-9c20-f10650c0196d,2022-09-28,,true,2025-08-19 00:00:00+00,2025-10-29 00:00:00+00
f9d69d96-c359-4120-9e82-edad901da970,BONHOOGLY BTS – BJC NATUNHAT BORAL-01,7ba58860-566a-41cc-8493-dc37bbc303a5,6e380b52-dadd-4911-8462-d9bc4ca17cf9,e137552b-9ae2-442b-bcc2-c435d7d64ba1,12,ad3477d5-de78-4b9f-9302-a4b5db326e9f,2.130,180561,,,4bc2a086-b131-47e1-9c20-f10650c0196d,,,true,2025-08-19 00:00:00+00,2025-10-29 00:00:00+00
fa4630a5-8f15-4f3e-b11b-0207e3928dda,KALYANPUR – BJC DOPAGACHI-01,aafe2bfb-6e18-4053-97b5-bf7fb9992fcb,7a24fbd1-90e4-42c7-a6d5-557256417192,84e8ba18-eedc-4eae-aaa4-e6a82400849d,24,ad3477d5-de78-4b9f-9302-a4b5db326e9f,5.220,170685,5.220,,4bc2a086-b131-47e1-9c20-f10650c0196d,2003-07-18,,true,2025-08-19 00:00:00+00,2025-11-01 00:00:00+00
fcc04399-ba3c-4b94-85fe-4c181f867b88,BJC BLUESKY PARTY OFFICE JC⇔BJC BIDYANIDHI SCHOOL AERIAL_1,f11f5a30-c42c-43d6-90c3-44eb67b5296f,67f31c57-1346-42a5-99ef-735369be2f87,84e8ba18-eedc-4eae-aaa4-e6a82400849d,24,ad3477d5-de78-4b9f-9302-a4b5db326e9f,0.234,254342,0.234,990500919562,4bc2a086-b131-47e1-9c20-f10650c0196d,,"1. DPR Cable
2. Route created on Transnet.
3. Photo/Video Upload Done on Transnet",true,2025-12-29 11:35:26.854953+00,2026-01-01 08:19:18.200506+00
fea292b0-232a-450c-8fe7-9ed88c3ae662,DAKSHIN KALYANPUR BTS – BJC KALYANPUR BBNL JC IF CYCLE STAND-01,45b41c2d-54cf-42a9-b134-239d96bb7c5a,edf68477-f312-4431-a27f-1defd6cf3097,84e8ba18-eedc-4eae-aaa4-e6a82400849d,24,ad3477d5-de78-4b9f-9302-a4b5db326e9f,0.900,236848,0.900,,4bc2a086-b131-47e1-9c20-f10650c0196d,,,true,2025-08-19 00:00:00+00,2025-10-29 00:00:00+00
feb1b4a5-1ce2-4c8e-a34c-76c6164288be,ADSR BARUIPUR - AERIAL JC NEAR BARUIPUR TRAFFIC CONTROL OFF-01,9fa7e823-3c49-4cb5-8519-f80ce7f416e4,fd990552-d8ae-4283-a06d-f713bab3854a,84e8ba18-eedc-4eae-aaa4-e6a82400849d,24,ad3477d5-de78-4b9f-9302-a4b5db326e9f,0.370,244443,0.370,,4bc2a086-b131-47e1-9c20-f10650c0196d,,,true,2025-08-19 00:00:00+00,2025-10-29 00:00:00+00
ff4c1e69-b17c-479f-b71a-3e00b4bcd284,FARTABAD – HHC-01,10b4b8cd-7f82-4162-a0d5-a37bff9d9049,781a30c9-f5db-4af4-ac1d-f279ad2eff80,84e8ba18-eedc-4eae-aaa4-e6a82400849d,24,ad3477d5-de78-4b9f-9302-a4b5db326e9f,1.500,170322,1.240,,4bc2a086-b131-47e1-9c20-f10650c0196d,2003-06-23,,true,2025-08-19 00:00:00+00,2025-10-29 00:00:00+00
fffee320-2c8c-4ca4-b6bc-8b0176caf847,BJC JC INFRONT OF RAJPUR VIDYANIDHI – NANDANAGAR BTS-01,52d5ebd1-662d-49d3-80af-a6e6bc37083e,f35ad33a-eff2-466d-b759-62c1d36d4905,84e8ba18-eedc-4eae-aaa4-e6a82400849d,24,ad3477d5-de78-4b9f-9302-a4b5db326e9f,0.700,246254,0.700,,4bc2a086-b131-47e1-9c20-f10650c0196d,,,true,2025-08-19 00:00:00+00,2025-12-17 00:00:00+00