id,system_type_id,maan_node_id,node_id,system_name,system_capacity_id,is_hub,ip_address,maintenance_terminal_id,commissioned_on,s_no,make,remark,status,created_at,updated_at
01009cb5-b28b-4237-8e29-bbda28bf3cc9,7874595b-5650-477e-8d88-e4cedbe025e2,,a9ca2596-ae80-4c6b-92f1-b197e98dcaea,BAISHNABGHATA B1,3beb3ea2-55a4-48da-a7fa-f7c9ccf7de79,true,10.123.138.22,0334365e-3c7e-4e0f-8547-33a673be10f6,,,,,true,2025-12-10 05:56:17.912147+00,2025-12-10 05:56:17.912147+00
02313804-ae99-4ae1-8bbb-56f1cba5938c,fc077b05-1bfc-414c-9549-13b0f6d3e230,,ee2ea175-88c4-4021-bca9-f7814388d574,RANIKUTI ADM16/R-137,7244eee4-00f5-4dd7-b4a0-3cbc37abe2eb,true,10.119.23.133,0334365e-3c7e-4e0f-8547-33a673be10f6,,,TEJAS,,true,2025-12-07 14:46:54.68864+00,2025-12-07 14:47:43.158049+00
0300401d-2969-4703-9bc8-0a1b41f7add3,7874595b-5650-477e-8d88-e4cedbe025e2,,dea33be8-45f3-4823-9366-654f63ba67f2,JOGIBARTALA A1,42f21547-e070-4a94-a13d-d4f158e51fc1,false,10.123.138.208,4bc2a086-b131-47e1-9c20-f10650c0196d,,,,,true,2025-12-07 14:46:54.862914+00,2025-12-07 14:46:54.862914+00
051aa47b-4675-42cc-b7a0-64a76063334c,944f170d-da50-41e6-9040-dea5f7bf9dfa,,6ae392f8-cabe-4121-89a6-5a3ce5905a29,BORAL II,3830d349-f4ce-4391-9796-111cbf942a6f,false,,4bc2a086-b131-47e1-9c20-f10650c0196d,,,,,true,2025-12-07 14:46:54.977197+00,2025-12-07 14:46:54.977197+00
05687289-23bc-4264-b911-566fd95c2c4d,944f170d-da50-41e6-9040-dea5f7bf9dfa,,876847d1-9e49-4c81-9716-c3b188826ce1,BARUIPUR-3,3830d349-f4ce-4391-9796-111cbf942a6f,true,,4bc2a086-b131-47e1-9c20-f10650c0196d,,,,,true,2025-12-07 14:46:55.092139+00,2025-12-07 14:47:43.906721+00
06fe3ceb-16e8-4dc7-8703-60446ed361f1,a33ec7ee-b51c-4921-b0ec-bcf0caab3834,KO-KTD-C01-KG-9007,67d8974e-d6c7-4486-8cd7-d32876685437,KALIGHAT C01/1,8be22dce-38be-47d4-a1cb-59749b7c9b07,true,10.127.0.7,93e3e63b-4426-4839-8d45-945a2f36dbfe,,,,,true,2025-12-07 14:46:55.212133+00,2025-12-07 14:47:46.52924+00
08df952e-7677-4863-92ed-7f1f84bb0966,944f170d-da50-41e6-9040-dea5f7bf9dfa,,528017c7-b844-4b84-81e4-c9fa425ca540,RAMCHANDRAPUR,3830d349-f4ce-4391-9796-111cbf942a6f,true,,4bc2a086-b131-47e1-9c20-f10650c0196d,,,,,true,2025-12-07 14:46:55.330745+00,2025-12-07 14:47:44.26948+00
09b56b00-e0ba-4291-a4b8-ab8dc12dc71d,7874595b-5650-477e-8d88-e4cedbe025e2,,69b3cd60-ce89-43b4-ac1f-4671fc02d081,SITAKUNDU B1,3beb3ea2-55a4-48da-a7fa-f7c9ccf7de79,false,10.123.138.197,4bc2a086-b131-47e1-9c20-f10650c0196d,,,,,true,2025-12-07 14:46:55.445807+00,2025-12-07 14:46:55.445807+00
09e5014e-8687-43a7-8feb-841dc4f73227,7874595b-5650-477e-8d88-e4cedbe025e2,,45f1a024-b36f-465a-8896-125399380cb6,HARINAVI NODE 4 A1,42f21547-e070-4a94-a13d-d4f158e51fc1,false,10.123.138.233,4bc2a086-b131-47e1-9c20-f10650c0196d,,,,,true,2025-12-07 14:46:55.562157+00,2025-12-07 14:46:55.562157+00
0b8f17fe-a02b-4d69-b184-d9a40efa4981,7874595b-5650-477e-8d88-e4cedbe025e2,,528017c7-b844-4b84-81e4-c9fa425ca540,RAMCHANDRAPUR A1,42f21547-e070-4a94-a13d-d4f158e51fc1,false,10.123.29.234,4bc2a086-b131-47e1-9c20-f10650c0196d,,,,,true,2025-12-07 14:46:55.673788+00,2025-12-07 14:46:55.673788+00
0ee856f4-f52e-49fa-ad2c-fe0d9d201bec,944f170d-da50-41e6-9040-dea5f7bf9dfa,,3019cb42-9dca-4eaf-a349-2e4c0fae92e2,Sasan_Baruipur,3830d349-f4ce-4391-9796-111cbf942a6f,true,,4bc2a086-b131-47e1-9c20-f10650c0196d,,,,,true,2025-12-07 14:46:55.790843+00,2025-12-07 14:47:43.906721+00
103ed0b5-55e5-44b0-9f7f-63c72a582088,944f170d-da50-41e6-9040-dea5f7bf9dfa,,26784392-9af2-47eb-9171-bb0b5d96ee27,Baruipur Phultala,3830d349-f4ce-4391-9796-111cbf942a6f,true,,4bc2a086-b131-47e1-9c20-f10650c0196d,,,,,true,2025-12-07 14:46:55.912225+00,2025-12-07 14:47:44.030013+00
1111fde4-551c-40a1-8f08-e0816df8ee30,944f170d-da50-41e6-9040-dea5f7bf9dfa,,4b2a82d4-4500-4c7b-90b0-dda0e9900a10,Kamalgachi E.M bypass road,3830d349-f4ce-4391-9796-111cbf942a6f,false,,4bc2a086-b131-47e1-9c20-f10650c0196d,,,,,true,2025-12-07 14:46:56.031587+00,2025-12-07 14:46:56.031587+00
1160d8b7-c01d-4eaa-b130-75ac245bbd4e,7874595b-5650-477e-8d88-e4cedbe025e2,,25fefca1-ae6f-4e01-8051-087a94373b9d,BARUIPUR RAIL CROSSING A1,42f21547-e070-4a94-a13d-d4f158e51fc1,false,10.123.138.216,4bc2a086-b131-47e1-9c20-f10650c0196d,,,,,true,2025-12-07 14:46:56.144029+00,2025-12-07 14:46:56.144029+00
11ff6872-bdac-432f-becf-541a42fdd16a,a33ec7ee-b51c-4921-b0ec-bcf0caab3834,KO-KTD-A42-SO-4009,4dd05c04-dddb-44df-ab90-0b95b3ee5f11,SONARPUR A4(CAT2) /1,b63e879c-6b09-402f-8958-a45a023e4339,true,10.127.0.76,4bc2a086-b131-47e1-9c20-f10650c0196d,,Part #-140-SKU000111-P S/N-AA-1024-29-5870,,,true,2025-12-07 14:46:56.256924+00,2025-12-09 15:54:40.706713+00
13f8ceaa-8ca8-409f-8805-5eb3f017d92a,944f170d-da50-41e6-9040-dea5f7bf9dfa,,16db720d-f8b8-43c9-9f07-60a1fed515db,GANGAJORA,3830d349-f4ce-4391-9796-111cbf942a6f,true,,4bc2a086-b131-47e1-9c20-f10650c0196d,,,,,true,2025-12-07 14:46:56.373675+00,2025-12-07 14:47:45.714055+00
14dfd4df-eabb-41e7-b0e4-dfd5c3d94f03,944f170d-da50-41e6-9040-dea5f7bf9dfa,,e84ef8c2-4788-497a-90cb-7201d08ee88e,NARENDRAPUR - II,3830d349-f4ce-4391-9796-111cbf942a6f,true,,4bc2a086-b131-47e1-9c20-f10650c0196d,,,,,true,2025-12-07 14:46:56.490685+00,2025-12-07 14:47:45.114997+00
18585a03-c240-46dc-a638-2c8785981748,944f170d-da50-41e6-9040-dea5f7bf9dfa,,cd24aa15-61ce-4b50-8854-8c047c49dc69,Uddyan Palli(Rakshit More),3830d349-f4ce-4391-9796-111cbf942a6f,false,,4bc2a086-b131-47e1-9c20-f10650c0196d,,,,,true,2025-12-07 14:46:56.604925+00,2025-12-07 14:47:45.94771+00
189db519-2d7c-4dec-934e-50e3116ef8d4,944f170d-da50-41e6-9040-dea5f7bf9dfa,,6200287c-2244-4b89-ba91-932301dbcfd7,UTTAR KALYANPUR,3830d349-f4ce-4391-9796-111cbf942a6f,true,,4bc2a086-b131-47e1-9c20-f10650c0196d,,,,,true,2025-12-07 14:46:56.718001+00,2025-12-07 14:47:43.646414+00
18bb8990-26d2-4b66-a7f4-82f260052276,944f170d-da50-41e6-9040-dea5f7bf9dfa,,7a797a60-568c-455a-954d-4099c32a438d,SARMASTAPUR,3830d349-f4ce-4391-9796-111cbf942a6f,true,,4bc2a086-b131-47e1-9c20-f10650c0196d,,,,,true,2025-12-07 14:46:56.839792+00,2025-12-07 14:47:44.151028+00
19393d8b-f845-4671-befe-3ec81420fb77,944f170d-da50-41e6-9040-dea5f7bf9dfa,,e0834789-c315-4da7-8e13-13787f88be84,Narendrapur,3830d349-f4ce-4391-9796-111cbf942a6f,false,,4bc2a086-b131-47e1-9c20-f10650c0196d,,,,,true,2025-12-07 14:46:56.954583+00,2025-12-07 14:47:44.51123+00
19aee756-2b38-45d4-a664-e269cecb0c45,a33ec7ee-b51c-4921-b0ec-bcf0caab3834,KO-KTD-C01-TB-9003,5123be70-eb5b-48a8-8ffa-4f3baa56cc19,TELEPHONE BHAWAN C01/1,8be22dce-38be-47d4-a1cb-59749b7c9b07,true,10.127.0.2,69eca23a-9684-4043-b75b-507d317f74f6,,,,,true,2025-12-07 14:46:57.068824+00,2025-12-07 14:47:46.52924+00
1b05cc83-2fb9-4da8-8d4b-1dd775574f12,7874595b-5650-477e-8d88-e4cedbe025e2,,0f0b317e-1ab7-4e5c-8997-7024be4f5d70,SUNNY SEASON A1,42f21547-e070-4a94-a13d-d4f158e51fc1,false,10.123.29.224,4bc2a086-b131-47e1-9c20-f10650c0196d,,,,,true,2025-12-07 14:46:57.182774+00,2025-12-07 14:46:57.182774+00
1b8ce612-afcd-45b0-8763-38238a5cdf88,944f170d-da50-41e6-9040-dea5f7bf9dfa,,ebd96b33-8ed2-479d-a8eb-dcdaf9fd31da,Sitakundu,3830d349-f4ce-4391-9796-111cbf942a6f,true,,4bc2a086-b131-47e1-9c20-f10650c0196d,,,,,true,2025-12-07 14:46:57.302151+00,2025-12-07 14:47:44.030013+00
1cf93be5-947f-4d3e-8ba9-4e954cf255ad,944f170d-da50-41e6-9040-dea5f7bf9dfa,,4655a834-c64f-48c8-90a0-6e4f9654acf1,BORAL,3830d349-f4ce-4391-9796-111cbf942a6f,false,,4bc2a086-b131-47e1-9c20-f10650c0196d,,,,,true,2025-12-07 14:46:57.423796+00,2025-12-07 14:46:57.423796+00
1d220c1a-36f3-40f4-b8b6-05eed82d5694,7874595b-5650-477e-8d88-e4cedbe025e2,,16db720d-f8b8-43c9-9f07-60a1fed515db,GANGAJOARA BTS A1,42f21547-e070-4a94-a13d-d4f158e51fc1,false,10.123.138.248,4bc2a086-b131-47e1-9c20-f10650c0196d,,,,,true,2025-12-07 14:46:57.561919+00,2025-12-07 14:46:57.561919+00
21a97b3d-6959-46a5-942e-12a791770da0,7874595b-5650-477e-8d88-e4cedbe025e2,,286ec15e-6eee-488e-9fd8-16b7fb859853,BARUIPUR STATION BAZAR NODE 1,42f21547-e070-4a94-a13d-d4f158e51fc1,false,10.123.138.242,4bc2a086-b131-47e1-9c20-f10650c0196d,,,,,true,2025-12-07 14:46:57.685472+00,2025-12-07 14:46:57.685472+00
21be0b69-721e-4bd9-b5fb-97cc271bfb16,fc077b05-1bfc-414c-9549-13b0f6d3e230,,badf80cb-ccc2-47f9-8dc4-82e32733b251,GOBINDAPUR ADM16/R-135,7244eee4-00f5-4dd7-b4a0-3cbc37abe2eb,true,10.119.23.123,4bc2a086-b131-47e1-9c20-f10650c0196d,,,,,true,2025-12-07 14:46:57.820244+00,2025-12-07 14:47:42.90674+00
2a48bd62-fc52-433a-a8b1-3f8c6f5993a8,944f170d-da50-41e6-9040-dea5f7bf9dfa,,b1f6f204-2a68-4fba-af6e-a86fca1cd627,SUBHAS GRAM BANK PLOT,3830d349-f4ce-4391-9796-111cbf942a6f,true,,4bc2a086-b131-47e1-9c20-f10650c0196d,,,,,true,2025-12-07 14:46:57.939841+00,2025-12-07 14:47:44.747411+00
2b3b8f7b-a84a-4ef3-b1c6-d6d8aa189785,fc077b05-1bfc-414c-9549-13b0f6d3e230,,54bc2231-880b-4ba6-ba6e-4d3cb594052b,AP NAGAR ADM16/R-128,,true,10.119.23.68,,,,TEJAS,,true,2025-12-07 14:46:58.071587+00,2025-12-07 14:47:42.667076+00
2fc0f4f2-6533-4bfa-96c9-4a7e14ac970a,944f170d-da50-41e6-9040-dea5f7bf9dfa,,8eda2d42-aebc-4172-a8cb-83546f6ea61c,Ramchandrapur II,3830d349-f4ce-4391-9796-111cbf942a6f,false,,4bc2a086-b131-47e1-9c20-f10650c0196d,,,,,true,2025-12-07 14:46:58.195845+00,2025-12-07 14:47:45.94771+00
309b4281-2b6a-411f-b517-2cf5a1aee051,944f170d-da50-41e6-9040-dea5f7bf9dfa,,e314f7c3-2847-4c0e-9e8c-b61288e4b27d,CHOWHATI POLEHAT,3830d349-f4ce-4391-9796-111cbf942a6f,true,,4bc2a086-b131-47e1-9c20-f10650c0196d,,,,,true,2025-12-07 14:46:58.31026+00,2025-12-07 14:47:44.151028+00
324a9c1a-0291-4f9a-8fc9-580385e5fdec,944f170d-da50-41e6-9040-dea5f7bf9dfa,,ec69226c-0b1f-46fb-9594-714935f4ad45,SUBHASGRAM II,3830d349-f4ce-4391-9796-111cbf942a6f,false,10.192.30.79,4bc2a086-b131-47e1-9c20-f10650c0196d,,,,,true,2025-12-07 14:46:58.461704+00,2025-12-07 14:47:44.747411+00
32e152d8-5df7-4962-ae7b-b61214b8bb98,944f170d-da50-41e6-9040-dea5f7bf9dfa,,eb8587c0-d977-46d7-88d9-149ebb865000,SUBHASHGRAM RAILGATE,3830d349-f4ce-4391-9796-111cbf942a6f,false,,4bc2a086-b131-47e1-9c20-f10650c0196d,,,,,true,2025-12-07 14:46:58.592282+00,2025-12-07 14:46:58.592282+00
346a8f71-24f0-455e-986e-6622522d8370,944f170d-da50-41e6-9040-dea5f7bf9dfa,,44d18876-f86b-4ecb-bdc7-a3905dab4690,JAGATDAL-2,3830d349-f4ce-4391-9796-111cbf942a6f,true,,4bc2a086-b131-47e1-9c20-f10650c0196d,,,,,true,2025-12-07 14:46:58.726313+00,2025-12-07 14:47:44.26948+00
34ef3363-5ecb-4f17-9a9d-b4f6e1516a09,944f170d-da50-41e6-9040-dea5f7bf9dfa,,1db6aeda-5c31-4e1c-9cfe-45376970805f,BARUIPUR MADARHAT ROAD,3830d349-f4ce-4391-9796-111cbf942a6f,false,,4bc2a086-b131-47e1-9c20-f10650c0196d,,,,,true,2025-12-07 14:46:58.842656+00,2025-12-07 14:47:46.064633+00
3547d309-bb4e-4686-a04e-5d5844c7b879,7874595b-5650-477e-8d88-e4cedbe025e2,,7a797a60-568c-455a-954d-4099c32a438d,SARMASTAPUR A1,42f21547-e070-4a94-a13d-d4f158e51fc1,false,10.123.138.210,4bc2a086-b131-47e1-9c20-f10650c0196d,,,,,true,2025-12-07 14:46:58.976655+00,2025-12-07 14:46:58.976655+00
3787ddde-544f-4658-97b4-01dcc10217d8,7874595b-5650-477e-8d88-e4cedbe025e2,,51b21244-07e3-4464-ad7b-4ce70805d559,BARUIPUR DRDO A1,42f21547-e070-4a94-a13d-d4f158e51fc1,false,10.123.136.35,4bc2a086-b131-47e1-9c20-f10650c0196d,,,,,true,2025-12-07 14:46:59.095958+00,2025-12-07 14:46:59.095958+00
37aa828d-c1a6-4a6d-9ba8-a1822095e210,944f170d-da50-41e6-9040-dea5f7bf9dfa,,df1dcb75-c73c-49e0-8763-d2df4b0a8817,Baruipur Kalyanpur,3830d349-f4ce-4391-9796-111cbf942a6f,false,,4bc2a086-b131-47e1-9c20-f10650c0196d,,,,,true,2025-12-07 14:46:59.208589+00,2025-12-07 14:47:43.906721+00
389150a9-94ce-4ae4-b52c-d4d23945ea66,7874595b-5650-477e-8d88-e4cedbe025e2,,68a785c4-b190-40d7-8a7e-dbbddc77834f,SPICE BOARD A1,42f21547-e070-4a94-a13d-d4f158e51fc1,false,10.123.136.34,4bc2a086-b131-47e1-9c20-f10650c0196d,,,,,true,2025-12-07 14:46:59.327195+00,2025-12-07 14:46:59.327195+00
38dd3807-d63d-4a53-a295-0649edba88fd,7874595b-5650-477e-8d88-e4cedbe025e2,,abfa36d3-d0ed-486e-8f97-62651f7a9b9e,KAMALGAZI A1,42f21547-e070-4a94-a13d-d4f158e51fc1,false,10.123.29.230,4bc2a086-b131-47e1-9c20-f10650c0196d,,,,,true,2025-12-07 14:46:59.448447+00,2025-12-07 14:46:59.448447+00
3b5ceb14-455f-455f-a59c-b882666ac6b2,fc077b05-1bfc-414c-9549-13b0f6d3e230,,4dd05c04-dddb-44df-ab90-0b95b3ee5f11,SONARPUR ADM16/R-128,,true,10.119.23.67,,,,TEJAS,,true,2025-12-07 14:46:59.56476+00,2025-12-07 14:47:42.667076+00
3ba1c0fc-69c1-41db-acc4-f4e8d4cfd413,7874595b-5650-477e-8d88-e4cedbe025e2,,67d8974e-d6c7-4486-8cd7-d32876685437,KALIGHAT B2,8e4dde01-4900-4fa5-a9e5-9b89bfe2663a,false,10.123.25.65,93e3e63b-4426-4839-8d45-945a2f36dbfe,,,,,true,2025-12-08 12:20:18.678129+00,2025-12-08 12:20:18.678129+00
3ddd7dca-b7e7-437f-98d9-bdda0bd1b09d,7874595b-5650-477e-8d88-e4cedbe025e2,,10b4b8cd-7f82-4162-a0d5-a37bff9d9049,FARTABAD A1,42f21547-e070-4a94-a13d-d4f158e51fc1,false,10.123.138.47,4bc2a086-b131-47e1-9c20-f10650c0196d,,,,,true,2025-12-07 14:46:59.684624+00,2025-12-07 14:46:59.684624+00
3e5f8e29-0b30-46e5-95c8-4c70318c4b3f,7874595b-5650-477e-8d88-e4cedbe025e2,,e56848ea-3c3a-4925-b20c-bc5ca60bec5b,KODALIA A1,42f21547-e070-4a94-a13d-d4f158e51fc1,false,10.123.138.204,4bc2a086-b131-47e1-9c20-f10650c0196d,,,,,true,2025-12-07 14:46:59.80477+00,2025-12-07 14:46:59.80477+00
40385d41-78de-4122-b661-28092515ac86,7874595b-5650-477e-8d88-e4cedbe025e2,,f7a8effa-cc27-4cc9-9afd-d587f225f8e2,SONARPUR GHASIARA A1,42f21547-e070-4a94-a13d-d4f158e51fc1,false,10.123.138.218,4bc2a086-b131-47e1-9c20-f10650c0196d,,,,,true,2025-12-07 14:46:59.920755+00,2025-12-07 14:46:59.920755+00
41cfd297-1854-494c-ac8a-a569cd9fed4c,944f170d-da50-41e6-9040-dea5f7bf9dfa,,15f65398-ee89-47bc-92e0-5c2fd4eaeb1a,NOTUN PALLY,3830d349-f4ce-4391-9796-111cbf942a6f,true,,4bc2a086-b131-47e1-9c20-f10650c0196d,,,,,true,2025-12-07 14:47:00.036016+00,2025-12-07 14:47:44.747411+00
42c68e42-202b-4140-a6fa-0928e8c41b7d,fc077b05-1bfc-414c-9549-13b0f6d3e230,,abfa36d3-d0ed-486e-8f97-62651f7a9b9e,KAMALGAZI ADM16/R-136,7244eee4-00f5-4dd7-b4a0-3cbc37abe2eb,true,10.119.23.127,4bc2a086-b131-47e1-9c20-f10650c0196d,,,,,true,2025-12-07 14:47:00.163915+00,2025-12-07 14:47:43.035212+00
457e890f-197f-4182-934a-5daac05a2b8c,7874595b-5650-477e-8d88-e4cedbe025e2,,876847d1-9e49-4c81-9716-c3b188826ce1,BARUIPUR III A1,42f21547-e070-4a94-a13d-d4f158e51fc1,false,10.123.138.211,4bc2a086-b131-47e1-9c20-f10650c0196d,,,,,true,2025-12-07 14:47:00.278826+00,2025-12-07 14:47:00.278826+00
45e45063-8612-454d-8469-f002870a22d5,7874595b-5650-477e-8d88-e4cedbe025e2,,aafe2bfb-6e18-4053-97b5-bf7fb9992fcb,KALYANPUR A1,42f21547-e070-4a94-a13d-d4f158e51fc1,false,10.123.138.232,4bc2a086-b131-47e1-9c20-f10650c0196d,,,,,true,2025-12-07 14:47:00.399689+00,2025-12-07 14:47:00.399689+00
46753173-30a0-4d95-8e21-b4e8bdb5b5ee,944f170d-da50-41e6-9040-dea5f7bf9dfa,,4c8710d0-1503-43b9-b595-fa876c65f61d,SONARPUR II,3830d349-f4ce-4391-9796-111cbf942a6f,true,,4bc2a086-b131-47e1-9c20-f10650c0196d,,,,,true,2025-12-07 14:47:00.522346+00,2025-12-07 14:47:45.114997+00
4842fed7-9803-478e-91f6-62d9ddfa3589,944f170d-da50-41e6-9040-dea5f7bf9dfa,,b5bfbef5-356c-499b-ad2b-351b7ed6a845,BARUIPUR EXCH,3830d349-f4ce-4391-9796-111cbf942a6f,true,,4bc2a086-b131-47e1-9c20-f10650c0196d,,,,,true,2025-12-07 14:47:00.637386+00,2025-12-07 14:47:43.782591+00
49508a78-b582-4865-af26-a166a6ade2ec,a33ec7ee-b51c-4921-b0ec-bcf0caab3834,KO-KTD-B42-CI-8005,a3908bf9-bace-48d4-83d2-56e9c5485c2f,CIRCUS B4(CAT2)/1,8be22dce-38be-47d4-a1cb-59749b7c9b07,true,10.127.0.9,b548ad4b-2aab-4173-a958-c74f303022ce,,,,,true,2025-12-07 14:47:01.01964+00,2025-12-07 14:47:46.52924+00
49a01245-86ed-4bc5-a649-0f70840b41f8,944f170d-da50-41e6-9040-dea5f7bf9dfa,,04c66bb4-240d-4974-af7f-e94c9d0a379e,SONARPUR BADAMTALA,3830d349-f4ce-4391-9796-111cbf942a6f,true,,4bc2a086-b131-47e1-9c20-f10650c0196d,,,,,true,2025-12-07 14:47:01.184029+00,2025-12-07 14:47:45.714055+00
4a7e333b-0290-49c7-afd0-347e00239d49,7874595b-5650-477e-8d88-e4cedbe025e2,,bea08e9f-79b4-43dd-8515-c57d82c2e1ee,MAHINAGAR A1,42f21547-e070-4a94-a13d-d4f158e51fc1,false,10.123.138.205,4bc2a086-b131-47e1-9c20-f10650c0196d,,,,,true,2025-12-07 14:47:01.359255+00,2025-12-07 14:47:01.359255+00
4b121965-4a0e-49aa-8464-57157a8c05c7,7874595b-5650-477e-8d88-e4cedbe025e2,,5123be70-eb5b-48a8-8ffa-4f3baa56cc19,TELEPHONE BHAWAN A1/03,42f21547-e070-4a94-a13d-d4f158e51fc1,true,10.123.142.72,69eca23a-9684-4043-b75b-507d317f74f6,,,,,true,2025-12-13 06:54:05.691464+00,2025-12-13 06:54:05.691464+00
4b66d440-d94d-4f6e-964c-787d1abd464e,7874595b-5650-477e-8d88-e4cedbe025e2,,abfa36d3-d0ed-486e-8f97-62651f7a9b9e,KAMALGAZI B2,8e4dde01-4900-4fa5-a9e5-9b89bfe2663a,false,10.123.29.196,4bc2a086-b131-47e1-9c20-f10650c0196d,,,,,true,2025-12-07 14:47:02.04576+00,2025-12-07 14:47:02.04576+00
4b8e7cd5-f855-49ea-9eba-3e77d102f67a,944f170d-da50-41e6-9040-dea5f7bf9dfa,,45b41c2d-54cf-42a9-b134-239d96bb7c5a,KALYANPUR (DAKSHIN),3830d349-f4ce-4391-9796-111cbf942a6f,true,,4bc2a086-b131-47e1-9c20-f10650c0196d,,,,,true,2025-12-07 14:47:02.167804+00,2025-12-07 14:47:46.188193+00
4c365fbc-dd56-458e-8d68-406c519541f7,fc077b05-1bfc-414c-9549-13b0f6d3e230,,45f1a024-b36f-465a-8896-125399380cb6,HARINAVI ADM16/R-137,7244eee4-00f5-4dd7-b4a0-3cbc37abe2eb,true,192.170.1.136,4bc2a086-b131-47e1-9c20-f10650c0196d,,,TEJAS,,true,2025-12-07 14:47:02.28439+00,2025-12-07 14:47:43.158049+00
4cfa6e83-9a2e-429c-9bf1-ca2968ec9c7a,944f170d-da50-41e6-9040-dea5f7bf9dfa,,b4237dad-b581-4bf2-ac29-ae502a2bf43d,RAJPUR SARKAR PARA,3830d349-f4ce-4391-9796-111cbf942a6f,true,,4bc2a086-b131-47e1-9c20-f10650c0196d,,,,,true,2025-12-07 14:47:02.410533+00,2025-12-07 14:47:44.632567+00
4ec6ae61-edb9-469d-b526-ed20af944ef5,fc077b05-1bfc-414c-9549-13b0f6d3e230,,4655a834-c64f-48c8-90a0-6e4f9654acf1,BORAL ADM16/R-131,,true,10.119.23.114,,,,TEJAS,,true,2025-12-07 14:47:02.521626+00,2025-12-07 14:47:42.787796+00
50a0261a-efb9-440f-b5db-64eb9a37ec6a,7874595b-5650-477e-8d88-e4cedbe025e2,,09fa1396-5351-4c2b-a049-61e771f054c1,GARIA ROU A1,42f21547-e070-4a94-a13d-d4f158e51fc1,true,10.123.138.45,0334365e-3c7e-4e0f-8547-33a673be10f6,,,,,true,2025-12-15 11:08:21.097586+00,2025-12-15 11:08:21.097586+00
5507541c-a6c9-4fae-86df-4bca393e4f79,7874595b-5650-477e-8d88-e4cedbe025e2,,e84ef8c2-4788-497a-90cb-7201d08ee88e,NARENDRAPUR II A1,42f21547-e070-4a94-a13d-d4f158e51fc1,false,10.123.29.229,4bc2a086-b131-47e1-9c20-f10650c0196d,,,,,true,2025-12-07 14:47:02.640037+00,2025-12-07 14:47:02.640037+00
56046e25-03c7-423f-ae52-e57ac870fa8f,944f170d-da50-41e6-9040-dea5f7bf9dfa,,683c709a-096e-4900-a98d-05e20976be7f,Lashkarpur,3830d349-f4ce-4391-9796-111cbf942a6f,false,,4bc2a086-b131-47e1-9c20-f10650c0196d,,,,,true,2025-12-07 14:47:02.756092+00,2025-12-07 14:47:45.94771+00
56d2e1fe-8e65-4226-beea-54ef76602dca,7874595b-5650-477e-8d88-e4cedbe025e2,,5a550395-e1e4-4161-a434-82b0c1d08a7c,RUSSA_PADMAPUKUR,42f21547-e070-4a94-a13d-d4f158e51fc1,true,10.123.138.81,531eaa28-9cd7-49c2-bd19-01a6fdf4bc32,,,,,true,2025-12-15 11:20:23.51655+00,2025-12-15 11:20:23.51655+00
57286a9e-8518-4786-9b05-52638f5f42ff,944f170d-da50-41e6-9040-dea5f7bf9dfa,,02e9b630-b2e8-4441-890b-ae42510a7a51,MALLICKPUR III,3830d349-f4ce-4391-9796-111cbf942a6f,false,,4bc2a086-b131-47e1-9c20-f10650c0196d,,,,,true,2025-12-07 14:47:02.874228+00,2025-12-07 14:47:43.522339+00
57ad4ddf-6492-4990-a0f9-5f615172498a,7874595b-5650-477e-8d88-e4cedbe025e2,,3d9eeaab-d37e-404f-aa62-c8c7a75467b5,GOBINDAPUR BTS A1,42f21547-e070-4a94-a13d-d4f158e51fc1,false,10.123.138.206,4bc2a086-b131-47e1-9c20-f10650c0196d,,,,,true,2025-12-07 14:47:02.990052+00,2025-12-07 14:47:02.990052+00
58759b8d-3dd8-41db-8f0a-1c0609417eeb,7874595b-5650-477e-8d88-e4cedbe025e2,,5123be70-eb5b-48a8-8ffa-4f3baa56cc19,TELEPHONE BHAWAN 3E/B1,3beb3ea2-55a4-48da-a7fa-f7c9ccf7de79,true,10.123.141.202,69eca23a-9684-4043-b75b-507d317f74f6,,,,,true,2025-12-11 06:06:25.22364+00,2025-12-11 06:06:25.22364+00
59ed3fb0-2d31-4c61-abf8-63d59706519c,944f170d-da50-41e6-9040-dea5f7bf9dfa,,60cfbcc5-26b9-4d7c-a8e9-02cc56010f19,SONARPUR KURIGACHI,3830d349-f4ce-4391-9796-111cbf942a6f,true,,4bc2a086-b131-47e1-9c20-f10650c0196d,,,,,true,2025-12-07 14:47:03.110096+00,2025-12-07 14:47:45.714055+00
5a86a7eb-67f4-4771-a3c3-f971cbe336d0,a33ec7ee-b51c-4921-b0ec-bcf0caab3834,KO-KTD-A41-BT-3001,a9ca2596-ae80-4c6b-92f1-b197e98dcaea,BAISHNABGHATA A4(CAT1) /1,b63e879c-6b09-402f-8958-a45a023e4339,true,10.127.0.78,0334365e-3c7e-4e0f-8547-33a673be10f6,,,,,true,2025-12-07 14:47:03.233265+00,2025-12-09 15:46:22.565161+00
5a87762e-2e2c-48ae-808c-64c6890cb7db,944f170d-da50-41e6-9040-dea5f7bf9dfa,,bf9807b4-3e97-4de5-a8be-d99260d257ae,SUBHASHGRAM KODALIA,3830d349-f4ce-4391-9796-111cbf942a6f,false,,4bc2a086-b131-47e1-9c20-f10650c0196d,,,,,true,2025-12-07 14:47:03.350869+00,2025-12-07 14:47:03.350869+00
5eb605ab-5f50-4842-973b-9ae9f945abfc,7874595b-5650-477e-8d88-e4cedbe025e2,,c138183e-c7e4-490b-94fe-8bf5ba7af699,"TBZ 4TH FLOOR NIB1 ",42f21547-e070-4a94-a13d-d4f158e51fc1,true,10.123.141.173,3ea19950-a073-432c-8535-43630aeb1e5e,,,,,true,2025-12-11 12:02:53.163772+00,2025-12-11 12:02:53.163772+00
5fce59b4-9b0f-4741-91e8-d0a623999328,944f170d-da50-41e6-9040-dea5f7bf9dfa,,3101bd5e-0fac-4546-8e79-2b18ff0fd35e,BARUIPUR-II,3830d349-f4ce-4391-9796-111cbf942a6f,true,,4bc2a086-b131-47e1-9c20-f10650c0196d,,,,,true,2025-12-07 14:47:03.467607+00,2025-12-07 14:47:43.522339+00
6185bba0-3672-48c2-a8ab-db3b3a81a5a3,7874595b-5650-477e-8d88-e4cedbe025e2,,b5bfbef5-356c-499b-ad2b-351b7ed6a845,BARUIPUR BDO OFFICE NODE 2 A1,42f21547-e070-4a94-a13d-d4f158e51fc1,false,10.123.138.224,4bc2a086-b131-47e1-9c20-f10650c0196d,,,,,true,2025-12-07 14:47:03.599961+00,2025-12-07 14:47:03.599961+00
62680b1e-92fc-4ba8-8420-d95aad54d6f8,944f170d-da50-41e6-9040-dea5f7bf9dfa,,286ec15e-6eee-488e-9fd8-16b7fb859853,BARUIPUR STATION BAZAR,3830d349-f4ce-4391-9796-111cbf942a6f,true,,4bc2a086-b131-47e1-9c20-f10650c0196d,,,,,true,2025-12-07 14:47:03.722422+00,2025-12-07 14:47:43.646414+00
62b51f97-44b6-45af-9376-4a5151584e31,944f170d-da50-41e6-9040-dea5f7bf9dfa,,84c55f6c-7590-4ade-89aa-12d6c8ed024a,MOLLIKPUR SITALA MANDIR,3830d349-f4ce-4391-9796-111cbf942a6f,false,,4bc2a086-b131-47e1-9c20-f10650c0196d,,,,,true,2025-12-07 14:47:03.854673+00,2025-12-07 14:47:47.23898+00
637a354e-3831-4118-809a-3570cdab0b34,944f170d-da50-41e6-9040-dea5f7bf9dfa,,92ca1720-9481-4411-a6ce-e9b0859985ac,KAMALGACHI PEYARA BAGAN,3830d349-f4ce-4391-9796-111cbf942a6f,true,,4bc2a086-b131-47e1-9c20-f10650c0196d,,,,,true,2025-12-07 14:47:03.973305+00,2025-12-07 14:47:45.833121+00
63c27efd-4ee5-4503-8865-96f9568c4175,7874595b-5650-477e-8d88-e4cedbe025e2,,b5bfbef5-356c-499b-ad2b-351b7ed6a845,BARUIPUR NODE 3 A1,42f21547-e070-4a94-a13d-d4f158e51fc1,false,10.123.138.240,4bc2a086-b131-47e1-9c20-f10650c0196d,,,,,true,2025-12-07 14:47:04.089865+00,2025-12-07 14:47:04.089865+00
63da7fb8-607d-4c05-9ab1-3590cd15f790,7874595b-5650-477e-8d88-e4cedbe025e2,,4dd05c04-dddb-44df-ab90-0b95b3ee5f11,SONARPUR A1,42f21547-e070-4a94-a13d-d4f158e51fc1,false,10.123.138.221,4bc2a086-b131-47e1-9c20-f10650c0196d,,,,,true,2025-12-07 14:47:04.206583+00,2025-12-07 14:47:04.206583+00
645687d9-733f-473d-8b43-9a15b23888b5,7874595b-5650-477e-8d88-e4cedbe025e2,,3101bd5e-0fac-4546-8e79-2b18ff0fd35e,BARUIPUR II A1,42f21547-e070-4a94-a13d-d4f158e51fc1,false,10.123.138.207,4bc2a086-b131-47e1-9c20-f10650c0196d,,,,,true,2025-12-07 14:47:04.334249+00,2025-12-07 14:47:04.334249+00
645e860c-295c-4f2b-8e68-75e26da731fa,7874595b-5650-477e-8d88-e4cedbe025e2,,d4698699-bda9-47c0-b787-580937d8e935,UPOHAR,3beb3ea2-55a4-48da-a7fa-f7c9ccf7de79,true,10.123.138.202,0334365e-3c7e-4e0f-8547-33a673be10f6,,,,,true,2025-12-12 09:07:53.526877+00,2025-12-12 09:39:13.333191+00
6700ab9c-cbd6-4a5c-9850-9865454fab74,944f170d-da50-41e6-9040-dea5f7bf9dfa,,0237bbb2-4f2f-409d-b7d6-1fda8fdc8578,Dakshin Bonhooghly,3830d349-f4ce-4391-9796-111cbf942a6f,true,,4bc2a086-b131-47e1-9c20-f10650c0196d,,,,,true,2025-12-07 14:47:04.452787+00,2025-12-07 14:47:44.39076+00
6792d039-3f75-499f-af49-a831119d0204,a33ec7ee-b51c-4921-b0ec-bcf0caab3834,KO-KTD-B32-JO-6008,c09b53e5-ef78-4846-b87b-a4bea12924f4,JOKA B3(CAT2) /1,ce06f9b7-02e7-4741-8911-46cf1f47ffdd,true,10.127.0.68,e6222b47-7f08-4ff1-8c75-86b6b5b0a648,,,,,true,2025-12-07 14:47:04.572482+00,2025-12-09 15:51:43.198335+00
6ac435ff-0a3f-473a-8c24-51eb7a4dbbbf,7874595b-5650-477e-8d88-e4cedbe025e2,,54bc2231-880b-4ba6-ba6e-4d3cb594052b,AP NAGAR A1,42f21547-e070-4a94-a13d-d4f158e51fc1,false,10.123.138.222,4bc2a086-b131-47e1-9c20-f10650c0196d,,,,,true,2025-12-07 14:47:04.689709+00,2025-12-07 14:47:04.689709+00
6bbc6566-2af8-4b36-92fb-0bebeed54bda,fc077b05-1bfc-414c-9549-13b0f6d3e230,,45f1a024-b36f-465a-8896-125399380cb6,HARINAVI ADM16/R-136,7244eee4-00f5-4dd7-b4a0-3cbc37abe2eb,true,192.170.1.136,4bc2a086-b131-47e1-9c20-f10650c0196d,,,TEJAS,,true,2025-12-07 14:47:04.817763+00,2025-12-07 14:47:43.035212+00
6d8723c7-e89f-4eb1-b67a-6faa28a7ec59,944f170d-da50-41e6-9040-dea5f7bf9dfa,,490a7b87-4ee6-43b0-828e-f93e51f8ec49,Mahamayapur,3830d349-f4ce-4391-9796-111cbf942a6f,false,,4bc2a086-b131-47e1-9c20-f10650c0196d,,,,,true,2025-12-07 14:47:04.937306+00,2025-12-07 14:47:04.937306+00
6e5cca5f-9516-4264-811b-309d17a29b6a,7874595b-5650-477e-8d88-e4cedbe025e2,,45f1a024-b36f-465a-8896-125399380cb6,HARINAVI B2,8e4dde01-4900-4fa5-a9e5-9b89bfe2663a,true,10.123.138.193,4bc2a086-b131-47e1-9c20-f10650c0196d,,,,,true,2025-12-07 14:47:05.053257+00,2025-12-10 17:19:00.955759+00
706dff3d-77d9-43bc-81f5-accec8481a83,944f170d-da50-41e6-9040-dea5f7bf9dfa,,e56848ea-3c3a-4925-b20c-bc5ca60bec5b,KODALIA,3830d349-f4ce-4391-9796-111cbf942a6f,true,,4bc2a086-b131-47e1-9c20-f10650c0196d,,,,,true,2025-12-07 14:47:05.174882+00,2025-12-07 14:47:43.400082+00
73204d93-4407-4ae0-9e4b-deabdefbca1e,7874595b-5650-477e-8d88-e4cedbe025e2,,5123be70-eb5b-48a8-8ffa-4f3baa56cc19,TELEPHONE BHAWAN A1/04,42f21547-e070-4a94-a13d-d4f158e51fc1,true,10.123.142.91,69eca23a-9684-4043-b75b-507d317f74f6,,,,,true,2025-12-13 06:39:20.595355+00,2025-12-13 06:39:20.595355+00
76dc4063-6853-4be3-8a22-dee4d71b025d,7874595b-5650-477e-8d88-e4cedbe025e2,,c12f8c89-13fa-4d09-933b-11defee72af7,CENTRAL B2,8e4dde01-4900-4fa5-a9e5-9b89bfe2663a,true,10.123.141.135,eff6f022-3614-414a-aacf-2203fbd670f8,,,,,true,2025-12-13 07:06:43.193515+00,2025-12-13 07:06:43.193515+00
77b3925e-bce1-4a8f-90f0-dc08629640d6,fc077b05-1bfc-414c-9549-13b0f6d3e230,,10b4b8cd-7f82-4162-a0d5-a37bff9d9049,FARTABAD ADM16/R-136,7244eee4-00f5-4dd7-b4a0-3cbc37abe2eb,true,10.119.23.129,4bc2a086-b131-47e1-9c20-f10650c0196d,,,TEJAS,,true,2025-12-07 14:47:05.290248+00,2025-12-07 14:47:43.035212+00
7a87a58e-2ab1-4195-8cea-46efd3da796a,7874595b-5650-477e-8d88-e4cedbe025e2,,44d18876-f86b-4ecb-bdc7-a3905dab4690,JAGADDAL II A1,42f21547-e070-4a94-a13d-d4f158e51fc1,false,10.123.138.252,4bc2a086-b131-47e1-9c20-f10650c0196d,,,,,true,2025-12-07 14:47:05.407896+00,2025-12-07 14:47:05.407896+00
7a9bd1c6-6599-4262-adb2-9cb89daa3119,fc077b05-1bfc-414c-9549-13b0f6d3e230,,abfa36d3-d0ed-486e-8f97-62651f7a9b9e,KAMALGAZI ADM16/R-137,7244eee4-00f5-4dd7-b4a0-3cbc37abe2eb,true,10.119.23.127,4bc2a086-b131-47e1-9c20-f10650c0196d,,,TEJAS,,true,2025-12-07 14:47:05.522665+00,2025-12-07 14:47:43.158049+00
7b09b730-2091-4987-90d7-394ae8c43f22,7874595b-5650-477e-8d88-e4cedbe025e2,,5a550395-e1e4-4161-a434-82b0c1d08a7c,RUSSA B2,8e4dde01-4900-4fa5-a9e5-9b89bfe2663a,true,10.123.138.2,531eaa28-9cd7-49c2-bd19-01a6fdf4bc32,,,,,true,2025-12-12 08:21:16.276511+00,2025-12-12 08:21:16.276511+00
7b39371e-a516-4a54-b4b7-d159a156a702,7874595b-5650-477e-8d88-e4cedbe025e2,,67d8974e-d6c7-4486-8cd7-d32876685437,KALIGHAT B2/02,8e4dde01-4900-4fa5-a9e5-9b89bfe2663a,false,10.123.138.1,93e3e63b-4426-4839-8d45-945a2f36dbfe,,,,,true,2025-12-08 12:29:13.916489+00,2025-12-08 12:29:13.916489+00
7bba8d71-6424-406f-896d-2f076da5b9a0,944f170d-da50-41e6-9040-dea5f7bf9dfa,,a99402f1-c0a5-4753-98e5-f8216975ec94,Ghoshpara Darir Road,3830d349-f4ce-4391-9796-111cbf942a6f,false,,4bc2a086-b131-47e1-9c20-f10650c0196d,,,,,true,2025-12-07 14:47:05.642453+00,2025-12-07 14:47:05.642453+00
7bc351d5-c260-4984-bb79-7646042efa69,944f170d-da50-41e6-9040-dea5f7bf9dfa,,3bea923a-72ed-4471-9516-9852d2d1d1b7,Bager Khol Natunhat,3830d349-f4ce-4391-9796-111cbf942a6f,false,,4bc2a086-b131-47e1-9c20-f10650c0196d,,,,,true,2025-12-07 14:47:05.761918+00,2025-12-07 14:47:45.833121+00
7cb3f1cc-8f91-4d74-8ad4-101c4302a580,7874595b-5650-477e-8d88-e4cedbe025e2,,77ffbe51-7aee-49e2-9ada-2ed98055ceb3,POLEGHAT A1,42f21547-e070-4a94-a13d-d4f158e51fc1,false,10.123.138.250,4bc2a086-b131-47e1-9c20-f10650c0196d,,,,,true,2025-12-07 14:47:05.87959+00,2025-12-07 14:47:05.87959+00
7dbe65d3-10d6-490c-b64e-fa6793fc3770,944f170d-da50-41e6-9040-dea5f7bf9dfa,,7cfda4ed-503a-4400-97bc-89740b0b020d,South Gobindapur,3830d349-f4ce-4391-9796-111cbf942a6f,false,,4bc2a086-b131-47e1-9c20-f10650c0196d,,,,,true,2025-12-07 14:47:06.02066+00,2025-12-07 14:47:43.400082+00
7e20a74e-951b-4c6b-a2c1-20b97e320d8f,7874595b-5650-477e-8d88-e4cedbe025e2,,9316bc95-e5b0-4e58-b16f-424662b14ac8,PRAN BORAL A1,42f21547-e070-4a94-a13d-d4f158e51fc1,false,10.123.29.209,4bc2a086-b131-47e1-9c20-f10650c0196d,,,,,true,2025-12-07 14:47:06.153422+00,2025-12-07 14:47:06.153422+00
7e2a3e99-66b6-486d-8456-9be1242d0fc4,7874595b-5650-477e-8d88-e4cedbe025e2,,23759160-69e6-4377-9460-f634b644d723,BARUIPUR JAIL A1,42f21547-e070-4a94-a13d-d4f158e51fc1,false,10.123.136.22,4bc2a086-b131-47e1-9c20-f10650c0196d,,,,,true,2025-12-07 14:47:06.271918+00,2025-12-07 14:47:06.271918+00
7f745a44-8306-46e2-91c1-897b0c85f614,ac3a94a3-a131-4515-a7b6-9fa2cba1d97d,,45f1a024-b36f-465a-8896-125399380cb6,HARINAVI MNGPAN,,false,10.220.7.77,4bc2a086-b131-47e1-9c20-f10650c0196d,,,,,true,2025-12-07 14:47:06.389893+00,2025-12-07 14:47:06.389893+00
80004a69-35d9-46c7-a3f0-abbf15342767,7874595b-5650-477e-8d88-e4cedbe025e2,,b1f6f204-2a68-4fba-af6e-a86fca1cd627,SUBHASGRAM BANK PLOT A1,42f21547-e070-4a94-a13d-d4f158e51fc1,false,10.123.138.219,4bc2a086-b131-47e1-9c20-f10650c0196d,,,,,true,2025-12-07 14:47:06.505806+00,2025-12-07 14:47:06.505806+00
8145ef38-6459-4912-b0b6-88e82a4319d0,944f170d-da50-41e6-9040-dea5f7bf9dfa,,1a8a76fc-fe60-49ee-9ba5-138f4d6410c2,HARINAVI,3830d349-f4ce-4391-9796-111cbf942a6f,false,,4bc2a086-b131-47e1-9c20-f10650c0196d,,,,,true,2025-12-07 14:47:06.630883+00,2025-12-07 14:47:06.630883+00
81809297-b9fa-4baa-93e8-e6327464c94e,a33ec7ee-b51c-4921-b0ec-bcf0caab3834,KO-KTD-B41-BE-7004,8e78e99f-5b42-40a3-b542-d6682b30392d,BEHALA B4(CAT1) /1,2efeaec3-25db-4e92-bb1b-0ce370547cd6,true,10.127.0.13,e6222b47-7f08-4ff1-8c75-86b6b5b0a648,,,,,true,2025-12-07 14:47:06.754039+00,2025-12-09 15:46:59.589354+00
8418cc68-8607-4fc5-ac10-989af9de67f8,fc077b05-1bfc-414c-9549-13b0f6d3e230,,45f1a024-b36f-465a-8896-125399380cb6,HARINAVI ADM16/R-128,,true,192.170.1.128,,,,TEJAS,,true,2025-12-07 14:47:06.872511+00,2025-12-07 14:47:42.667076+00
846a1687-e38d-4cf1-8999-5c4b7ecf1ed8,7874595b-5650-477e-8d88-e4cedbe025e2,,45f1a024-b36f-465a-8896-125399380cb6,HARINAVI NODE 3 A1,42f21547-e070-4a94-a13d-d4f158e51fc1,false,10.123.138.229,4bc2a086-b131-47e1-9c20-f10650c0196d,,,,,true,2025-12-07 14:47:06.992359+00,2025-12-07 14:47:06.992359+00
8703c40b-61bd-4de0-8f31-6aec8dd9a0e5,944f170d-da50-41e6-9040-dea5f7bf9dfa,,53797415-2c34-4f84-a415-404932486c96,SONARPUR SOUTH,3830d349-f4ce-4391-9796-111cbf942a6f,true,,4bc2a086-b131-47e1-9c20-f10650c0196d,,,,,true,2025-12-07 14:47:07.11542+00,2025-12-07 14:47:47.23898+00
874f3fbc-a293-48e4-ad87-b26f8871f5a3,7874595b-5650-477e-8d88-e4cedbe025e2,,b4237dad-b581-4bf2-ac29-ae502a2bf43d,RAJPUR SARKARPARA A1,42f21547-e070-4a94-a13d-d4f158e51fc1,false,10.123.138.215,4bc2a086-b131-47e1-9c20-f10650c0196d,,,,,true,2025-12-07 14:47:07.233076+00,2025-12-07 14:47:07.233076+00
877d8e52-72d7-4e9c-9b76-ae634f5baa3c,a33ec7ee-b51c-4921-b0ec-bcf0caab3834,KO-KTD-B32-HN-6007,45f1a024-b36f-465a-8896-125399380cb6,Harinavi -B3(CAT2) /1,ce06f9b7-02e7-4741-8911-46cf1f47ffdd,true,10.127.0.67,4bc2a086-b131-47e1-9c20-f10650c0196d,,Part #-140-SKU000118-P S/N- AA-0924-29-4546,,,true,2025-12-07 14:47:07.355525+00,2025-12-09 15:49:56.020379+00
883e61fd-1d85-4975-887b-ac0c25985d32,7874595b-5650-477e-8d88-e4cedbe025e2,,b5bfbef5-356c-499b-ad2b-351b7ed6a845,BARUIPUR NODE 4 A1,42f21547-e070-4a94-a13d-d4f158e51fc1,false,10.123.138.241,4bc2a086-b131-47e1-9c20-f10650c0196d,,,,,true,2025-12-07 14:47:07.471874+00,2025-12-07 14:47:07.471874+00
885969e9-b8e8-44f3-ae17-02e0b75d27c2,7874595b-5650-477e-8d88-e4cedbe025e2,,8e78e99f-5b42-40a3-b542-d6682b30392d,BEHALA_B2,8e4dde01-4900-4fa5-a9e5-9b89bfe2663a,true,10.123.136.1,e6222b47-7f08-4ff1-8c75-86b6b5b0a648,,,,,true,2025-12-12 12:35:00.473464+00,2025-12-12 12:35:00.473464+00
88c2ecdb-5f12-4139-8cd3-88b1b032b010,7874595b-5650-477e-8d88-e4cedbe025e2,,f62efeda-0828-4bf3-b9c6-076aee551b93,DAKSHIN CHOWHATI A1,42f21547-e070-4a94-a13d-d4f158e51fc1,false,10.123.138.209,4bc2a086-b131-47e1-9c20-f10650c0196d,,,,,true,2025-12-07 14:47:07.590583+00,2025-12-07 14:47:07.590583+00
8b870d28-76e7-4332-9a85-a72ec514b4a5,7874595b-5650-477e-8d88-e4cedbe025e2,,45f1a024-b36f-465a-8896-125399380cb6,HARINAVI NODE 6 A1,42f21547-e070-4a94-a13d-d4f158e51fc1,false,10.123.138.244,4bc2a086-b131-47e1-9c20-f10650c0196d,,,,,true,2025-12-07 14:47:07.710616+00,2025-12-07 14:47:07.710616+00
8cf37e07-55c5-4a94-823c-a464de5d3de4,944f170d-da50-41e6-9040-dea5f7bf9dfa,,e1e3119d-5963-4202-9e63-3537e7ef7ffb,NARENDRAPUR-III,3830d349-f4ce-4391-9796-111cbf942a6f,true,,4bc2a086-b131-47e1-9c20-f10650c0196d,,,,,true,2025-12-07 14:47:07.825699+00,2025-12-07 14:47:44.26948+00
8d1bd9ad-9b59-4ed3-a18b-ed0bb631821d,fc077b05-1bfc-414c-9549-13b0f6d3e230,,abfa36d3-d0ed-486e-8f97-62651f7a9b9e,KAMALGAZI ADM16/R-131,,true,10.119.23.113,,,,TEJAS,,true,2025-12-07 14:47:07.939153+00,2025-12-07 14:47:42.787796+00
90b91775-a852-4850-bb81-8f90b31108e5,944f170d-da50-41e6-9040-dea5f7bf9dfa,,cb8918d3-ef72-4754-9c68-876edf4ae1d3,SONARPUR NATUNPALLY,3830d349-f4ce-4391-9796-111cbf942a6f,true,,4bc2a086-b131-47e1-9c20-f10650c0196d,,,,,true,2025-12-07 14:47:08.054977+00,2025-12-07 14:47:44.866908+00
91a29dcd-a51d-42fe-aff6-ece65e2862b5,944f170d-da50-41e6-9040-dea5f7bf9dfa,,c38d739c-c0b8-40ed-b18f-b58a59647962,SUBHASHGRAM PETUA,3830d349-f4ce-4391-9796-111cbf942a6f,false,,4bc2a086-b131-47e1-9c20-f10650c0196d,,,,,true,2025-12-07 14:47:08.170468+00,2025-12-07 14:47:47.23898+00
94ac5361-cafb-48e6-b5a4-1b979ab400ae,944f170d-da50-41e6-9040-dea5f7bf9dfa,,9570839c-ff32-4512-a641-42845be75e83,GARIA MAIN ROAD,3830d349-f4ce-4391-9796-111cbf942a6f,false,,4bc2a086-b131-47e1-9c20-f10650c0196d,,,,,true,2025-12-07 14:47:08.285849+00,2025-12-07 14:47:44.26948+00
95b6aef5-de3c-4d65-b7e8-c4db52849e59,fc077b05-1bfc-414c-9549-13b0f6d3e230,,b5bfbef5-356c-499b-ad2b-351b7ed6a845,BARUIPUR ADM16/R-128,,true,10.119.23.65,,,,TEJAS,,true,2025-12-07 14:47:08.401081+00,2025-12-07 14:47:42.667076+00
95e0f03b-2096-4b81-91cd-2391a8673201,944f170d-da50-41e6-9040-dea5f7bf9dfa,,6cb1a150-a017-4e2f-9018-f0482be79bdb,Mahamayatala II,3830d349-f4ce-4391-9796-111cbf942a6f,false,,4bc2a086-b131-47e1-9c20-f10650c0196d,,,,,true,2025-12-07 14:47:08.514119+00,2025-12-07 14:47:45.94771+00
96a06fe7-3eb8-4988-a4d9-140fbbe045cb,7874595b-5650-477e-8d88-e4cedbe025e2,,41355205-b6db-4d38-bebf-9f0cf2998f64,JADAVPUR _TX,42f21547-e070-4a94-a13d-d4f158e51fc1,true,10.123.138.19,0334365e-3c7e-4e0f-8547-33a673be10f6,,,,,true,2025-12-12 10:09:33.170629+00,2025-12-12 10:09:33.170629+00
97ea6130-0cc0-43aa-a5e9-ecb93b783054,944f170d-da50-41e6-9040-dea5f7bf9dfa,,42cd6bb1-697d-4093-82d6-88a7d6e3c87f,BADE HOOGHLY,3830d349-f4ce-4391-9796-111cbf942a6f,false,10.192.50.84,4bc2a086-b131-47e1-9c20-f10650c0196d,,,,,true,2025-12-07 14:47:08.64067+00,2025-12-07 14:47:43.400082+00
9993f03e-535c-4ae2-aea4-ac24d04caf30,7874595b-5650-477e-8d88-e4cedbe025e2,,41355205-b6db-4d38-bebf-9f0cf2998f64,JADAVPUR B2 Node 2,8e4dde01-4900-4fa5-a9e5-9b89bfe2663a,true,10.123.29.194,0334365e-3c7e-4e0f-8547-33a673be10f6,,,,,true,2025-12-07 14:47:08.756254+00,2025-12-07 14:47:08.756254+00
999bd946-0d06-435a-a5c0-270567d482a2,944f170d-da50-41e6-9040-dea5f7bf9dfa,,e0546d07-677e-475e-b145-1dbfbdeb30f1,HINDUSTAN MORE,3830d349-f4ce-4391-9796-111cbf942a6f,true,,4bc2a086-b131-47e1-9c20-f10650c0196d,,,,,true,2025-12-07 14:47:08.877594+00,2025-12-07 14:47:45.233579+00
9aa151f3-32a6-4c55-abe7-7ea65fa3ce31,944f170d-da50-41e6-9040-dea5f7bf9dfa,,9316bc95-e5b0-4e58-b16f-424662b14ac8,PRANA BORAL,3830d349-f4ce-4391-9796-111cbf942a6f,true,,4bc2a086-b131-47e1-9c20-f10650c0196d,,,,,true,2025-12-07 14:47:08.992868+00,2025-12-07 14:47:44.39076+00
9ae08f1a-b4fa-48db-a511-ffc5e786e82e,7874595b-5650-477e-8d88-e4cedbe025e2,,67d8974e-d6c7-4486-8cd7-d32876685437,KALIGHAT 1ST FLOOR NODE 4,42f21547-e070-4a94-a13d-d4f158e51fc1,true,10.123.25.100,93e3e63b-4426-4839-8d45-945a2f36dbfe,,,,,true,2025-12-11 06:45:27.187308+00,2025-12-11 06:45:27.187308+00
9cd28e45-f7dc-4935-8028-c69104d76d17,7874595b-5650-477e-8d88-e4cedbe025e2,,376e5b44-4294-4b61-a411-2df818899fd0,R K MISSION A1,42f21547-e070-4a94-a13d-d4f158e51fc1,false,10.123.138.230,4bc2a086-b131-47e1-9c20-f10650c0196d,,,,,true,2025-12-07 14:47:09.113425+00,2025-12-07 14:47:09.113425+00
9d747285-ac53-4b5a-87f4-7b971fbf1c48,a33ec7ee-b51c-4921-b0ec-bcf0caab3834,KO-KTD-C01-CE-9001,c12f8c89-13fa-4d09-933b-11defee72af7,CENTRAL C01/1,8be22dce-38be-47d4-a1cb-59749b7c9b07,true,10.127.0.4,eff6f022-3614-414a-aacf-2203fbd670f8,,,,,true,2025-12-07 14:47:09.235732+00,2025-12-07 14:47:46.52924+00
9eb634ec-30bb-4ef0-b58d-e73b9ab3dd26,7874595b-5650-477e-8d88-e4cedbe025e2,,859ee42c-40de-4e16-ac9b-084075953311,SHERWOOD NODE 2 A1,42f21547-e070-4a94-a13d-d4f158e51fc1,false,10.123.138.254,4bc2a086-b131-47e1-9c20-f10650c0196d,,,,,true,2025-12-07 14:47:09.358064+00,2025-12-07 14:47:09.358064+00
9ff5cb52-b691-459a-a32d-2767797d2f99,944f170d-da50-41e6-9040-dea5f7bf9dfa,,f8cf599c-f6af-4c1d-947b-a77910f0836d,SONARPUR TEGHARIA,3830d349-f4ce-4391-9796-111cbf942a6f,false,,4bc2a086-b131-47e1-9c20-f10650c0196d,,,,,true,2025-12-07 14:47:09.475958+00,2025-12-07 14:47:45.114997+00
a0bc27f3-d75e-4982-824c-433dbfe88aee,944f170d-da50-41e6-9040-dea5f7bf9dfa,,ff1282ff-ccbf-43f3-b4f3-345d233bec43,KALYANPUR CHANDIPUR,3830d349-f4ce-4391-9796-111cbf942a6f,false,,4bc2a086-b131-47e1-9c20-f10650c0196d,,,,,true,2025-12-07 14:47:09.590977+00,2025-12-07 14:47:43.646414+00
a27f575b-7267-4355-9b6b-6a4e3ee0bed4,a33ec7ee-b51c-4921-b0ec-bcf0caab3834,KO-KTD-B42-JD-8007,41355205-b6db-4d38-bebf-9f0cf2998f64,JADAVPUR B4(CAT2) /1,2efeaec3-25db-4e92-bb1b-0ce370547cd6,true,10.127.0.14,0334365e-3c7e-4e0f-8547-33a673be10f6,,,,,true,2025-12-07 14:47:09.705504+00,2025-12-09 15:51:00.628274+00
a2be7b37-e811-4e90-aff5-ffc7b2f3c672,fc077b05-1bfc-414c-9549-13b0f6d3e230,,aafe2bfb-6e18-4053-97b5-bf7fb9992fcb,KALYANPUR ADM16/R-135,7244eee4-00f5-4dd7-b4a0-3cbc37abe2eb,true,10.119.23.121,4bc2a086-b131-47e1-9c20-f10650c0196d,,,,,true,2025-12-07 14:47:09.822823+00,2025-12-07 14:47:42.90674+00
a2c86b2a-34b8-408f-bfe9-10d7278bee18,7874595b-5650-477e-8d88-e4cedbe025e2,,45f1a024-b36f-465a-8896-125399380cb6,HARINAVI A1,42f21547-e070-4a94-a13d-d4f158e51fc1,false,10.123.138.238,4bc2a086-b131-47e1-9c20-f10650c0196d,,,,,true,2025-12-07 14:47:09.943034+00,2025-12-07 14:47:09.943034+00
a3f1bd20-41d7-489a-ab31-dc8c3412e0f6,7874595b-5650-477e-8d88-e4cedbe025e2,,4655a834-c64f-48c8-90a0-6e4f9654acf1,BORAL A1,42f21547-e070-4a94-a13d-d4f158e51fc1,false,10.123.29.225,4bc2a086-b131-47e1-9c20-f10650c0196d,,,,,true,2025-12-07 14:47:10.058954+00,2025-12-07 14:47:10.058954+00
a5c0276a-d7d9-4bcd-aff6-f216b5f38fec,7874595b-5650-477e-8d88-e4cedbe025e2,,41e45185-102e-408f-86b0-285c8b2a411f,NARENDRAPUR KRISHNA A1,42f21547-e070-4a94-a13d-d4f158e51fc1,false,10.123.138.213,4bc2a086-b131-47e1-9c20-f10650c0196d,,,,,true,2025-12-07 14:47:10.176131+00,2025-12-07 14:47:10.176131+00
a7b79a60-b262-45cc-80df-fdba78f4201c,7874595b-5650-477e-8d88-e4cedbe025e2,,5123be70-eb5b-48a8-8ffa-4f3baa56cc19,TELEPHONE BHAWAN B2/05,8e4dde01-4900-4fa5-a9e5-9b89bfe2663a,false,10.123.142.1,69eca23a-9684-4043-b75b-507d317f74f6,,,,,true,2025-12-08 11:39:47.713429+00,2025-12-08 11:39:47.713429+00
a7bfb6e6-33c3-460f-8a62-e0b2c9226365,944f170d-da50-41e6-9040-dea5f7bf9dfa,,857fb335-66a4-4e7d-81aa-f8904e6b9633,SUBHASGRAM,3830d349-f4ce-4391-9796-111cbf942a6f,false,,4bc2a086-b131-47e1-9c20-f10650c0196d,,,,,true,2025-12-07 14:47:10.303291+00,2025-12-07 14:47:47.23898+00
a7f6ad1a-3f28-4498-92fe-46d8d17aec4c,fc077b05-1bfc-414c-9549-13b0f6d3e230,,69b3cd60-ce89-43b4-ac1f-4671fc02d081,SITAKUNDU ADM16/R-128,,true,10.119.23.66,,,,TEJAS,,true,2025-12-07 14:47:10.421329+00,2025-12-07 14:47:42.667076+00
a8611582-e981-4137-95a1-32e6b455e489,7874595b-5650-477e-8d88-e4cedbe025e2,,5ff68e3d-96c7-41b7-a27e-53823346640a,PIYALITOWN II A1,42f21547-e070-4a94-a13d-d4f158e51fc1,false,10.123.138.247,4bc2a086-b131-47e1-9c20-f10650c0196d,,,,,true,2025-12-07 14:47:10.53684+00,2025-12-07 14:47:10.53684+00
ab74d1ab-3c8e-4e6a-bf22-cf4d8ee2c270,944f170d-da50-41e6-9040-dea5f7bf9dfa,,dea33be8-45f3-4823-9366-654f63ba67f2,JOGIBARTALA,3830d349-f4ce-4391-9796-111cbf942a6f,true,,4bc2a086-b131-47e1-9c20-f10650c0196d,,,,,true,2025-12-07 14:47:10.647658+00,2025-12-07 14:47:43.522339+00
ad0f4e69-126d-4aa5-8f15-49dbd58b0899,944f170d-da50-41e6-9040-dea5f7bf9dfa,,7dd475ab-8a87-4d25-b9f3-a8c4d22f3ab3,BONHOOGHLY II,3830d349-f4ce-4391-9796-111cbf942a6f,false,,4bc2a086-b131-47e1-9c20-f10650c0196d,,,,,true,2025-12-07 14:47:10.764116+00,2025-12-07 14:47:10.764116+00
ad580737-fe2a-49d7-bfe5-070dccf7ffc9,944f170d-da50-41e6-9040-dea5f7bf9dfa,,4b2f4eb6-a531-4e55-ba6d-fffb7cc1257b,Sonarpur Bazar,3830d349-f4ce-4391-9796-111cbf942a6f,true,,4bc2a086-b131-47e1-9c20-f10650c0196d,,,,,true,2025-12-07 14:47:10.877938+00,2025-12-07 14:47:44.993076+00
adece788-5d2b-46d9-be36-7718ec18cf66,944f170d-da50-41e6-9040-dea5f7bf9dfa,,8f06599e-fe3e-4717-b0ea-4fa6ccdb8ea6,BARUIPUR DUTTAPARA,3830d349-f4ce-4391-9796-111cbf942a6f,true,,4bc2a086-b131-47e1-9c20-f10650c0196d,,,,,true,2025-12-07 14:47:10.99093+00,2025-12-07 14:47:46.301738+00
adf8c208-c8a2-4ca6-9d62-e315d6ebabc1,7874595b-5650-477e-8d88-e4cedbe025e2,,8ad723eb-6da3-4475-8ffb-3afde808fe07,FIEM A1,42f21547-e070-4a94-a13d-d4f158e51fc1,false,10.123.138.228,4bc2a086-b131-47e1-9c20-f10650c0196d,,,,,true,2025-12-07 14:47:11.115012+00,2025-12-07 14:47:11.115012+00
ae97052b-d654-4263-8c36-0bbc79e35ca2,944f170d-da50-41e6-9040-dea5f7bf9dfa,,25b76a23-db94-43ae-a7bc-aed8a0a84f2d,BRAHMAPUR,3830d349-f4ce-4391-9796-111cbf942a6f,false,,4bc2a086-b131-47e1-9c20-f10650c0196d,,,,,true,2025-12-07 14:47:11.238046+00,2025-12-07 14:47:11.238046+00
aeaa5039-acbc-4937-9ce3-db84570f04b3,944f170d-da50-41e6-9040-dea5f7bf9dfa,,6ba14c85-b2bc-4b8c-899b-40b09da2fffb,BORAL NATUNHAT,3830d349-f4ce-4391-9796-111cbf942a6f,false,,4bc2a086-b131-47e1-9c20-f10650c0196d,,,,,true,2025-12-07 14:47:11.357991+00,2025-12-07 14:47:11.357991+00
aeac68ee-3ba8-40f4-acc7-e0a119af6b13,944f170d-da50-41e6-9040-dea5f7bf9dfa,,48f0b92e-bd96-4ae6-bc13-6a94ecc754c5,BARUIPUR (NIRALA ROAD),3830d349-f4ce-4391-9796-111cbf942a6f,false,,4bc2a086-b131-47e1-9c20-f10650c0196d,,,,,true,2025-12-07 14:47:11.476161+00,2025-12-07 14:47:46.064633+00
af14cf31-5575-46c2-89dc-2378cbc7f2aa,944f170d-da50-41e6-9040-dea5f7bf9dfa,,25fefca1-ae6f-4e01-8051-087a94373b9d,BARUIPUR RAIL CROSSING,3830d349-f4ce-4391-9796-111cbf942a6f,true,,4bc2a086-b131-47e1-9c20-f10650c0196d,,,,,true,2025-12-07 14:47:11.588708+00,2025-12-07 14:47:43.782591+00
af1cabd1-238b-4bca-bae4-5acdf839438f,7874595b-5650-477e-8d88-e4cedbe025e2,,41355205-b6db-4d38-bebf-9f0cf2998f64,JADAVPUR B2,8e4dde01-4900-4fa5-a9e5-9b89bfe2663a,true,10.123.138.11,0334365e-3c7e-4e0f-8547-33a673be10f6,,,,,true,2025-12-07 14:47:11.703624+00,2025-12-07 14:47:11.703624+00
b057a5ce-0436-402f-90c6-b30d2f4ef00a,a33ec7ee-b51c-4921-b0ec-bcf0caab3834,KO-KTD-B32-BR-6005,b5bfbef5-356c-499b-ad2b-351b7ed6a845,BARUIPUR B3(CAT2) /1,ce06f9b7-02e7-4741-8911-46cf1f47ffdd,true,10.127.0.81,4bc2a086-b131-47e1-9c20-f10650c0196d,,Part #-140-SKU000118-P S/N- AA-0924-29-4673,,,true,2025-12-07 14:47:11.818586+00,2025-12-09 15:44:45.975286+00
b0827788-de6c-4dd2-8b83-fd7f4740d041,944f170d-da50-41e6-9040-dea5f7bf9dfa,,e0207dd8-654c-4f4e-b103-c6def421d81b,Narendrapur BSC,3830d349-f4ce-4391-9796-111cbf942a6f,false,,4bc2a086-b131-47e1-9c20-f10650c0196d,,,,,true,2025-12-07 14:47:11.931456+00,2025-12-07 14:47:44.51123+00
b0d33f05-53e2-41ce-91d3-24722b16898c,7874595b-5650-477e-8d88-e4cedbe025e2,,41355205-b6db-4d38-bebf-9f0cf2998f64,JADAVPUR B2 GNE,8e4dde01-4900-4fa5-a9e5-9b89bfe2663a,true,10.123.29.193,0334365e-3c7e-4e0f-8547-33a673be10f6,,,,,true,2025-12-13 09:30:46.163825+00,2025-12-13 09:30:46.163825+00
b14679df-e339-404e-a587-c13eeb4d2d02,944f170d-da50-41e6-9040-dea5f7bf9dfa,,70f7d909-f8b0-4171-a67b-6df6ffc170af,Mission Pally,3830d349-f4ce-4391-9796-111cbf942a6f,true,,4bc2a086-b131-47e1-9c20-f10650c0196d,,,,,true,2025-12-07 14:47:12.052892+00,2025-12-07 14:47:45.114997+00
b1567042-0433-4427-bf47-9843793f7b8f,944f170d-da50-41e6-9040-dea5f7bf9dfa,,9739d90e-5a6f-437c-9dcc-9a94833942cc,Mathurapur Juba Sangha Club,3830d349-f4ce-4391-9796-111cbf942a6f,false,10.192.50.53,4bc2a086-b131-47e1-9c20-f10650c0196d,,,,,true,2025-12-07 14:47:12.167479+00,2025-12-07 14:47:44.747411+00
b1838732-4e50-41d8-8793-46722d14e220,944f170d-da50-41e6-9040-dea5f7bf9dfa,,e96946bc-5db3-44cb-a1a3-22e33ae39c64,SREEKHANDA KALVART,3830d349-f4ce-4391-9796-111cbf942a6f,false,,4bc2a086-b131-47e1-9c20-f10650c0196d,,,,,true,2025-12-07 14:47:12.287269+00,2025-12-07 14:47:44.993076+00
b258435d-5ff8-4731-aaa1-21bf3fe28b76,fc077b05-1bfc-414c-9549-13b0f6d3e230,,41355205-b6db-4d38-bebf-9f0cf2998f64,JADAVPUR ADM16/R-137,7244eee4-00f5-4dd7-b4a0-3cbc37abe2eb,true,10.119.23.131,0334365e-3c7e-4e0f-8547-33a673be10f6,,,TEJAS,,true,2025-12-07 14:47:12.404002+00,2025-12-07 14:47:43.158049+00
b3a4f0ae-ac34-44c4-a9fa-deaf4595e625,944f170d-da50-41e6-9040-dea5f7bf9dfa,,d3be4972-e0dd-4dd7-9df6-16a1ed995d5d,SONARPUR,3830d349-f4ce-4391-9796-111cbf942a6f,true,,4bc2a086-b131-47e1-9c20-f10650c0196d,,,,,true,2025-12-07 14:47:12.51919+00,2025-12-07 14:47:45.597168+00
b6f14e2b-11a4-46c9-96eb-c41d9564bcb3,7874595b-5650-477e-8d88-e4cedbe025e2,,6c3d8bf8-006a-4230-8efe-c5343b7ac9c1,BRAHMAPUR B1,3beb3ea2-55a4-48da-a7fa-f7c9ccf7de79,false,10.123.138.203,4bc2a086-b131-47e1-9c20-f10650c0196d,,,,,true,2025-12-07 14:47:12.637354+00,2025-12-07 14:47:12.637354+00
b72ea367-47e2-4cb6-af57-75fdbefa7cba,7874595b-5650-477e-8d88-e4cedbe025e2,,67d8974e-d6c7-4486-8cd7-d32876685437,KALIGHAT B2,8e4dde01-4900-4fa5-a9e5-9b89bfe2663a,true,10.123.138.65,93e3e63b-4426-4839-8d45-945a2f36dbfe,,,,,true,2025-12-07 14:47:12.756404+00,2025-12-07 14:47:12.756404+00
b7f9f690-f598-4f2f-9810-4ec0538180ba,944f170d-da50-41e6-9040-dea5f7bf9dfa,,9ce5929c-3cb3-401f-abe5-7bd9e73db778,KHODAR BAZAR,3830d349-f4ce-4391-9796-111cbf942a6f,false,,4bc2a086-b131-47e1-9c20-f10650c0196d,,,,,true,2025-12-07 14:47:12.872888+00,2025-12-07 14:47:46.064633+00
b98e3bec-f1a3-4702-a11d-519b1e480f8f,7874595b-5650-477e-8d88-e4cedbe025e2,,4dd05c04-dddb-44df-ab90-0b95b3ee5f11,SONARPUR A1,42f21547-e070-4a94-a13d-d4f158e51fc1,false,10.123.138.227,4bc2a086-b131-47e1-9c20-f10650c0196d,,,,,true,2025-12-07 14:47:12.994323+00,2025-12-07 14:47:12.994323+00
bacfafe1-1363-45a5-901d-7a6ce371eb70,944f170d-da50-41e6-9040-dea5f7bf9dfa,,38f528b7-306d-4627-a2bc-775b2e01d01f,MANDALPADA,d4e86fd7-22f0-4ffd-87d8-d360e0fac83b,false,,4bc2a086-b131-47e1-9c20-f10650c0196d,,,,,true,2025-12-07 14:47:13.108803+00,2025-12-07 14:47:46.064633+00
bb330c9b-0ecf-4f86-bcd4-04c4c113d77a,944f170d-da50-41e6-9040-dea5f7bf9dfa,,ceb6e548-ad55-432c-83b2-08774b3fa530,BORAL MAJHERPARA,3830d349-f4ce-4391-9796-111cbf942a6f,true,,4bc2a086-b131-47e1-9c20-f10650c0196d,,,,,true,2025-12-07 14:47:13.226573+00,2025-12-07 14:47:45.478981+00
bb71199b-d9ec-43eb-b3b4-7169add241b7,944f170d-da50-41e6-9040-dea5f7bf9dfa,,fb43768d-1aa6-4e20-892a-8e153a83350d,GARIA BOALIA,3830d349-f4ce-4391-9796-111cbf942a6f,false,,4bc2a086-b131-47e1-9c20-f10650c0196d,,,,,true,2025-12-07 14:47:13.339943+00,2025-12-07 14:47:13.339943+00
bcdf5f9c-2a10-4ce3-8ad4-031bc42dacbb,7874595b-5650-477e-8d88-e4cedbe025e2,,c138183e-c7e4-490b-94fe-8bf5ba7af699,TBZ_9TH_B2,8e4dde01-4900-4fa5-a9e5-9b89bfe2663a,true,10.123.141.132,3ea19950-a073-432c-8535-43630aeb1e5e,,,,,true,2025-12-11 08:18:57.955026+00,2025-12-11 08:18:57.955026+00
c15780e5-6039-494d-993d-dced5d450390,7874595b-5650-477e-8d88-e4cedbe025e2,,45f1a024-b36f-465a-8896-125399380cb6,HARINAVI NODE 2 A1,42f21547-e070-4a94-a13d-d4f158e51fc1,false,10.123.138.245,4bc2a086-b131-47e1-9c20-f10650c0196d,,,,,true,2025-12-07 14:47:13.469687+00,2025-12-07 14:47:13.469687+00
c239fcfe-3e7f-4f7d-804e-069820b4bc00,7874595b-5650-477e-8d88-e4cedbe025e2,,45f1a024-b36f-465a-8896-125399380cb6,HARINAVI NODE 5 A1,42f21547-e070-4a94-a13d-d4f158e51fc1,false,10.123.138.225,4bc2a086-b131-47e1-9c20-f10650c0196d,,,,,true,2025-12-07 14:47:13.598359+00,2025-12-07 14:47:13.598359+00
c367e4e9-9f13-40ab-a660-245e732de714,944f170d-da50-41e6-9040-dea5f7bf9dfa,,f7181c00-099b-4239-aeeb-e9f9c1605b12,SUBHASGRAM PANCHGHARA,3830d349-f4ce-4391-9796-111cbf942a6f,false,,4bc2a086-b131-47e1-9c20-f10650c0196d,,,,,true,2025-12-07 14:47:13.708302+00,2025-12-07 14:47:13.708302+00
c4078cd7-9b21-44c3-ae67-f280d03122cd,944f170d-da50-41e6-9040-dea5f7bf9dfa,,296383f0-9826-45cf-8934-b5312fedf472,GARIA KANDARPUR SAHAPARA,3830d349-f4ce-4391-9796-111cbf942a6f,true,,4bc2a086-b131-47e1-9c20-f10650c0196d,,,,,true,2025-12-07 14:47:13.826284+00,2025-12-07 14:47:45.94771+00
c53cb398-c968-4f8f-a6e5-8ea8c33b1c5a,7874595b-5650-477e-8d88-e4cedbe025e2,,aeaa6688-ca5f-4a9d-9d72-28ac13063d15,BARENDRAPARA A1,42f21547-e070-4a94-a13d-d4f158e51fc1,false,10.123.138.249,4bc2a086-b131-47e1-9c20-f10650c0196d,,,,,true,2025-12-07 14:47:13.973031+00,2025-12-07 14:47:13.973031+00
c5db764c-f5d3-4c8f-aaa3-05a095ea008f,7874595b-5650-477e-8d88-e4cedbe025e2,,45f1a024-b36f-465a-8896-125399380cb6,HARINAVI  NODE 7 A1,42f21547-e070-4a94-a13d-d4f158e51fc1,false,10.123.138.253,4bc2a086-b131-47e1-9c20-f10650c0196d,,,,,true,2025-12-07 14:47:14.084381+00,2025-12-07 14:47:14.084381+00
c7118bd1-0437-49ad-81a1-5ba3c2a844aa,944f170d-da50-41e6-9040-dea5f7bf9dfa,,93d9b329-2382-443a-949d-ba8225db474c,MALANCHA_CHANDPUR,3830d349-f4ce-4391-9796-111cbf942a6f,true,,4bc2a086-b131-47e1-9c20-f10650c0196d,,,,,true,2025-12-07 14:47:14.20442+00,2025-12-07 14:47:44.151028+00
c85c46bc-8cb3-44b5-91fe-38edd869302f,944f170d-da50-41e6-9040-dea5f7bf9dfa,,3de9b5ea-9107-4cf9-82fa-cdc64498c89c,A.P NAGAR,3830d349-f4ce-4391-9796-111cbf942a6f,true,10.192.49.234,4bc2a086-b131-47e1-9c20-f10650c0196d,,,,,true,2025-12-07 14:47:14.322513+00,2025-12-07 14:47:44.993076+00
ca1f33ec-f4b7-40bf-9489-f88ad877d980,944f170d-da50-41e6-9040-dea5f7bf9dfa,,5ff68e3d-96c7-41b7-a27e-53823346640a,PIYALI TOWN-2,3830d349-f4ce-4391-9796-111cbf942a6f,true,,4bc2a086-b131-47e1-9c20-f10650c0196d,,,,,true,2025-12-07 14:47:14.435295+00,2025-12-07 14:47:44.030013+00
cc10c623-5c3f-417e-ae3f-4c3b7d2d21d7,7874595b-5650-477e-8d88-e4cedbe025e2,,5123be70-eb5b-48a8-8ffa-4f3baa56cc19,TELEPHONE BHAWAN 5TH FLOOR B2,8e4dde01-4900-4fa5-a9e5-9b89bfe2663a,true,10.123.142.66,69eca23a-9684-4043-b75b-507d317f74f6,,,,,true,2025-12-10 06:06:02.474247+00,2025-12-10 06:06:02.474247+00
ce047b30-33c8-425b-b500-5b33e043bf9c,7874595b-5650-477e-8d88-e4cedbe025e2,,4dd05c04-dddb-44df-ab90-0b95b3ee5f11,SONARPUR B1,3beb3ea2-55a4-48da-a7fa-f7c9ccf7de79,false,10.123.138.199,4bc2a086-b131-47e1-9c20-f10650c0196d,,,,,true,2025-12-07 14:47:14.551592+00,2025-12-07 14:47:14.551592+00
ce4a9b80-061f-4a97-94b2-121feba276ef,fc077b05-1bfc-414c-9549-13b0f6d3e230,,45f1a024-b36f-465a-8896-125399380cb6,HARINAVI ADM16/R-131,,true,192.170.1.131,,,,TEJAS,,true,2025-12-07 14:47:14.668322+00,2025-12-07 14:47:42.787796+00
ce908a6a-5a95-4bed-9342-a5896b85d6ab,7874595b-5650-477e-8d88-e4cedbe025e2,,a9ca2596-ae80-4c6b-92f1-b197e98dcaea,BAISHNABGHATA A1,42f21547-e070-4a94-a13d-d4f158e51fc1,true,10.123.138.23,0334365e-3c7e-4e0f-8547-33a673be10f6,,,,,true,2025-12-15 12:08:57.491995+00,2025-12-15 12:08:57.491995+00
d1f078cd-79aa-4c1a-a94a-5fb55d587025,fc077b05-1bfc-414c-9549-13b0f6d3e230,,45f1a024-b36f-465a-8896-125399380cb6,HARINAVI ADM16/R-135,7244eee4-00f5-4dd7-b4a0-3cbc37abe2eb,true,192.170.1.135,4bc2a086-b131-47e1-9c20-f10650c0196d,,,,,true,2025-12-07 14:47:14.785984+00,2025-12-07 14:47:42.90674+00
d4e5ffca-ba06-4b20-9cd6-438763c636c1,944f170d-da50-41e6-9040-dea5f7bf9dfa,,bea08e9f-79b4-43dd-8515-c57d82c2e1ee,MAHINAGAR,3830d349-f4ce-4391-9796-111cbf942a6f,true,,4bc2a086-b131-47e1-9c20-f10650c0196d,,,,,true,2025-12-07 14:47:14.921559+00,2025-12-07 14:47:43.400082+00
d7a4479f-4dd9-4b95-a9f6-00876b3e67ad,7874595b-5650-477e-8d88-e4cedbe025e2,,781a30c9-f5db-4af4-ac1d-f279ad2eff80,HHC A1,42f21547-e070-4a94-a13d-d4f158e51fc1,false,10.123.138.46,4bc2a086-b131-47e1-9c20-f10650c0196d,,,,,true,2025-12-07 14:47:15.034829+00,2025-12-07 14:47:15.034829+00
d82406df-e63c-426a-b9df-149643bf9568,fc077b05-1bfc-414c-9549-13b0f6d3e230,,41355205-b6db-4d38-bebf-9f0cf2998f64,JADAVPUR ADM16/R-136,7244eee4-00f5-4dd7-b4a0-3cbc37abe2eb,true,10.119.23.131,0334365e-3c7e-4e0f-8547-33a673be10f6,,,TEJAS,,true,2025-12-07 14:47:15.153719+00,2025-12-07 14:47:43.035212+00
d894e801-d50d-4391-8f1d-710cc219149b,fc077b05-1bfc-414c-9549-13b0f6d3e230,,09fa1396-5351-4c2b-a049-61e771f054c1,GARIA ADM16/R-137,7244eee4-00f5-4dd7-b4a0-3cbc37abe2eb,true,10.119.23.131,0334365e-3c7e-4e0f-8547-33a673be10f6,,,TEJAS,,true,2025-12-07 14:47:15.294226+00,2025-12-07 14:47:43.158049+00
d936b53e-7ccb-4319-9e56-8bd072b9b257,7874595b-5650-477e-8d88-e4cedbe025e2,,859ee42c-40de-4e16-ac9b-084075953311,SHERWOOD A1,42f21547-e070-4a94-a13d-d4f158e51fc1,false,10.123.138.231,4bc2a086-b131-47e1-9c20-f10650c0196d,,,,,true,2025-12-07 14:47:15.430177+00,2025-12-07 14:47:15.430177+00
d9e00379-f20b-470d-a83f-be40c8f77d2c,7874595b-5650-477e-8d88-e4cedbe025e2,,54bc2231-880b-4ba6-ba6e-4d3cb594052b,AP NAGAR B1,3beb3ea2-55a4-48da-a7fa-f7c9ccf7de79,false,10.123.138.198,4bc2a086-b131-47e1-9c20-f10650c0196d,,,,,true,2025-12-07 14:47:15.56229+00,2025-12-07 14:47:15.56229+00
d9fee8ce-68af-4ed2-b5f5-8fea028b1853,a33ec7ee-b51c-4921-b0ec-bcf0caab3834,KO-KTD-C01-KG-9007,abfa36d3-d0ed-486e-8f97-62651f7a9b9e,KAMALGAZI A3(CAT2) /1,b63e879c-6b09-402f-8958-a45a023e4339,true,10.127.0.75,4bc2a086-b131-47e1-9c20-f10650c0196d,,Part #-140-SKU000111-P S/N- AA-0924-29-5108,,,true,2025-12-07 14:47:15.683572+00,2025-12-09 15:53:05.453432+00
da09b4f7-7396-495a-9d6e-a03abe0605eb,a33ec7ee-b51c-4921-b0ec-bcf0caab3834,KO-KTD-A41-GA-3002,09fa1396-5351-4c2b-a049-61e771f054c1,GARIA A4(CAT1) /1,b63e879c-6b09-402f-8958-a45a023e4339,true,10.127.0.79,0334365e-3c7e-4e0f-8547-33a673be10f6,,,,,true,2025-12-07 14:47:15.802584+00,2025-12-09 15:49:08.042492+00
dd6b2686-0d45-4bc7-97ff-8da1cf1ae118,7874595b-5650-477e-8d88-e4cedbe025e2,,badf80cb-ccc2-47f9-8dc4-82e32733b251,GOBINDAPUR B2,8e4dde01-4900-4fa5-a9e5-9b89bfe2663a,false,10.123.138.195,4bc2a086-b131-47e1-9c20-f10650c0196d,,,,,true,2025-12-07 14:47:15.930867+00,2025-12-07 14:47:15.930867+00
de8da964-8465-4374-9251-fe05a8b0ed84,944f170d-da50-41e6-9040-dea5f7bf9dfa,,41e45185-102e-408f-86b0-285c8b2a411f,NARENDRAPUR,3830d349-f4ce-4391-9796-111cbf942a6f,true,,4bc2a086-b131-47e1-9c20-f10650c0196d,,,,,true,2025-12-07 14:47:16.064762+00,2025-12-07 14:47:44.51123+00
df1a8d8a-ba20-4d38-8f44-a126c45b454d,944f170d-da50-41e6-9040-dea5f7bf9dfa,,dea39efc-21b8-4bf1-9254-f53c958b6378,Baruipur Madarhat II,3830d349-f4ce-4391-9796-111cbf942a6f,true,,4bc2a086-b131-47e1-9c20-f10650c0196d,,,,,true,2025-12-07 14:47:16.179966+00,2025-12-07 14:47:46.301738+00
dfe3df4c-9148-4e29-be60-ad7d269d6714,fc077b05-1bfc-414c-9549-13b0f6d3e230,,781a30c9-f5db-4af4-ac1d-f279ad2eff80,HHC ADM16/R-136,7244eee4-00f5-4dd7-b4a0-3cbc37abe2eb,true,10.119.23.128,4bc2a086-b131-47e1-9c20-f10650c0196d,,,,,true,2025-12-07 14:47:16.304091+00,2025-12-07 14:47:43.035212+00
e163b176-b183-409a-b426-5b67f954d227,944f170d-da50-41e6-9040-dea5f7bf9dfa,,a591e8fb-a657-4146-866e-5553edf6681a,FARTABAD,3830d349-f4ce-4391-9796-111cbf942a6f,true,,4bc2a086-b131-47e1-9c20-f10650c0196d,,,,,true,2025-12-07 14:47:16.424203+00,2025-12-07 14:47:45.233579+00
e24cabae-f418-440b-9770-0823b28aed30,944f170d-da50-41e6-9040-dea5f7bf9dfa,,53de6111-6a9e-4106-8244-15138a8c7aad,FARTABAD GHOSH PARA,3830d349-f4ce-4391-9796-111cbf942a6f,false,,4bc2a086-b131-47e1-9c20-f10650c0196d,,,,,true,2025-12-07 14:47:16.547182+00,2025-12-07 14:47:16.547182+00
e32f26aa-e927-4850-bf96-ea92299965b5,7874595b-5650-477e-8d88-e4cedbe025e2,,15f65398-ee89-47bc-92e0-5c2fd4eaeb1a,NATUNPALLY A1,42f21547-e070-4a94-a13d-d4f158e51fc1,false,10.123.138.237,4bc2a086-b131-47e1-9c20-f10650c0196d,,,,,true,2025-12-07 14:47:16.676517+00,2025-12-07 14:47:16.676517+00
e3a82031-29e8-4313-b0a3-9728404b0882,944f170d-da50-41e6-9040-dea5f7bf9dfa,,a82a31fd-1a34-4df5-ba67-f51291a81fc4,RAJPUR CHANDIBARI,3830d349-f4ce-4391-9796-111cbf942a6f,true,,4bc2a086-b131-47e1-9c20-f10650c0196d,,,,,true,2025-12-07 14:47:16.792696+00,2025-12-07 14:47:45.356446+00
e438b03f-4106-41ff-98f4-3c8ec4e5e26b,7874595b-5650-477e-8d88-e4cedbe025e2,,5a550395-e1e4-4161-a434-82b0c1d08a7c,RUSSA_KAKULIA,42f21547-e070-4a94-a13d-d4f158e51fc1,true,10.123.138.25,531eaa28-9cd7-49c2-bd19-01a6fdf4bc32,,,,,true,2025-12-15 11:35:35.279938+00,2025-12-15 11:35:35.279938+00
e5619dc9-a59c-4046-86d5-9d34c5de70c7,a33ec7ee-b51c-4921-b0ec-bcf0caab3834,KO-KTD-A32-AM-2023,45fa1779-4232-476e-beb3-74becf4cbc95,Amtala Rou A3(CAT2) /1,b63e879c-6b09-402f-8958-a45a023e4339,true,10.127.0.71,e6222b47-7f08-4ff1-8c75-86b6b5b0a648,,,,,true,2025-12-07 14:47:16.912159+00,2025-12-09 15:45:54.407314+00
e5983941-e8d1-45a7-991e-79da980e56af,fc077b05-1bfc-414c-9549-13b0f6d3e230,,a9ca2596-ae80-4c6b-92f1-b197e98dcaea,BAISHNABGHATA ADM16/R-136,7244eee4-00f5-4dd7-b4a0-3cbc37abe2eb,true,10.119.23.130,0334365e-3c7e-4e0f-8547-33a673be10f6,,,,,true,2025-12-07 14:47:17.026102+00,2025-12-07 14:47:43.035212+00
e7b0eb37-81c9-4d4e-aa42-a729986916f2,944f170d-da50-41e6-9040-dea5f7bf9dfa,,6d0564ba-aa3b-4cf9-bbfa-53b264d452f1,FARTABAD ROAD,3830d349-f4ce-4391-9796-111cbf942a6f,false,,4bc2a086-b131-47e1-9c20-f10650c0196d,,,,,true,2025-12-07 14:47:17.145133+00,2025-12-07 14:47:17.145133+00
e901151a-6be4-4c60-83ad-f235d5e661a0,7874595b-5650-477e-8d88-e4cedbe025e2,,b5bfbef5-356c-499b-ad2b-351b7ed6a845,BARUIPUR BDO OFFICE A1,42f21547-e070-4a94-a13d-d4f158e51fc1,false,10.123.138.212,4bc2a086-b131-47e1-9c20-f10650c0196d,,,,,true,2025-12-07 14:47:17.26275+00,2025-12-07 14:47:17.26275+00
e926410c-e258-44f2-96c2-53c66a0ed5a1,944f170d-da50-41e6-9040-dea5f7bf9dfa,,f949405f-472a-4a3b-bc79-8b4b18296212,MAHINAGAR II,3830d349-f4ce-4391-9796-111cbf942a6f,false,,4bc2a086-b131-47e1-9c20-f10650c0196d,,,,,true,2025-12-07 14:47:17.382334+00,2025-12-07 14:47:43.522339+00
eb2d1247-a6c1-49a4-a3c5-a2438ec6ea3b,944f170d-da50-41e6-9040-dea5f7bf9dfa,,f7a8effa-cc27-4cc9-9afd-d587f225f8e2,SONARPUR GHASIARA,3830d349-f4ce-4391-9796-111cbf942a6f,true,,4bc2a086-b131-47e1-9c20-f10650c0196d,,,,,true,2025-12-07 14:47:17.502114+00,2025-12-07 14:47:44.866908+00
ec2e0bde-c011-4c3b-a5c6-39e88a106dc0,944f170d-da50-41e6-9040-dea5f7bf9dfa,,f35ad33a-eff2-466d-b759-62c1d36d4905,Rajpur Nandannagar,3830d349-f4ce-4391-9796-111cbf942a6f,true,,4bc2a086-b131-47e1-9c20-f10650c0196d,,,,,true,2025-12-07 14:47:17.621187+00,2025-12-07 14:47:45.356446+00
ec64ac2b-f434-42f8-88f4-251dba27e0e9,a33ec7ee-b51c-4921-b0ec-bcf0caab3834,KO-KTD-A42-RK-4001,ee2ea175-88c4-4021-bca9-f7814388d574,RANIKUTI A4(CAT2) /1,b63e879c-6b09-402f-8958-a45a023e4339,true,10.127.0.80,0334365e-3c7e-4e0f-8547-33a673be10f6,,,,,true,2025-12-07 14:47:17.740051+00,2025-12-09 15:53:52.788997+00
ed6772d2-b36f-46b8-8dc9-09aaada605be,944f170d-da50-41e6-9040-dea5f7bf9dfa,,6f41170b-1bdb-4007-98a4-a5f7cd1ab418,BARUIPUR MADARHAT,3830d349-f4ce-4391-9796-111cbf942a6f,true,,4bc2a086-b131-47e1-9c20-f10650c0196d,,,,,true,2025-12-07 14:47:17.863417+00,2025-12-07 14:47:46.301738+00
ee62bb41-c220-4d47-b866-d8ab2e00caf0,944f170d-da50-41e6-9040-dea5f7bf9dfa,,b1ba7120-8b78-4897-b040-faa5e5620c96,SHALIMAR CHEMICAL,3830d349-f4ce-4391-9796-111cbf942a6f,true,,4bc2a086-b131-47e1-9c20-f10650c0196d,,,,,true,2025-12-07 14:47:17.983679+00,2025-12-07 14:47:44.51123+00
eecca086-c25f-4671-afa5-131b7b9352e3,7874595b-5650-477e-8d88-e4cedbe025e2,,b1ba7120-8b78-4897-b040-faa5e5620c96,SHALIMAR CHEMICAL A1,42f21547-e070-4a94-a13d-d4f158e51fc1,false,10.123.138.214,4bc2a086-b131-47e1-9c20-f10650c0196d,,,,,true,2025-12-07 14:47:18.107599+00,2025-12-07 14:47:18.107599+00
ef792087-9cee-4e86-aed4-6fa115669245,fc077b05-1bfc-414c-9549-13b0f6d3e230,,4655a834-c64f-48c8-90a0-6e4f9654acf1,BORAL ADM16/R-137,7244eee4-00f5-4dd7-b4a0-3cbc37abe2eb,true,10.119.23.114,4bc2a086-b131-47e1-9c20-f10650c0196d,,,TEJAS,,true,2025-12-07 14:47:18.222671+00,2025-12-07 14:47:43.158049+00
efd1f9dd-3073-48b8-8003-ed5ad269ed83,7874595b-5650-477e-8d88-e4cedbe025e2,,8e78e99f-5b42-40a3-b542-d6682b30392d,BEHALA NODE 2,42f21547-e070-4a94-a13d-d4f158e51fc1,true,10.123.136.39,e6222b47-7f08-4ff1-8c75-86b6b5b0a648,,,,,true,2025-12-11 06:23:46.152474+00,2025-12-11 06:23:46.152474+00
f0a7f4dd-4c5f-4a0a-b11e-a7460b85c6e6,944f170d-da50-41e6-9040-dea5f7bf9dfa,,77404e58-8249-4cd1-b031-0bcdfa97b941,MALLICKPUR II,3830d349-f4ce-4391-9796-111cbf942a6f,false,,4bc2a086-b131-47e1-9c20-f10650c0196d,,,,,true,2025-12-07 14:47:18.345427+00,2025-12-07 14:47:18.345427+00
f3c35045-7ae4-4f84-92fa-4e3adad52686,7874595b-5650-477e-8d88-e4cedbe025e2,,b5bfbef5-356c-499b-ad2b-351b7ed6a845,BARUIPUR B1,3beb3ea2-55a4-48da-a7fa-f7c9ccf7de79,false,10.123.138.196,4bc2a086-b131-47e1-9c20-f10650c0196d,,,,,true,2025-12-07 14:47:18.463172+00,2025-12-07 14:47:18.463172+00
f3e42d50-7a25-45db-bb84-d92ca037eba6,a33ec7ee-b51c-4921-b0ec-bcf0caab3834,KO-KTD-A32-JU-2025,f9ff6e66-4926-4fda-a275-9671f294e925,JULPIA A3(CAT2) /1,b63e879c-6b09-402f-8958-a45a023e4339,true,10.127.0.73,e6222b47-7f08-4ff1-8c75-86b6b5b0a648,,,,,true,2025-12-07 14:47:18.587392+00,2025-12-09 15:52:28.479391+00
f41b9b38-2e8b-426c-b591-0c865830ac4d,fc077b05-1bfc-414c-9549-13b0f6d3e230,,376e5b44-4294-4b61-a411-2df818899fd0,MISSION ADM16/R-131,,true,10.119.23.112,,,,TEJAS,,true,2025-12-07 14:47:18.701875+00,2025-12-07 14:47:42.787796+00
f4200d7f-c7cc-46fc-9341-bfcea66fe4a7,944f170d-da50-41e6-9040-dea5f7bf9dfa,,42c2c9fd-b5bb-408e-a94a-2e1b0b145177,Narendrapur Station,3830d349-f4ce-4391-9796-111cbf942a6f,false,,4bc2a086-b131-47e1-9c20-f10650c0196d,,,,,true,2025-12-07 14:47:18.821112+00,2025-12-07 14:47:45.94771+00
f48c22d7-e745-4a15-886a-b0e962071ce7,7874595b-5650-477e-8d88-e4cedbe025e2,,f9ff6e66-4926-4fda-a275-9671f294e925,JULPIA B1,3beb3ea2-55a4-48da-a7fa-f7c9ccf7de79,true,10.123.136.3,e6222b47-7f08-4ff1-8c75-86b6b5b0a648,,,,,true,2025-12-11 06:14:35.468177+00,2025-12-11 06:14:35.468177+00
f4cadc29-e429-47be-9c5a-73838734809c,7874595b-5650-477e-8d88-e4cedbe025e2,,c138183e-c7e4-490b-94fe-8bf5ba7af699,TBZ_10.123.25.134 B2,8e4dde01-4900-4fa5-a9e5-9b89bfe2663a,true,10.123.25.134,3ea19950-a073-432c-8535-43630aeb1e5e,,,,,true,2025-12-11 07:31:34.596386+00,2025-12-11 07:31:34.596386+00
f531e5c1-0228-44c3-a1c6-bc4ba1127bee,944f170d-da50-41e6-9040-dea5f7bf9dfa,,abfa36d3-d0ed-486e-8f97-62651f7a9b9e,KAMALGAZI,3830d349-f4ce-4391-9796-111cbf942a6f,true,,4bc2a086-b131-47e1-9c20-f10650c0196d,,,,,true,2025-12-07 14:47:18.950141+00,2025-12-07 14:47:45.94771+00
f551aa93-c82b-4883-b498-c39e8c2bf327,7874595b-5650-477e-8d88-e4cedbe025e2,,286ec15e-6eee-488e-9fd8-16b7fb859853,BARUIPUR STATION BAZAR NODE 2 A1,42f21547-e070-4a94-a13d-d4f158e51fc1,false,10.123.138.243,4bc2a086-b131-47e1-9c20-f10650c0196d,,,,,true,2025-12-07 14:47:19.062106+00,2025-12-07 14:47:19.062106+00
f96417b1-fa0d-4892-9ec5-013448e933ce,944f170d-da50-41e6-9040-dea5f7bf9dfa,,aeaa6688-ca5f-4a9d-9d72-28ac13063d15,BARENDRA PARA,3830d349-f4ce-4391-9796-111cbf942a6f,true,,4bc2a086-b131-47e1-9c20-f10650c0196d,,,,,true,2025-12-07 14:47:19.184004+00,2025-12-07 14:47:44.632567+00
f9fafe4e-cd78-4d47-ba73-80764c430a7e,7874595b-5650-477e-8d88-e4cedbe025e2,,b5bfbef5-356c-499b-ad2b-351b7ed6a845,BARUIPUR A1,42f21547-e070-4a94-a13d-d4f158e51fc1,false,10.123.138.220,4bc2a086-b131-47e1-9c20-f10650c0196d,,,,,true,2025-12-07 14:47:19.299669+00,2025-12-07 14:47:19.299669+00
fa97a97e-ffe1-4921-b13a-0b90e324e2b5,7874595b-5650-477e-8d88-e4cedbe025e2,,45f1a024-b36f-465a-8896-125399380cb6,HARINAVI NODE 8 A1,42f21547-e070-4a94-a13d-d4f158e51fc1,false,10.123.138.217,4bc2a086-b131-47e1-9c20-f10650c0196d,,,,,true,2025-12-07 14:47:19.424854+00,2025-12-07 14:47:19.424854+00
fb960b2f-9c6a-4c19-b419-b013aa07b908,a33ec7ee-b51c-4921-b0ec-bcf0caab3834,KO-KTD-A32-BO-2026,4655a834-c64f-48c8-90a0-6e4f9654acf1,BORAL A3(CAT2) /1,b63e879c-6b09-402f-8958-a45a023e4339,true,10.127.0.74,4bc2a086-b131-47e1-9c20-f10650c0196d,,Part #-140-SKU000111-P S/N- AA-0924-29-5112,,,true,2025-12-07 14:47:19.540919+00,2025-12-09 15:47:59.459866+00
fd2b2e83-2967-4e16-a538-efbb02043f22,7874595b-5650-477e-8d88-e4cedbe025e2,,a3908bf9-bace-48d4-83d2-56e9c5485c2f,PARK CIRCUS B1,3beb3ea2-55a4-48da-a7fa-f7c9ccf7de79,false,10.123.25.138,b548ad4b-2aab-4173-a958-c74f303022ce,,,,,true,2025-12-08 11:42:18.070499+00,2025-12-08 11:42:18.070499+00
fff0aa00-9549-4855-9936-96c96a656483,944f170d-da50-41e6-9040-dea5f7bf9dfa,,3d9eeaab-d37e-404f-aa62-c8c7a75467b5,GOVINDAPUR,3830d349-f4ce-4391-9796-111cbf942a6f,true,,4bc2a086-b131-47e1-9c20-f10650c0196d,,,,,true,2025-12-07 14:47:19.663056+00,2025-12-07 14:47:43.400082+00