id,system_id,service_id,services_ip,services_interface,sn_id,sn_ip,sn_interface,en_id,en_ip,en_interface,media_type_id,bandwidth,working_fiber_in_ids,working_fiber_out_ids,protection_fiber_in_ids,protection_fiber_out_ids,system_working_interface,system_protection_interface,commissioned_on,remark,status,created_at,updated_at,en_protection_interface
005c8ede-31ee-4579-9492-ee4e26046791,4b66d440-d94d-4f6e-964c-787d1abd464e,223b6062-1585-4360-b472-fbcd92090c9b,,,4b66d440-d94d-4f6e-964c-787d1abd464e,10.123.29.196,4.2,5507541c-a6c9-4fae-86df-4bca393e4f79,10.123.29.229,1.6,44069fb0-fbe6-4836-ac87-083ab7f44880,1G,,,,,4.2,,,,true,2025-12-11 08:03:35.093459+00,2025-12-11 08:03:35.093459+00,
00933692-b1a7-40c0-ab5d-a480cb193f8d,d9e00379-f20b-470d-a83f-be40c8f77d2c,0c2bd537-0612-4078-9906-075b1e268af1,,,d9e00379-f20b-470d-a83f-be40c8f77d2c,10.123.138.198,4.5,af1cabd1-238b-4bca-bae4-5acdf839438f,10.123.138.11,6.2,6aa6c4c1-3a64-4b5e-a3f6-3f434ab0efb3,,,,,,4.5,,,,true,2025-12-13 06:06:03.102769+00,2025-12-13 06:06:03.102769+00,
00d7d93c-2cef-447e-817c-85e279800e13,6e5cca5f-9516-4264-811b-309d17a29b6a,8411e68d-3a48-4f3a-8fed-015d228cc59b,,,6e5cca5f-9516-4264-811b-309d17a29b6a,10.123.138.193,3.3,b72ea367-47e2-4cb6-af57-75fdbefa7cba,10.123.138.65,3.8,6aa6c4c1-3a64-4b5e-a3f6-3f434ab0efb3,1G,,,,,3.3,,,,true,2025-12-08 12:08:23.711127+00,2025-12-08 12:08:23.711127+00,
0173b992-d6b9-42b1-99af-091b1b7a9804,f3c35045-7ae4-4f84-92fa-4e3adad52686,f2a668f8-520d-44f2-a12e-61748fddea03,,,f3c35045-7ae4-4f84-92fa-4e3adad52686,10.123.138.196,3.5,7b39371e-a516-4a54-b4b7-d159a156a702,10.123.138.1,3.7,6aa6c4c1-3a64-4b5e-a3f6-3f434ab0efb3,1G,,,,,3.5,,,,true,2025-12-09 17:32:31.201479+00,2025-12-11 11:19:41.52686+00,
01bffe27-9947-44ab-9c95-a79525145565,6e5cca5f-9516-4264-811b-309d17a29b6a,9b2f32ae-931d-49ed-898a-0f288733a2e5,,,6e5cca5f-9516-4264-811b-309d17a29b6a,10.123.138.193,4.6,,,,91bd40a2-2a21-495a-ab06-33adc9871f97,1G,,,,,4.6,6.2,,,true,2025-12-09 07:58:53.995775+00,2025-12-09 08:00:55.905341+00,
01ee76f8-f9c5-4903-801e-cfcd72570051,f3c35045-7ae4-4f84-92fa-4e3adad52686,4c6203c6-97c5-45d3-8b62-73c41f549f41,,,f3c35045-7ae4-4f84-92fa-4e3adad52686,10.123.138.196,3.5,9993f03e-535c-4ae2-aea4-ac24d04caf30,10.123.29.194,4.2,6aa6c4c1-3a64-4b5e-a3f6-3f434ab0efb3,,,,,,3.5,,,,true,2025-12-11 11:06:56.890329+00,2025-12-11 11:06:56.890329+00,
0211a7f1-11b6-42cf-b07f-0dbe405ae4a0,4b66d440-d94d-4f6e-964c-787d1abd464e,7db41e76-38e9-4059-bece-4238d3508d9b,,,4b66d440-d94d-4f6e-964c-787d1abd464e,10.123.29.196,6.5,9ae08f1a-b4fa-48db-a511-ffc5e786e82e,10.123.25.100,2.5,d7d6d7dd-97fe-4193-a2d7-c75b01717a9f,,,,,,6.5,,,,true,2025-12-11 08:58:33.911731+00,2025-12-11 08:58:33.911731+00,
03e0c7f6-dba8-491f-93b9-52000205d3f3,4b66d440-d94d-4f6e-964c-787d1abd464e,ec29eade-3914-4211-960e-668c68befdd4,,,4b66d440-d94d-4f6e-964c-787d1abd464e,10.123.29.196,5.6,af1cabd1-238b-4bca-bae4-5acdf839438f,10.123.138.11,6.2,6aa6c4c1-3a64-4b5e-a3f6-3f434ab0efb3,,,,,,5.6,,,,true,2025-12-11 08:52:16.122329+00,2025-12-11 08:52:16.122329+00,
05032442-94c5-483d-8716-141c588ecc21,6e5cca5f-9516-4264-811b-309d17a29b6a,31cd7d67-b9b2-4ca7-a600-d00d6f87c807,,,6e5cca5f-9516-4264-811b-309d17a29b6a,10.123.138.193,4.11,c15780e5-6039-494d-993d-dced5d450390,10.123.138.245,2.3,e3c44b09-c5d7-457c-8c50-5a06efff1262,1G,,,,,4.11,,,,true,2025-12-09 09:14:46.213866+00,2025-12-09 09:14:46.213866+00,
088ca766-cafe-4b74-ae10-ef3ca79cf452,09b56b00-e0ba-4291-a4b8-ab8dc12dc71d,7b491d42-9e3c-48ef-a814-41c4ade34509,,,09b56b00-e0ba-4291-a4b8-ab8dc12dc71d,10.123.138.197,3.5,6e5cca5f-9516-4264-811b-309d17a29b6a,10.123.138.193,5.7,6aa6c4c1-3a64-4b5e-a3f6-3f434ab0efb3,,,,,,3.5,,,,true,2025-12-12 07:26:02.102554+00,2025-12-12 07:26:02.102554+00,
0b9639d1-04c6-48b3-8cc5-d69fbf4cb3ab,f3c35045-7ae4-4f84-92fa-4e3adad52686,f517b460-2db9-4f4e-bdce-15e9f5a5ce4d,,,f3c35045-7ae4-4f84-92fa-4e3adad52686,10.123.138.196,4.8,af1cabd1-238b-4bca-bae4-5acdf839438f,10.123.138.11,4.5,6aa6c4c1-3a64-4b5e-a3f6-3f434ab0efb3,1G,,,,,4.8,,,,true,2025-12-12 07:09:00.87863+00,2025-12-12 07:09:00.87863+00,
0c01329f-d920-4dde-bdb7-ba756e46d8ca,f3c35045-7ae4-4f84-92fa-4e3adad52686,602b15e5-3012-4c5e-9bc7-6e18a1d54e87,,,f3c35045-7ae4-4f84-92fa-4e3adad52686,10.123.138.196,4.8,af1cabd1-238b-4bca-bae4-5acdf839438f,10.123.138.11,,6aa6c4c1-3a64-4b5e-a3f6-3f434ab0efb3,,,,,,4.8,,,,true,2025-12-11 12:32:24.489061+00,2025-12-12 07:02:25.349063+00,5.5
0c1aa300-e8ef-4f59-9495-9af25625300d,4b66d440-d94d-4f6e-964c-787d1abd464e,3106b9c3-ddc0-482f-b467-fa0db0eee8a1,,,4b66d440-d94d-4f6e-964c-787d1abd464e,10.123.29.196,3.4,af1cabd1-238b-4bca-bae4-5acdf839438f,10.123.138.11,5.5,6aa6c4c1-3a64-4b5e-a3f6-3f434ab0efb3,,,,,,3.4,,,,true,2025-12-11 07:56:02.502595+00,2025-12-11 07:56:54.449964+00,
0cdf35d1-dc22-4d13-83cb-74d6bfdc53fc,e32f26aa-e927-4850-bf96-ea92299965b5,d966d1c7-25c2-48bf-8248-d7dbe8085476,,,e32f26aa-e927-4850-bf96-ea92299965b5,10.123.138.237,2.4,af1cabd1-238b-4bca-bae4-5acdf839438f,10.123.138.11,6.4,6aa6c4c1-3a64-4b5e-a3f6-3f434ab0efb3,,,,,,2.4,,,,true,2025-12-13 09:11:49.910325+00,2025-12-13 09:11:49.910325+00,4.10
0f4de8b0-2fb9-46b1-81c3-8e271d76a9a2,f3c35045-7ae4-4f84-92fa-4e3adad52686,a6bfa3f9-d66a-4396-9980-eb42ab932679,,,f3c35045-7ae4-4f84-92fa-4e3adad52686,10.123.138.196,3.6,af1cabd1-238b-4bca-bae4-5acdf839438f,10.123.138.11,4.5,6aa6c4c1-3a64-4b5e-a3f6-3f434ab0efb3,1G,,,,,3.6,,,,true,2025-12-09 17:42:10.968495+00,2025-12-11 11:59:22.874564+00,
10d81910-437a-45c3-9764-bf36a742898e,6e5cca5f-9516-4264-811b-309d17a29b6a,35978644-eab7-4cef-b52a-63095453c9e7,,,6e5cca5f-9516-4264-811b-309d17a29b6a,10.123.138.193,3.5,877d8e52-72d7-4e9c-9b76-ae634f5baa3c,10.127.0.67,,91bd40a2-2a21-495a-ab06-33adc9871f97,1G,,,,,3.5,6.2,,,true,2025-12-08 12:37:13.805439+00,2025-12-08 12:40:19.37777+00,
11edfb7d-69c0-454e-bcb7-f963cb9cbe20,6e5cca5f-9516-4264-811b-309d17a29b6a,1f50aff6-7cb1-4bd9-84d9-b17dd8f4554e,,,6e5cca5f-9516-4264-811b-309d17a29b6a,10.123.138.193,5.9,877d8e52-72d7-4e9c-9b76-ae634f5baa3c,10.127.0.67,ETH-1-1-19,6aa6c4c1-3a64-4b5e-a3f6-3f434ab0efb3,1G,,,,,5.9,,,,true,2025-12-09 16:03:18.670076+00,2025-12-09 16:03:18.670076+00,
13b17630-2785-4e58-9737-7db723dd2134,b6f14e2b-11a4-46c9-96eb-c41d9564bcb3,23e4fca0-a23b-4ddc-a19c-286ebd8cc028,,,b6f14e2b-11a4-46c9-96eb-c41d9564bcb3,10.123.138.203,3.5,af1cabd1-238b-4bca-bae4-5acdf839438f,10.123.138.11,6.2,6aa6c4c1-3a64-4b5e-a3f6-3f434ab0efb3,,,,,,3.5,,,,true,2025-12-12 12:28:30.763421+00,2025-12-13 05:37:35.613319+00,
145d8ea8-0748-4bba-b3e1-f81bb70be5fa,6e5cca5f-9516-4264-811b-309d17a29b6a,25459ef3-6fbb-49ec-aeac-7cb8de958b46,,,6e5cca5f-9516-4264-811b-309d17a29b6a,10.123.138.193,6.7,c239fcfe-3e7f-4f7d-804e-069820b4bc00,10.123.138.225,2.3,e3c44b09-c5d7-457c-8c50-5a06efff1262,1G,,,,,6.7,,,,true,2025-12-09 16:30:03.366134+00,2025-12-09 16:30:03.366134+00,
147e0c24-e01c-4a51-b97a-68b76d705331,f3c35045-7ae4-4f84-92fa-4e3adad52686,dfb9c85b-ee92-4862-aee2-e25489336a95,,,f3c35045-7ae4-4f84-92fa-4e3adad52686,10.123.138.196,3.5,9993f03e-535c-4ae2-aea4-ac24d04caf30,10.123.29.194,4.2,6aa6c4c1-3a64-4b5e-a3f6-3f434ab0efb3,,,,,,3.5,,,,true,2025-12-11 11:05:17.638653+00,2025-12-11 11:05:17.638653+00,
1553bb89-6664-4d38-84b5-9414c8bf9004,4b66d440-d94d-4f6e-964c-787d1abd464e,f52e1b58-08da-46b5-9369-92dab063457d,,,4b66d440-d94d-4f6e-964c-787d1abd464e,10.123.29.196,3.2,f4cadc29-e429-47be-9c5a-73838734809c,10.123.25.134,5.1,6aa6c4c1-3a64-4b5e-a3f6-3f434ab0efb3,,,,,,3.2,,,,true,2025-12-11 07:24:30.967287+00,2025-12-11 07:34:05.426658+00,
1565497b-155c-446c-8525-b240db80d9f0,b6f14e2b-11a4-46c9-96eb-c41d9564bcb3,505ab5b8-d631-41d4-9128-156b49055c5b,,,b6f14e2b-11a4-46c9-96eb-c41d9564bcb3,10.123.138.203,3.7,af1cabd1-238b-4bca-bae4-5acdf839438f,10.123.138.11,6.2,6aa6c4c1-3a64-4b5e-a3f6-3f434ab0efb3,,,,,,3.7,,,,true,2025-12-12 12:41:34.088326+00,2025-12-12 12:41:34.088326+00,
168169fe-c704-433a-ba70-3db308a7a321,0300401d-2969-4703-9bc8-0a1b41f7add3,9c961b6f-3ba4-4b89-b6e5-994d9ebcd48d,,,0300401d-2969-4703-9bc8-0a1b41f7add3,10.123.138.208,1.3,b0d33f05-53e2-41ce-91d3-24722b16898c,10.123.29.193,5.3,6aa6c4c1-3a64-4b5e-a3f6-3f434ab0efb3,1G,,,,,1.3,,,,true,2025-12-13 09:36:56.57481+00,2025-12-13 09:36:56.57481+00,
16c32027-3087-4349-be18-e3a5125edbec,e32f26aa-e927-4850-bf96-ea92299965b5,29cb2378-44b6-4610-9266-878fb498e91a,,,e32f26aa-e927-4850-bf96-ea92299965b5,10.123.138.237,1.3,af1cabd1-238b-4bca-bae4-5acdf839438f,10.123.138.11,6.4,6aa6c4c1-3a64-4b5e-a3f6-3f434ab0efb3,,,,,,1.3,,,,true,2025-12-13 08:34:43.126939+00,2025-12-13 08:34:43.126939+00,
1a547a73-b460-4c8f-854b-07c893844fc0,6e5cca5f-9516-4264-811b-309d17a29b6a,bcd8bb71-39c9-4dfd-9f81-c4a5107787e7,,,6e5cca5f-9516-4264-811b-309d17a29b6a,10.123.138.193,5.7,d9e00379-f20b-470d-a83f-be40c8f77d2c,10.123.138.198,3.3,6aa6c4c1-3a64-4b5e-a3f6-3f434ab0efb3,1G,,,,,5.7,,,,true,2025-12-09 10:38:27.615913+00,2025-12-09 10:38:27.615913+00,
1ca18611-2491-4179-a57c-da3981e4e4f6,dd6b2686-0d45-4bc7-97ff-8da1cf1ae118,99710aca-aeaf-406b-80b9-bf847ac87502,,,dd6b2686-0d45-4bc7-97ff-8da1cf1ae118,10.123.138.195,3.5,58759b8d-3dd8-41db-8f0a-1c0609417eeb,10.123.141.202,3.8,d7d6d7dd-97fe-4193-a2d7-c75b01717a9f,1G,,,,,3.5,,,,true,2025-12-11 06:10:20.308532+00,2025-12-11 06:10:54.982225+00,
1cee332a-998f-47d1-a4bf-2d2d75963cff,b6f14e2b-11a4-46c9-96eb-c41d9564bcb3,3e00d62c-86fb-4dab-b3b3-69eb15793299,,,b6f14e2b-11a4-46c9-96eb-c41d9564bcb3,10.123.138.203,3.7,9993f03e-535c-4ae2-aea4-ac24d04caf30,10.123.29.194,4.4,6aa6c4c1-3a64-4b5e-a3f6-3f434ab0efb3,,,,,,3.7,,,,true,2025-12-12 10:19:11.341156+00,2025-12-13 05:40:33.226755+00,
1d2f2430-1e6d-4e06-a08d-1457949dbae1,dd6b2686-0d45-4bc7-97ff-8da1cf1ae118,eecad8b8-f7a0-4c5d-9f63-9b58a90de75d,,,dd6b2686-0d45-4bc7-97ff-8da1cf1ae118,10.123.138.195,4.2,efd1f9dd-3073-48b8-8003-ed5ad269ed83,10.123.136.39,1.5,6aa6c4c1-3a64-4b5e-a3f6-3f434ab0efb3,,,,,,4.2,,,,true,2025-12-11 06:19:56.614153+00,2025-12-11 06:27:36.297443+00,
1e2abb1f-4d8a-4ea1-a0c0-5cc2773dc9c0,6e5cca5f-9516-4264-811b-309d17a29b6a,7f7e3dce-5ade-40fc-b9fc-4fe48b0b4c80,,,6e5cca5f-9516-4264-811b-309d17a29b6a,10.123.138.193,4.5,,,,91bd40a2-2a21-495a-ab06-33adc9871f97,1G,,,,,4.5,6.2,,,true,2025-12-09 08:00:30.042751+00,2025-12-09 08:00:30.042751+00,
1f66c02d-63dc-4077-9f4d-4ba540a7a8f5,b6f14e2b-11a4-46c9-96eb-c41d9564bcb3,21352444-0558-4f84-87a5-d3873166acac,,,b6f14e2b-11a4-46c9-96eb-c41d9564bcb3,10.123.138.203,3.7,af1cabd1-238b-4bca-bae4-5acdf839438f,10.123.138.11,6.2,6aa6c4c1-3a64-4b5e-a3f6-3f434ab0efb3,,,,,,3.7,,,,true,2025-12-12 12:40:39.295488+00,2025-12-12 12:40:39.295488+00,
1fbd2fd7-b12e-4d5e-993b-72b15d7661ff,6e5cca5f-9516-4264-811b-309d17a29b6a,c46f6ef3-7b63-4bc5-9ad1-65f28194b1a2,,,6e5cca5f-9516-4264-811b-309d17a29b6a,10.123.138.193,5.8,877d8e52-72d7-4e9c-9b76-ae634f5baa3c,10.127.0.67,ETH-1-1-18,6aa6c4c1-3a64-4b5e-a3f6-3f434ab0efb3,,,,,,5.8,,,,true,2025-12-09 16:01:39.236962+00,2025-12-09 16:01:39.236962+00,
20747a4d-6bf4-4eda-8eb6-9b6a3da7611a,6e5cca5f-9516-4264-811b-309d17a29b6a,36ecd44c-bda7-46a8-8420-c07369aaab08,,,6e5cca5f-9516-4264-811b-309d17a29b6a,10.123.138.193,5.10,877d8e52-72d7-4e9c-9b76-ae634f5baa3c,10.127.0.67,ETH-1-1-20,6aa6c4c1-3a64-4b5e-a3f6-3f434ab0efb3,,,,,,5.10,,,,true,2025-12-09 16:04:58.726316+00,2025-12-09 16:04:58.726316+00,
208e6f94-ed5d-4f34-94d9-16ecbf915c40,4b66d440-d94d-4f6e-964c-787d1abd464e,c5c24ec3-490d-41b6-b96e-0db3da3ce531,,,4b66d440-d94d-4f6e-964c-787d1abd464e,10.123.29.196,5.6,9993f03e-535c-4ae2-aea4-ac24d04caf30,10.123.29.194,4.2,6aa6c4c1-3a64-4b5e-a3f6-3f434ab0efb3,,,,,,5.6,,,,true,2025-12-11 08:54:45.606233+00,2025-12-11 08:54:45.606233+00,
211d8733-49ae-42c3-b456-856e8f7fade1,4b66d440-d94d-4f6e-964c-787d1abd464e,c95a7552-99df-47f0-9762-fb2b0b6305fe,,,4b66d440-d94d-4f6e-964c-787d1abd464e,10.123.29.196,3.4,af1cabd1-238b-4bca-bae4-5acdf839438f,10.123.138.11,6.2,6aa6c4c1-3a64-4b5e-a3f6-3f434ab0efb3,,,,,,3.4,,,,true,2025-12-11 06:53:55.631768+00,2025-12-11 06:57:47.019151+00,
21c90787-61b0-4127-adb6-19ac259721c7,ce047b30-33c8-425b-b500-5b33e043bf9c,99710aca-aeaf-406b-80b9-bf847ac87502,,,ce047b30-33c8-425b-b500-5b33e043bf9c,10.123.138.199,3.9,6e5cca5f-9516-4264-811b-309d17a29b6a,10.123.138.193,5.7,6aa6c4c1-3a64-4b5e-a3f6-3f434ab0efb3,1G,,,,,3.9,,,,true,2025-12-12 07:54:18.769258+00,2025-12-12 07:54:18.769258+00,
227850bb-b2ad-4a26-889f-dfe7db09943a,4b66d440-d94d-4f6e-964c-787d1abd464e,9146c119-ee50-4811-ae77-cdd48f392508,,,4b66d440-d94d-4f6e-964c-787d1abd464e,10.123.29.196,5.3,d7a4479f-4dd9-4b95-a9f6-00876b3e67ad,10.123.138.46,2.6,44069fb0-fbe6-4836-ac87-083ab7f44880,1G,,,,,5.3,,,,true,2025-12-10 18:19:44.686158+00,2025-12-10 18:19:44.686158+00,
22a8f875-cc87-400c-83f3-ef7c0464e23d,c53cb398-c968-4f8f-a6e5-8ea8c33b1c5a,15a65f1e-2bb9-41fb-8064-6aa477843e9f,,,c53cb398-c968-4f8f-a6e5-8ea8c33b1c5a,10.123.138.249,1.5,b98e3bec-f1a3-4702-a11d-519b1e480f8f,10.123.138.227,1.6,44069fb0-fbe6-4836-ac87-083ab7f44880,1G,,,,,1.5,,,,true,2025-12-08 17:29:50.588042+00,2025-12-08 17:29:50.588042+00,
248e1f9f-5846-4767-b147-342cf24bd355,4b66d440-d94d-4f6e-964c-787d1abd464e,7db41e76-38e9-4059-bece-4238d3508d9b,,,4b66d440-d94d-4f6e-964c-787d1abd464e,10.123.29.196,3.2,9ae08f1a-b4fa-48db-a511-ffc5e786e82e,10.123.25.100,2.5,d7d6d7dd-97fe-4193-a2d7-c75b01717a9f,,,,,,3.2,,,,true,2025-12-11 06:41:55.187747+00,2025-12-11 06:47:05.124126+00,
24e00eec-7555-441d-8c45-b3866832c612,c53cb398-c968-4f8f-a6e5-8ea8c33b1c5a,37752860-b52a-4d86-93da-fd8f122d62dc,,,c53cb398-c968-4f8f-a6e5-8ea8c33b1c5a,10.123.138.249,2.5,874f3fbc-a293-48e4-ad87-b26f8871f5a3,10.123.138.215,1.5,44069fb0-fbe6-4836-ac87-083ab7f44880,,,,,,2.5,,,,true,2025-12-08 17:33:00.344929+00,2025-12-08 17:33:00.344929+00,
251eae13-a41e-4238-bb31-36fe3c5e9461,c53cb398-c968-4f8f-a6e5-8ea8c33b1c5a,0c7b45c7-a500-4c90-a4dc-ead14f41fe15,,,,,,,,,6aa6c4c1-3a64-4b5e-a3f6-3f434ab0efb3,,,,,,1.6,,,,true,2025-12-08 17:31:05.786466+00,2025-12-08 17:31:05.786466+00,
26979c18-cb63-41d9-bf7c-eaa61bf33f68,ce047b30-33c8-425b-b500-5b33e043bf9c,42711260-e2f6-4034-b1bb-ac01ec0d9e77,,,ce047b30-33c8-425b-b500-5b33e043bf9c,10.123.138.199,3.7,63da7fb8-607d-4c05-9ab1-3590cd15f790,10.123.138.221,1.3,e3c44b09-c5d7-457c-8c50-5a06efff1262,1G,,,,,3.7,,,,true,2025-12-12 07:46:46.407245+00,2025-12-12 07:46:46.407245+00,
272c64cc-331b-49bc-b2e9-157d07da1683,f3c35045-7ae4-4f84-92fa-4e3adad52686,b23b0a27-c387-4976-bef6-486ef07bc6c6,,,f3c35045-7ae4-4f84-92fa-4e3adad52686,10.123.138.196,3.5,b72ea367-47e2-4cb6-af57-75fdbefa7cba,10.123.138.65,3.8,6aa6c4c1-3a64-4b5e-a3f6-3f434ab0efb3,1G,,,,,3.5,,,,true,2025-12-09 17:33:20.652877+00,2025-12-11 11:23:50.928346+00,
281d47f1-0d76-412e-a20f-d8211d12e72d,09b56b00-e0ba-4291-a4b8-ab8dc12dc71d,b4df9859-c1fa-4224-b4b9-2a1ef751790e,,,09b56b00-e0ba-4291-a4b8-ab8dc12dc71d,10.123.138.197,4.4,7b39371e-a516-4a54-b4b7-d159a156a702,10.123.138.1,4.5,6aa6c4c1-3a64-4b5e-a3f6-3f434ab0efb3,1G,,,,,4.4,,,,true,2025-12-12 07:38:59.168843+00,2025-12-12 07:38:59.168843+00,
2a236d36-149a-4ea1-a0df-faf33ff0ec39,6e5cca5f-9516-4264-811b-309d17a29b6a,4fb936ab-5a52-4171-8c1d-27dfba6c0d98,,,6e5cca5f-9516-4264-811b-309d17a29b6a,10.123.138.193,6.2,877d8e52-72d7-4e9c-9b76-ae634f5baa3c,10.127.0.67,ETH-1-1-1,44069fb0-fbe6-4836-ac87-083ab7f44880,1G,,,,,6.2,,,,true,2025-12-09 16:18:18.225773+00,2025-12-09 16:18:18.225773+00,
2c81a69b-1868-404d-af29-7660931df5a3,f3c35045-7ae4-4f84-92fa-4e3adad52686,7db41e76-38e9-4059-bece-4238d3508d9b,,,f3c35045-7ae4-4f84-92fa-4e3adad52686,10.123.138.196,4.10,e901151a-6be4-4c60-83ad-f235d5e661a0,10.123.138.212,2.6,d7d6d7dd-97fe-4193-a2d7-c75b01717a9f,1G,,,,,4.10,,,,true,2025-12-12 07:10:43.109051+00,2025-12-12 07:10:43.109051+00,
2ca770e7-9781-4cb7-839e-cba153a45f70,4b66d440-d94d-4f6e-964c-787d1abd464e,689341b8-325d-4d34-8af3-e343a88b754c,,,4b66d440-d94d-4f6e-964c-787d1abd464e,10.123.29.196,5.8,d9fee8ce-68af-4ed2-b5f5-8fea028b1853,10.127.0.75,ETH-1-1-18,e3c44b09-c5d7-457c-8c50-5a06efff1262,1G,,,,,5.8,,,,true,2025-12-10 18:22:59.289568+00,2025-12-10 18:22:59.289568+00,
2ce74f09-8754-4a8f-8538-ed9c45e692b9,d9e00379-f20b-470d-a83f-be40c8f77d2c,216fb747-2372-4f7c-8152-bda00a230706,,,d9e00379-f20b-470d-a83f-be40c8f77d2c,10.123.138.198,3.2,40385d41-78de-4122-b661-28092515ac86,10.123.138.218,2.5,44069fb0-fbe6-4836-ac87-083ab7f44880,1G,,,,,3.2,,,,true,2025-12-08 15:02:59.847404+00,2025-12-08 15:02:59.847404+00,
2d3c55ec-66bf-42a7-a104-9cd652f8b85e,f3c35045-7ae4-4f84-92fa-4e3adad52686,238eaa31-59ed-43c1-a661-25b254291b79,,,f3c35045-7ae4-4f84-92fa-4e3adad52686,10.123.138.196,3.11,,,,91bd40a2-2a21-495a-ab06-33adc9871f97,,,,,,3.11,,,,true,2025-12-11 11:12:30.936089+00,2025-12-11 11:12:30.936089+00,
2d6f10e0-976c-4c3e-930b-812aa801d0f9,f3c35045-7ae4-4f84-92fa-4e3adad52686,35717afe-81bd-41cf-82bc-76e5e814dbcf,,,f3c35045-7ae4-4f84-92fa-4e3adad52686,10.123.138.196,3.7,f9fafe4e-cd78-4d47-ba73-80764c430a7e,10.123.138.220,1.3,e3c44b09-c5d7-457c-8c50-5a06efff1262,1G,,,,,3.7,,,,true,2025-12-09 17:44:17.230188+00,2025-12-09 17:44:17.230188+00,
2df7a06e-761e-42ff-be12-f247da6149c3,f3c35045-7ae4-4f84-92fa-4e3adad52686,c5cbdcb6-dac5-461e-9153-c7b06f7d739a,,,f3c35045-7ae4-4f84-92fa-4e3adad52686,10.123.138.196,3.1,dd6b2686-0d45-4bc7-97ff-8da1cf1ae118,10.123.138.195,5.1,44069fb0-fbe6-4836-ac87-083ab7f44880,10G,,,,,3.1,,,,true,2025-12-09 17:25:42.052769+00,2025-12-09 17:25:42.052769+00,
2f8bf116-f930-448a-88f3-e40cc869e717,6e5cca5f-9516-4264-811b-309d17a29b6a,61b21eeb-02d0-4660-b49e-72baff24942b,,,6e5cca5f-9516-4264-811b-309d17a29b6a,10.123.138.193,3.6,874f3fbc-a293-48e4-ad87-b26f8871f5a3,10.123.138.215,2.5,44069fb0-fbe6-4836-ac87-083ab7f44880,,,,,,3.6,,,,true,2025-12-08 10:46:12.857987+00,2025-12-08 10:46:12.857987+00,
2f96b8e6-d96e-4edd-a8ea-088328ed9f3b,a5c0276a-d7d9-4bcd-aff6-f216b5f38fec,0140a28a-121f-48bc-84c0-d298980aba69,,,a5c0276a-d7d9-4bcd-aff6-f216b5f38fec,10.123.138.213,2.3,9993f03e-535c-4ae2-aea4-ac24d04caf30,10.123.29.194,4.2,6aa6c4c1-3a64-4b5e-a3f6-3f434ab0efb3,,,,,,2.3,,,,true,2025-12-13 10:41:54.965127+00,2025-12-13 10:41:54.965127+00,
317fc6c0-ccae-4443-997c-1e82e0cda51f,4b66d440-d94d-4f6e-964c-787d1abd464e,478f9a70-b83b-464f-828d-8fce94bb0a0f,,,4b66d440-d94d-4f6e-964c-787d1abd464e,10.123.29.196,5.6,af1cabd1-238b-4bca-bae4-5acdf839438f,10.123.138.11,4.5,6aa6c4c1-3a64-4b5e-a3f6-3f434ab0efb3,,,,,,5.6,,,,true,2025-12-11 08:48:53.011617+00,2025-12-11 08:49:25.915579+00,
318a9c43-9563-4be7-961f-9e221d7a7835,6e5cca5f-9516-4264-811b-309d17a29b6a,4c635008-3eb0-4246-bfa4-57dfcf85d48d,,,6e5cca5f-9516-4264-811b-309d17a29b6a,10.123.138.193,3.10,a7b79a60-b262-45cc-80df-fdba78f4201c,10.123.142.1,4.1,d7d6d7dd-97fe-4193-a2d7-c75b01717a9f,1G,,,,,3.10,,,,true,2025-12-08 11:30:54.871821+00,2025-12-08 11:49:43.043008+00,
319abdf0-0324-4f7e-a9f9-eec9e1134026,6e5cca5f-9516-4264-811b-309d17a29b6a,7db41e76-38e9-4059-bece-4238d3508d9b,,,6e5cca5f-9516-4264-811b-309d17a29b6a,10.123.138.193,3.4,,,,d7d6d7dd-97fe-4193-a2d7-c75b01717a9f,1G,,,,,3.4,,,,true,2025-12-08 12:01:12.018067+00,2025-12-08 12:01:12.018067+00,
33d7a369-1dfa-4e90-944a-f067ab050cb0,6e5cca5f-9516-4264-811b-309d17a29b6a,214b5822-09c2-4c2e-a864-627dee330b74,,,6e5cca5f-9516-4264-811b-309d17a29b6a,10.123.138.193,6.1,d9e00379-f20b-470d-a83f-be40c8f77d2c,10.123.138.198,4.1,44069fb0-fbe6-4836-ac87-083ab7f44880,10G,,,,,6.1,,,,true,2025-12-09 16:14:09.620065+00,2025-12-09 16:14:09.620065+00,
34a5897f-24e3-4fff-9e49-2990793ace1d,4b66d440-d94d-4f6e-964c-787d1abd464e,524841fe-4141-4de4-b8ed-521224e81d7e,,,4b66d440-d94d-4f6e-964c-787d1abd464e,10.123.29.196,3.4,af1cabd1-238b-4bca-bae4-5acdf839438f,10.123.138.11,6.2,6aa6c4c1-3a64-4b5e-a3f6-3f434ab0efb3,,,,,,3.4,,,,true,2025-12-11 07:43:45.251037+00,2025-12-11 07:43:45.251037+00,
34a718a4-4bd3-417a-bdc6-20ece923052a,f3c35045-7ae4-4f84-92fa-4e3adad52686,3068994a-fbd8-44c9-9fd4-1d25e5999b2e,,,f3c35045-7ae4-4f84-92fa-4e3adad52686,10.123.138.196,3.3,,,,91bd40a2-2a21-495a-ab06-33adc9871f97,,,,,,3.3,,,,true,2025-12-11 10:58:05.082243+00,2025-12-11 10:58:05.082243+00,
35be3f1a-7ef0-4037-9365-6cbc1523dacf,f3c35045-7ae4-4f84-92fa-4e3adad52686,087e4b7f-2138-4f64-88c3-32d6e76d5ff0,,,f3c35045-7ae4-4f84-92fa-4e3adad52686,10.123.138.196,4.4,09b56b00-e0ba-4291-a4b8-ab8dc12dc71d,10.123.138.197,3.3,6aa6c4c1-3a64-4b5e-a3f6-3f434ab0efb3,,,,,,4.4,,,,true,2025-12-11 12:23:35.596783+00,2025-12-11 12:23:35.596783+00,
35e48184-d9d6-41e7-b4ce-a30472e53004,4b66d440-d94d-4f6e-964c-787d1abd464e,79102ff7-a05e-4724-b348-994a65219741,,,4b66d440-d94d-4f6e-964c-787d1abd464e,10.123.29.196,3.6,0b8f17fe-a02b-4d69-b184-d9a40efa4981,10.123.29.234,2.6,44069fb0-fbe6-4836-ac87-083ab7f44880,,,,,,3.6,,,,true,2025-12-10 17:53:03.52577+00,2025-12-10 17:53:03.52577+00,
36530559-8ad6-4d8d-873c-e531bd9314f7,b6f14e2b-11a4-46c9-96eb-c41d9564bcb3,eba03035-24f7-4675-bb96-92a07b513cd5,,,b6f14e2b-11a4-46c9-96eb-c41d9564bcb3,10.123.138.203,4.10,645e860c-295c-4f2b-8e68-75e26da731fa,10.123.138.202,4.10,6aa6c4c1-3a64-4b5e-a3f6-3f434ab0efb3,,,,,,4.10,,,,true,2025-12-12 09:36:06.22029+00,2025-12-12 09:36:06.22029+00,
36d803b8-3893-4500-bcf4-6af805384c9d,6e5cca5f-9516-4264-811b-309d17a29b6a,c54e0fb5-29f4-4a1d-8d4e-a125f8b00843,,,6e5cca5f-9516-4264-811b-309d17a29b6a,10.123.138.193,4.7,8b870d28-76e7-4332-9a85-a72ec514b4a5,10.123.138.244,1.3,e3c44b09-c5d7-457c-8c50-5a06efff1262,1G,,,,,4.7,,,,true,2025-12-09 09:20:04.121685+00,2025-12-09 09:20:04.121685+00,
37d3d21a-b2f3-46b4-9831-38faf6caa6d7,6e5cca5f-9516-4264-811b-309d17a29b6a,314bff74-a98e-4d5f-90ad-d69373c019ad,,,6e5cca5f-9516-4264-811b-309d17a29b6a,10.123.138.193,3.3,3ba1c0fc-69c1-41db-acc4-f4e8d4cfd413,10.123.25.65,5.5,6aa6c4c1-3a64-4b5e-a3f6-3f434ab0efb3,1G,,,,,3.3,,,,true,2025-12-08 12:23:23.952748+00,2025-12-08 12:23:23.952748+00,
3809373c-0b50-465c-9c94-5f2f344521d5,6e5cca5f-9516-4264-811b-309d17a29b6a,bf787ef1-10ca-4f22-a1f1-e51ca3bd3fa0,,,6e5cca5f-9516-4264-811b-309d17a29b6a,10.123.138.193,4.3,eecca086-c25f-4671-afa5-131b7b9352e3,10.123.138.214,1.5,44069fb0-fbe6-4836-ac87-083ab7f44880,1G,,,,,4.3,,,,true,2025-12-09 09:11:07.316025+00,2025-12-09 09:11:07.316025+00,
39d3b110-a49c-476c-ab9d-213dc9a2da3e,f3c35045-7ae4-4f84-92fa-4e3adad52686,a4f94afe-dcaf-4e76-a588-42346144b0bb,,,f3c35045-7ae4-4f84-92fa-4e3adad52686,10.123.138.196,4.10,,,,91bd40a2-2a21-495a-ab06-33adc9871f97,,,,,,4.10,,,,true,2025-12-11 11:15:49.489115+00,2025-12-11 11:15:49.489115+00,
3c62a614-907f-4025-ac35-d868c9347047,f3c35045-7ae4-4f84-92fa-4e3adad52686,7f568334-6b78-4e0d-9805-d86dc0d94c9e,,,f3c35045-7ae4-4f84-92fa-4e3adad52686,10.123.138.196,4.10,b057a5ce-0436-402f-90c6-b30d2f4ef00a,10.127.0.81,ETH-1-1-18,e3c44b09-c5d7-457c-8c50-5a06efff1262,,,,,,4.10,,,,true,2025-12-09 17:53:31.3795+00,2025-12-09 17:53:31.3795+00,
3c8e5cbe-47f6-437e-a97c-124e26b030a5,b6f14e2b-11a4-46c9-96eb-c41d9564bcb3,6342e3cb-def9-44df-ad00-41387022594a,,,b6f14e2b-11a4-46c9-96eb-c41d9564bcb3,10.123.138.203,3.5,7b39371e-a516-4a54-b4b7-d159a156a702,10.123.138.1,4.5,6aa6c4c1-3a64-4b5e-a3f6-3f434ab0efb3,,,,,,3.5,,,,true,2025-12-12 12:29:58.510103+00,2025-12-13 05:33:43.481661+00,
3d05eddd-127f-4942-88e1-e29cc1ddac06,f3c35045-7ae4-4f84-92fa-4e3adad52686,238eaa31-59ed-43c1-a661-25b254291b79,,,f3c35045-7ae4-4f84-92fa-4e3adad52686,10.123.138.196,3.9,,,,91bd40a2-2a21-495a-ab06-33adc9871f97,,,,,,3.9,,,,true,2025-12-11 11:13:17.075707+00,2025-12-11 11:13:17.075707+00,
3f210f3a-3a34-46f0-b83c-39fe337959f3,6e5cca5f-9516-4264-811b-309d17a29b6a,b20da8e4-de70-42ac-afa4-f3bc60d38848,,,6e5cca5f-9516-4264-811b-309d17a29b6a,10.123.138.193,6.11,cc10c623-5c3f-417e-ae3f-4c3b7d2d21d7,10.123.142.66,4.10,d7d6d7dd-97fe-4193-a2d7-c75b01717a9f,1G,,,,,6.11,,,,true,2025-12-10 06:03:58.840867+00,2025-12-10 06:09:09.211966+00,
3fd68b55-24c6-4e7b-964d-95313fa3f0f4,ce047b30-33c8-425b-b500-5b33e043bf9c,97b89189-6cb8-40e3-aec9-61099d3d11b7,,,ce047b30-33c8-425b-b500-5b33e043bf9c,10.123.138.199,3.4,6e5cca5f-9516-4264-811b-309d17a29b6a,10.123.138.193,5.7,6aa6c4c1-3a64-4b5e-a3f6-3f434ab0efb3,1G,,,,,3.4,,,,true,2025-12-12 07:48:00.770727+00,2025-12-12 07:48:00.770727+00,
4021f985-34dd-4c41-aa36-d1f5a245ef82,4b66d440-d94d-4f6e-964c-787d1abd464e,01741e71-9865-48e8-8dec-404b533a20af,,,4b66d440-d94d-4f6e-964c-787d1abd464e,10.123.29.196,3.4,af1cabd1-238b-4bca-bae4-5acdf839438f,10.123.138.11,6.2,6aa6c4c1-3a64-4b5e-a3f6-3f434ab0efb3,1G,,,,,3.4,,,,true,2025-12-11 07:13:55.4241+00,2025-12-11 07:14:43.540444+00,
40981d93-314a-4e62-819b-33f3e1db5352,f3c35045-7ae4-4f84-92fa-4e3adad52686,46879f51-7a59-4f15-95ca-eccdbeacaf50,,,f3c35045-7ae4-4f84-92fa-4e3adad52686,10.123.138.196,4.6,,,,91bd40a2-2a21-495a-ab06-33adc9871f97,1G,,,,,4.6,4.10,,,true,2025-12-12 07:05:38.532107+00,2025-12-12 07:05:38.532107+00,
40e2cc9a-e02b-4a1e-ab1e-25a8678ce175,b6f14e2b-11a4-46c9-96eb-c41d9564bcb3,cb65567e-d963-4f5c-baa9-2f2e79e832dd,,,b6f14e2b-11a4-46c9-96eb-c41d9564bcb3,10.123.138.203,4.3,bcdf5f9c-2a10-4ce3-8ad4-031bc42dacbb,10.123.141.132,5.1,6aa6c4c1-3a64-4b5e-a3f6-3f434ab0efb3,,,,,,4.3,,,,true,2025-12-12 09:54:37.017231+00,2025-12-12 09:55:08.459613+00,
40e6af32-fea2-4f0f-87b0-06e4fb5021fa,6ac435ff-0a3f-473a-8c24-51eb7a4dbbbf,13b63259-dc65-4af6-ac27-44c39e960710,,,6ac435ff-0a3f-473a-8c24-51eb7a4dbbbf,10.123.138.222,1.6,,,,44069fb0-fbe6-4836-ac87-083ab7f44880,,,,,,1.6,,,,true,2025-12-08 16:19:41.584395+00,2025-12-08 16:20:23.786823+00,
42e058e4-2570-43e6-add2-1e33c44cacb8,4b66d440-d94d-4f6e-964c-787d1abd464e,7db41e76-38e9-4059-bece-4238d3508d9b,,,4b66d440-d94d-4f6e-964c-787d1abd464e,10.123.29.196,6.3,9ae08f1a-b4fa-48db-a511-ffc5e786e82e,10.123.25.100,2.5,d7d6d7dd-97fe-4193-a2d7-c75b01717a9f,,,,,,6.3,,,,true,2025-12-11 08:57:50.863046+00,2025-12-11 08:57:50.863046+00,
445c48d7-e517-4007-bad7-382e0626ed05,ce047b30-33c8-425b-b500-5b33e043bf9c,3bcaf402-2188-4384-a7dd-7c5ebf432b95,,,ce047b30-33c8-425b-b500-5b33e043bf9c,10.123.138.199,3.6,6e5cca5f-9516-4264-811b-309d17a29b6a,10.123.138.193,5.10,6aa6c4c1-3a64-4b5e-a3f6-3f434ab0efb3,1G,,,,,3.6,,,,true,2025-12-12 08:02:48.330415+00,2025-12-12 08:02:48.330415+00,
464add5d-e9a7-4e2c-81f2-9fb4fcc39997,4b66d440-d94d-4f6e-964c-787d1abd464e,7db41e76-38e9-4059-bece-4238d3508d9b,,,4b66d440-d94d-4f6e-964c-787d1abd464e,10.123.29.196,6.6,9ae08f1a-b4fa-48db-a511-ffc5e786e82e,10.123.25.100,2.5,d7d6d7dd-97fe-4193-a2d7-c75b01717a9f,,,,,,6.6,,,,true,2025-12-11 08:59:02.294486+00,2025-12-11 08:59:02.294486+00,
48a98556-c29b-4aab-bfb6-a2f6ab0de529,6e5cca5f-9516-4264-811b-309d17a29b6a,9032aa23-6863-49c0-8742-1cf18ca0241d,,,6e5cca5f-9516-4264-811b-309d17a29b6a,10.123.138.193,6.3,645687d9-733f-473d-8b43-9a15b23888b5,10.123.138.207,2.6,6aa6c4c1-3a64-4b5e-a3f6-3f434ab0efb3,1G,,,,,6.3,,,,true,2025-12-10 05:47:44.614923+00,2025-12-10 05:47:44.614923+00,
48f2a659-c642-4725-84b2-0330d44aa580,d9e00379-f20b-470d-a83f-be40c8f77d2c,cb543721-a183-42f6-8335-4d5f7285cc27,10.210.107.123,,d9e00379-f20b-470d-a83f-be40c8f77d2c,10.123.138.198,4.6,6e5cca5f-9516-4264-811b-309d17a29b6a,10.123.138.193,5.3,6aa6c4c1-3a64-4b5e-a3f6-3f434ab0efb3,1G,,,,,4.6,,,,true,2025-12-13 06:02:33.126789+00,2025-12-13 06:02:33.126789+00,
49320933-e259-4900-9cf8-58994a6400fa,ce047b30-33c8-425b-b500-5b33e043bf9c,b58cc68c-e589-49d8-85e5-8426ba0b55d2,,,ce047b30-33c8-425b-b500-5b33e043bf9c,10.123.138.199,3.5,6e5cca5f-9516-4264-811b-309d17a29b6a,10.123.138.193,5.8,6aa6c4c1-3a64-4b5e-a3f6-3f434ab0efb3,1G,,,,,3.5,,,,true,2025-12-12 07:58:31.109886+00,2025-12-12 07:58:31.109886+00,
49e30d10-eaa6-4e01-b384-f30518933700,d9e00379-f20b-470d-a83f-be40c8f77d2c,df8d4d0e-d50a-4a5e-ade1-1bfdccd2d152,,,d9e00379-f20b-470d-a83f-be40c8f77d2c,10.123.138.198,4.5,af1cabd1-238b-4bca-bae4-5acdf839438f,10.123.138.11,6.2,6aa6c4c1-3a64-4b5e-a3f6-3f434ab0efb3,1G,,,,,4.5,,,,true,2025-12-13 05:58:30.766451+00,2025-12-13 05:58:30.766451+00,
49eebb74-8bcd-43f4-b106-76d41f6605d5,f3c35045-7ae4-4f84-92fa-4e3adad52686,4ff0f1d0-9506-40d7-a52d-e9f8e89f6dc5,,,f3c35045-7ae4-4f84-92fa-4e3adad52686,10.123.138.196,4.8,af1cabd1-238b-4bca-bae4-5acdf839438f,10.123.138.11,4.5,6aa6c4c1-3a64-4b5e-a3f6-3f434ab0efb3,,,,,,4.8,,,,true,2025-12-11 12:13:21.3403+00,2025-12-12 07:00:50.337388+00,
4b08ee43-bd9b-464b-a97e-7d8c2518748f,6ac435ff-0a3f-473a-8c24-51eb7a4dbbbf,fec0dbc8-a64d-40c8-aa89-d8c40ea65b1c,,,6ac435ff-0a3f-473a-8c24-51eb7a4dbbbf,10.123.138.222,1.6,,,,6aa6c4c1-3a64-4b5e-a3f6-3f434ab0efb3,,,,,,1.6,,,,true,2025-12-08 16:18:31.369806+00,2025-12-08 16:18:31.369806+00,
4b9685f4-d1ed-4be2-9bcd-a0b18d8c3993,c53cb398-c968-4f8f-a6e5-8ea8c33b1c5a,67455a47-c5f3-4d9a-aea2-95e78ca0c536,,,,,,,,,6aa6c4c1-3a64-4b5e-a3f6-3f434ab0efb3,,,,,,1.6,,,,true,2025-12-08 17:31:33.679565+00,2025-12-08 17:31:33.679565+00,
4bc9fb22-b192-4572-8db5-d1223c8db879,b6f14e2b-11a4-46c9-96eb-c41d9564bcb3,41bb1bb9-f655-45bd-8b8e-73ed890a8b7a,10.156.203.163,,b6f14e2b-11a4-46c9-96eb-c41d9564bcb3,10.123.138.203,3.2,96a06fe7-3eb8-4988-a4d9-140fbbe045cb,10.123.138.19,2.5,6aa6c4c1-3a64-4b5e-a3f6-3f434ab0efb3,,,,,,3.2,,,,true,2025-12-12 10:07:54.090186+00,2025-12-13 05:30:47.594703+00,
4d0628fd-f952-4c33-9d1c-c0f10dc36364,a5c0276a-d7d9-4bcd-aff6-f216b5f38fec,f75d1186-c208-4277-8f8f-58a873bb4c34,,,a5c0276a-d7d9-4bcd-aff6-f216b5f38fec,10.123.138.213,2.4,af1cabd1-238b-4bca-bae4-5acdf839438f,10.123.138.11,5.5,6aa6c4c1-3a64-4b5e-a3f6-3f434ab0efb3,1G,,,,,2.4,,,,true,2025-12-13 10:43:37.677834+00,2025-12-13 10:43:37.677834+00,
4dd2389f-2b74-47ad-afc6-9d51325761ca,4b66d440-d94d-4f6e-964c-787d1abd464e,99463f70-75e6-4a9c-8cf9-0f365ffc114e,,,4b66d440-d94d-4f6e-964c-787d1abd464e,10.123.29.196,5.1,ce047b30-33c8-425b-b500-5b33e043bf9c,10.123.138.199,4.1,44069fb0-fbe6-4836-ac87-083ab7f44880,10G,,,,,5.1,,,,true,2025-12-10 18:18:06.642317+00,2025-12-10 18:18:06.642317+00,
4e09935e-f6dd-48a5-beeb-ab95c630f2dd,ce047b30-33c8-425b-b500-5b33e043bf9c,ba7b84c4-1e25-48b0-a2e2-622cfc197730,,,ce047b30-33c8-425b-b500-5b33e043bf9c,10.123.138.199,4.8,5eb605ab-5f50-4842-973b-9ae9f945abfc,10.123.141.173,1.4,6aa6c4c1-3a64-4b5e-a3f6-3f434ab0efb3,1G,,,,,4.8,,,,true,2025-12-12 08:11:43.973125+00,2025-12-12 08:11:43.973125+00,
4fafb5e4-84d8-4ee0-b2b8-e1668b4bd009,6e5cca5f-9516-4264-811b-309d17a29b6a,eff705a3-7dff-41b4-8764-28b1c34b26f3,,,6e5cca5f-9516-4264-811b-309d17a29b6a,10.123.138.193,6.4,dd6b2686-0d45-4bc7-97ff-8da1cf1ae118,10.123.138.195,4.3,44069fb0-fbe6-4836-ac87-083ab7f44880,1G,,,,,6.4,,,,true,2025-12-09 16:21:41.97878+00,2025-12-09 16:21:41.97878+00,
4fdd3db1-cf4d-4a81-8e91-13dc8773e46d,6ac435ff-0a3f-473a-8c24-51eb7a4dbbbf,a8a8bdc0-29a7-4d83-a5bc-02f14e3f0c71,,,6ac435ff-0a3f-473a-8c24-51eb7a4dbbbf,10.123.138.222,1.6,,,,6aa6c4c1-3a64-4b5e-a3f6-3f434ab0efb3,1G,,,,,1.6,,,,true,2025-12-08 16:17:08.667798+00,2025-12-08 16:17:08.667798+00,
521da643-177a-4fad-8465-758cea8b3d5f,6e5cca5f-9516-4264-811b-309d17a29b6a,796c04b6-085e-4072-a277-18aeddc79043,,,6e5cca5f-9516-4264-811b-309d17a29b6a,10.123.138.193,5.10,0300401d-2969-4703-9bc8-0a1b41f7add3,10.123.138.208,1.6,6aa6c4c1-3a64-4b5e-a3f6-3f434ab0efb3,1G,,,,,5.10,,,,true,2025-12-09 10:58:29.016441+00,2025-12-09 10:58:29.016441+00,
526fad29-40a6-4910-86ee-eadb169905f1,dd6b2686-0d45-4bc7-97ff-8da1cf1ae118,00a6506c-5517-451c-a86b-221faca28ea0,,,dd6b2686-0d45-4bc7-97ff-8da1cf1ae118,10.123.138.195,5.2,7e2a3e99-66b6-486d-8456-9be1242d0fc4,10.123.136.22,2.5,44069fb0-fbe6-4836-ac87-083ab7f44880,1G,,,,,5.2,,,,true,2025-12-10 16:31:00.963549+00,2025-12-10 16:31:00.963549+00,
53c39e30-2141-430f-9f5a-c18c16c30f42,6e5cca5f-9516-4264-811b-309d17a29b6a,ab0e740d-8adf-45a8-85f2-55a4fe1e91c3,,,6e5cca5f-9516-4264-811b-309d17a29b6a,10.123.138.193,2.16,7b39371e-a516-4a54-b4b7-d159a156a702,10.123.138.1,2.6,0570b1bf-ddf8-4a7a-b125-2e4276120f08,2M,,,,,2.16,,,,true,2025-12-13 07:00:34.238938+00,2025-12-13 07:00:34.238938+00,
54e35c9c-ebc8-40a8-9dcc-854ae4c06f95,e32f26aa-e927-4850-bf96-ea92299965b5,73ce0ecd-808b-4977-b114-d28e4fac0fbf,,,e32f26aa-e927-4850-bf96-ea92299965b5,10.123.138.237,2.4,af1cabd1-238b-4bca-bae4-5acdf839438f,10.123.138.11,6.4,6aa6c4c1-3a64-4b5e-a3f6-3f434ab0efb3,,,,,,2.4,,,,true,2025-12-13 09:06:35.209399+00,2025-12-13 09:06:35.209399+00,
551c0fcd-c4e5-48c9-bbf2-8c2041dc175c,f3c35045-7ae4-4f84-92fa-4e3adad52686,a6e02a4a-a552-469b-a554-9cb4c957dfe0,,,f3c35045-7ae4-4f84-92fa-4e3adad52686,10.123.138.196,3.5,af1cabd1-238b-4bca-bae4-5acdf839438f,10.123.138.11,4.5,6aa6c4c1-3a64-4b5e-a3f6-3f434ab0efb3,1G,,,,,3.5,,,,true,2025-12-09 17:39:34.074525+00,2025-12-11 11:21:10.172621+00,
55b8c265-00f1-4553-9ae2-6b719d072586,6e5cca5f-9516-4264-811b-309d17a29b6a,4d0a0c78-0e9c-4c7a-bb28-ed4538e4c94b,,,6e5cca5f-9516-4264-811b-309d17a29b6a,10.123.138.193,5.9,3787ddde-544f-4658-97b4-01dcc10217d8,10.123.136.35,2.5,6aa6c4c1-3a64-4b5e-a3f6-3f434ab0efb3,1G,,,,,5.9,,,,true,2025-12-09 10:51:32.765054+00,2025-12-09 10:51:32.765054+00,
5653ef18-da5e-4b9e-84be-bb6cda562742,f3c35045-7ae4-4f84-92fa-4e3adad52686,e96b5125-f886-4439-b7c2-49fa58741e23,,,f3c35045-7ae4-4f84-92fa-4e3adad52686,10.123.138.196,4.10,45e45063-8612-454d-8469-f002870a22d5,10.123.138.232,2.6,6aa6c4c1-3a64-4b5e-a3f6-3f434ab0efb3,,,,,,4.10,,,,true,2025-12-12 07:13:56.911259+00,2025-12-12 07:13:56.911259+00,
567023ca-07e1-40d6-bdd0-5fe97e4d78d6,f3c35045-7ae4-4f84-92fa-4e3adad52686,8ec7df06-fe78-4519-8918-96062f74f54d,,,f3c35045-7ae4-4f84-92fa-4e3adad52686,10.123.138.196,4.10,21a97b3d-6959-46a5-942e-12a791770da0,10.123.138.242,2.5,6aa6c4c1-3a64-4b5e-a3f6-3f434ab0efb3,1G,,,,,4.10,,,,true,2025-12-12 07:07:25.553328+00,2025-12-12 07:07:25.553328+00,
56c6f973-9cb9-425b-98df-8124fbaa95bf,6e5cca5f-9516-4264-811b-309d17a29b6a,0ca38b64-417c-4def-a288-dfe5ef1016c2,,,6e5cca5f-9516-4264-811b-309d17a29b6a,10.123.138.193,3.5,,,,91bd40a2-2a21-495a-ab06-33adc9871f97,1G,,,,,3.5,6.2,,,true,2025-12-09 07:27:36.764725+00,2025-12-09 07:27:36.764725+00,
57d51150-ea26-4dde-9e29-222f593db4a4,4b66d440-d94d-4f6e-964c-787d1abd464e,0846d152-0954-41c4-adb9-c1dd8ec83651,,,4b66d440-d94d-4f6e-964c-787d1abd464e,10.123.29.196,5.7,d9fee8ce-68af-4ed2-b5f5-8fea028b1853,10.127.0.75,ETH-1-1-17,e3c44b09-c5d7-457c-8c50-5a06efff1262,1G,,,,,5.7,,,,true,2025-12-10 18:21:51.318178+00,2025-12-10 18:21:51.318178+00,
5820af54-2aac-418e-8235-6f5110bf52d9,f3c35045-7ae4-4f84-92fa-4e3adad52686,60cd3ec3-40c3-4cce-811e-b8762868bffd,,,f3c35045-7ae4-4f84-92fa-4e3adad52686,10.123.138.196,4.3,a8611582-e981-4137-95a1-32e6b455e489,10.123.138.247,1.5,44069fb0-fbe6-4836-ac87-083ab7f44880,1G,,,,,4.3,,,,true,2025-12-09 17:58:27.534298+00,2025-12-09 17:58:27.534298+00,
596b30ae-cdb7-4c3c-b826-f750011d92a1,dd6b2686-0d45-4bc7-97ff-8da1cf1ae118,90a876ad-47a4-43ac-b6f1-a8cb20ad5bd5,,,dd6b2686-0d45-4bc7-97ff-8da1cf1ae118,10.123.138.195,3.5,6e5cca5f-9516-4264-811b-309d17a29b6a,10.123.138.193,5.8,6aa6c4c1-3a64-4b5e-a3f6-3f434ab0efb3,,,,,,3.5,,,,true,2025-12-11 05:56:00.120415+00,2025-12-11 05:56:00.120415+00,
5c71c271-2ea7-4da4-96a5-ae25c8728d4a,6e5cca5f-9516-4264-811b-309d17a29b6a,b914bb85-4ff8-4904-8ba0-7a3c60cd5bff,,,6e5cca5f-9516-4264-811b-309d17a29b6a,10.123.138.193,2.14,9993f03e-535c-4ae2-aea4-ac24d04caf30,10.123.29.194,2.14,0570b1bf-ddf8-4a7a-b125-2e4276120f08,2M,,,,,2.14,,,,true,2025-12-13 06:26:00.318906+00,2025-12-13 06:27:35.846663+00,
5cbcdb77-88a4-457d-aac1-9aadfe1676a8,4b66d440-d94d-4f6e-964c-787d1abd464e,d966d1c7-25c2-48bf-8248-d7dbe8085476,,,4b66d440-d94d-4f6e-964c-787d1abd464e,10.123.29.196,3.8,af1cabd1-238b-4bca-bae4-5acdf839438f,10.123.138.11,6.4,6aa6c4c1-3a64-4b5e-a3f6-3f434ab0efb3,,,,,,3.8,,,,true,2025-12-11 07:48:20.998954+00,2025-12-11 07:48:20.998954+00,
5ef5531b-b344-4df4-b8ab-1db4bf1ffe1d,f3c35045-7ae4-4f84-92fa-4e3adad52686,023cb9f8-37a1-4a43-9781-79030f90139a,,,f3c35045-7ae4-4f84-92fa-4e3adad52686,10.123.138.196,4.10,,,,91bd40a2-2a21-495a-ab06-33adc9871f97,,,,,,4.10,,,,true,2025-12-11 10:55:37.457975+00,2025-12-11 10:55:37.457975+00,
60b96063-8e63-4453-8577-9cc5af2e92c1,b6f14e2b-11a4-46c9-96eb-c41d9564bcb3,d92dd490-5a9e-4d25-9a2e-f2918912ca63,,,b6f14e2b-11a4-46c9-96eb-c41d9564bcb3,10.123.138.203,3.7,af1cabd1-238b-4bca-bae4-5acdf839438f,10.123.138.11,6.2,6aa6c4c1-3a64-4b5e-a3f6-3f434ab0efb3,,,,,,3.7,,,,true,2025-12-12 10:17:02.523202+00,2025-12-12 10:20:00.225912+00,
6115eeac-647e-41dc-bc5b-31bc2578c5d3,09b56b00-e0ba-4291-a4b8-ab8dc12dc71d,a53d0183-8cfa-4330-a3d2-d05d69738731,,,09b56b00-e0ba-4291-a4b8-ab8dc12dc71d,10.123.138.197,3.6,9993f03e-535c-4ae2-aea4-ac24d04caf30,10.123.29.194,4.2,6aa6c4c1-3a64-4b5e-a3f6-3f434ab0efb3,1G,,,,,3.6,,,,true,2025-12-12 07:30:27.934937+00,2025-12-12 07:32:36.700826+00,
6225d0bf-4bd4-4008-ae8d-4accccdd36a0,4b66d440-d94d-4f6e-964c-787d1abd464e,bb869698-dc97-49b1-acf5-663b4aba3b51,,,4b66d440-d94d-4f6e-964c-787d1abd464e,10.123.29.196,5.6,af1cabd1-238b-4bca-bae4-5acdf839438f,10.123.138.11,6.2,6aa6c4c1-3a64-4b5e-a3f6-3f434ab0efb3,,,,,,5.6,,,,true,2025-12-11 08:53:19.957931+00,2025-12-11 08:53:19.957931+00,
62adf0f8-8871-47e3-84cc-d859ed04ec71,f3c35045-7ae4-4f84-92fa-4e3adad52686,3068994a-fbd8-44c9-9fd4-1d25e5999b2e,,,f3c35045-7ae4-4f84-92fa-4e3adad52686,10.123.138.196,4.10,,,,91bd40a2-2a21-495a-ab06-33adc9871f97,,,,,,4.10,,,,true,2025-12-11 10:58:32.862242+00,2025-12-11 10:58:32.862242+00,
62c7816b-54b4-477c-9578-ef4d9a546308,6e5cca5f-9516-4264-811b-309d17a29b6a,8a187c3f-304b-4d85-9051-aca321e73800,,,6e5cca5f-9516-4264-811b-309d17a29b6a,10.123.138.193,5.7,dd6b2686-0d45-4bc7-97ff-8da1cf1ae118,10.123.138.195,3.6,6aa6c4c1-3a64-4b5e-a3f6-3f434ab0efb3,,,,,,5.7,,,,true,2025-12-09 10:35:04.852569+00,2025-12-13 05:14:38.227906+00,6.5
630206b8-2cc7-4189-a80f-6de19b621a9d,6e5cca5f-9516-4264-811b-309d17a29b6a,428b59c0-a774-4db0-a293-24e02cf3832d,,,6e5cca5f-9516-4264-811b-309d17a29b6a,10.123.138.193,2.12,73204d93-4407-4ae0-9e4b-deabdefbca1e,10.123.142.91,2.2,0570b1bf-ddf8-4a7a-b125-2e4276120f08,2M,,,,,2.12,,,,true,2025-12-13 06:47:31.24472+00,2025-12-13 06:47:31.24472+00,
6305e3a6-3059-4a12-9e73-e2e8bad6c3e7,4b66d440-d94d-4f6e-964c-787d1abd464e,8254a0ee-edac-420e-86ce-073484c8a8ac,,,4b66d440-d94d-4f6e-964c-787d1abd464e,10.123.29.196,4.3,3ba1c0fc-69c1-41db-acc4-f4e8d4cfd413,10.123.25.65,5.5,6aa6c4c1-3a64-4b5e-a3f6-3f434ab0efb3,,,,,,4.3,,,,true,2025-12-10 18:13:04.786699+00,2025-12-11 08:06:37.763204+00,
639abedf-5e68-40e1-bff4-0bb0c295c91d,6e5cca5f-9516-4264-811b-309d17a29b6a,9c45dd10-0b48-4ab4-b320-42a8ee7472fc,,,6e5cca5f-9516-4264-811b-309d17a29b6a,10.123.138.193,2.20,76dc4063-6853-4be3-8a22-dee4d71b025d,10.123.141.135,2.8,0570b1bf-ddf8-4a7a-b125-2e4276120f08,2M,,,,,2.20,,,,true,2025-12-13 07:05:27.946895+00,2025-12-13 07:07:47.787991+00,
63c89d46-9bba-4dd5-9b00-47b0103aa9c5,6e5cca5f-9516-4264-811b-309d17a29b6a,c76740b6-f5ac-4c11-ae03-293f6926777b,,,6e5cca5f-9516-4264-811b-309d17a29b6a,10.123.138.193,5.7,a3f1bd20-41d7-489a-ab31-dc8c3412e0f6,10.123.29.225,2.4,6aa6c4c1-3a64-4b5e-a3f6-3f434ab0efb3,1G,,,,,5.7,,,,true,2025-12-09 09:53:33.254248+00,2025-12-09 09:53:33.254248+00,
648529fb-d11d-40bf-a231-906d620c83c6,4b66d440-d94d-4f6e-964c-787d1abd464e,ea8ba34c-98cc-4100-8471-824348326e65,,,4b66d440-d94d-4f6e-964c-787d1abd464e,10.123.29.196,6.4,adf8c208-c8a2-4ca6-9d62-e315d6ebabc1,10.123.138.228,2.6,44069fb0-fbe6-4836-ac87-083ab7f44880,1G,,,,,6.4,,,,true,2025-12-10 18:27:25.494316+00,2025-12-10 18:28:23.525953+00,
655a8a1b-3b61-4701-8be3-23c3d9982639,d9e00379-f20b-470d-a83f-be40c8f77d2c,4d549867-ee73-49ba-b4f8-26d97e9667c9,,,d9e00379-f20b-470d-a83f-be40c8f77d2c,10.123.138.198,3.4,ce047b30-33c8-425b-b500-5b33e043bf9c,10.123.138.199,4.2,44069fb0-fbe6-4836-ac87-083ab7f44880,1G,,,,,3.4,,,,true,2025-12-08 15:04:03.94049+00,2025-12-08 15:04:03.94049+00,
6613ae62-031f-4fdf-8678-bebcf396d778,f3c35045-7ae4-4f84-92fa-4e3adad52686,a503c06c-c226-423e-bba0-2ef41ac1027f,,,f3c35045-7ae4-4f84-92fa-4e3adad52686,10.123.138.196,3.9,b057a5ce-0436-402f-90c6-b30d2f4ef00a,10.127.0.81,ETH-1-1-17,e3c44b09-c5d7-457c-8c50-5a06efff1262,1G,,,,,3.9,,,,true,2025-12-09 17:50:05.792603+00,2025-12-09 17:50:05.792603+00,
66e33421-6a4d-44e8-a5e0-1f79f123c09d,4b66d440-d94d-4f6e-964c-787d1abd464e,5aae64dc-5484-4ce8-aa4b-d678c75d5f70,,,4b66d440-d94d-4f6e-964c-787d1abd464e,10.123.29.196,3.9,af1cabd1-238b-4bca-bae4-5acdf839438f,10.123.138.11,5.5,6aa6c4c1-3a64-4b5e-a3f6-3f434ab0efb3,1G,,,,,3.9,,,,true,2025-12-10 17:56:21.450437+00,2025-12-11 07:04:46.954437+00,
67c3cd23-85fe-4caf-b6b3-dd98a990536f,ce047b30-33c8-425b-b500-5b33e043bf9c,9fb2de03-6c92-49f1-b08a-3cbcb5946b37,,,ce047b30-33c8-425b-b500-5b33e043bf9c,10.123.138.199,3.6,6e5cca5f-9516-4264-811b-309d17a29b6a,10.123.138.193,5.10,6aa6c4c1-3a64-4b5e-a3f6-3f434ab0efb3,,,,,,3.6,,,,true,2025-12-12 08:01:13.074413+00,2025-12-12 08:01:13.074413+00,
681ff05f-6a93-43ea-bb0c-2efe78b3a414,6e5cca5f-9516-4264-811b-309d17a29b6a,1a3b4bbb-1e8a-4ff5-a335-09953f4b47ca,,,6e5cca5f-9516-4264-811b-309d17a29b6a,10.123.138.193,4.6,,,,91bd40a2-2a21-495a-ab06-33adc9871f97,1G,,,,,4.6,6.2,,,true,2025-12-09 07:57:46.160376+00,2025-12-09 07:59:27.330777+00,
6967f092-3112-4242-9136-a9a86811f6e0,f3c35045-7ae4-4f84-92fa-4e3adad52686,86a9100a-a276-491b-a027-03c1529ad6e2,,,f3c35045-7ae4-4f84-92fa-4e3adad52686,10.123.138.196,4.9,883e61fd-1d85-4975-887b-ac0c25985d32,10.123.138.241,2.4,e3c44b09-c5d7-457c-8c50-5a06efff1262,1G,,,,,4.9,,,,true,2025-12-09 18:00:53.942849+00,2025-12-09 18:00:53.942849+00,
6a42c81c-0d2d-41a8-b291-6342fdb03a43,6e5cca5f-9516-4264-811b-309d17a29b6a,bb93ae6d-d10c-45ca-ab18-7b68613c8790,,,6e5cca5f-9516-4264-811b-309d17a29b6a,10.123.138.193,4.1,4b66d440-d94d-4f6e-964c-787d1abd464e,10.123.29.196,3.1,44069fb0-fbe6-4836-ac87-083ab7f44880,10G,,,,,4.1,,,,true,2025-12-09 09:09:15.320002+00,2025-12-09 09:09:15.320002+00,
6ac7d7d1-81bc-4962-929d-e23c1833bb1c,f3c35045-7ae4-4f84-92fa-4e3adad52686,37ace94a-52d7-4cc0-85ab-10b1abe2f7bb,,,f3c35045-7ae4-4f84-92fa-4e3adad52686,10.123.138.196,3.5,9993f03e-535c-4ae2-aea4-ac24d04caf30,10.123.29.194,4.2,6aa6c4c1-3a64-4b5e-a3f6-3f434ab0efb3,1G,,,,,3.5,,,,true,2025-12-09 17:40:44.340758+00,2025-12-11 12:05:22.025304+00,
6b86b09a-c609-4cf1-b3dc-7d228b210875,f3c35045-7ae4-4f84-92fa-4e3adad52686,023cb9f8-37a1-4a43-9781-79030f90139a,,,f3c35045-7ae4-4f84-92fa-4e3adad52686,10.123.138.196,3.3,,,,91bd40a2-2a21-495a-ab06-33adc9871f97,,,,,,3.3,,,,true,2025-12-11 10:55:15.346733+00,2025-12-11 10:55:15.346733+00,
6f186807-c1e2-41a6-a804-14a3735c6f28,6e5cca5f-9516-4264-811b-309d17a29b6a,066dc680-98c6-4b7a-82b6-06a47be03c82,,,6e5cca5f-9516-4264-811b-309d17a29b6a,10.123.138.193,3.1,dd6b2686-0d45-4bc7-97ff-8da1cf1ae118,10.123.138.195,3.1,44069fb0-fbe6-4836-ac87-083ab7f44880,,,,,,3.1,,,,true,2025-12-08 10:46:13.921921+00,2025-12-08 10:46:13.921921+00,
6f89cf6f-7254-45f2-abd6-c9f40251c5b5,dd6b2686-0d45-4bc7-97ff-8da1cf1ae118,7db41e76-38e9-4059-bece-4238d3508d9b,,,dd6b2686-0d45-4bc7-97ff-8da1cf1ae118,10.123.138.195,6.5,,,,d7d6d7dd-97fe-4193-a2d7-c75b01717a9f,,,,,,6.5,,,,true,2025-12-11 06:33:47.75914+00,2025-12-11 06:33:47.75914+00,
72a28ee8-12c3-42eb-95c8-f3030f2afe9c,4b66d440-d94d-4f6e-964c-787d1abd464e,5fa692c0-430a-448c-a9b1-51b3549cbd2b,,,4b66d440-d94d-4f6e-964c-787d1abd464e,10.123.29.196,5.5,bcdf5f9c-2a10-4ce3-8ad4-031bc42dacbb,10.123.141.132,5.1,6aa6c4c1-3a64-4b5e-a3f6-3f434ab0efb3,,,,,,5.5,,,,true,2025-12-11 08:17:42.850425+00,2025-12-11 08:20:10.242827+00,
72d38f0f-ca83-488c-a05d-31d7887c41a0,4b66d440-d94d-4f6e-964c-787d1abd464e,ea9ec43a-2776-4e86-898b-9f00dbb6c3fc,,,4b66d440-d94d-4f6e-964c-787d1abd464e,10.123.29.196,6.6,f4cadc29-e429-47be-9c5a-73838734809c,10.123.25.134,5.1,6aa6c4c1-3a64-4b5e-a3f6-3f434ab0efb3,,,,,,6.6,,,,true,2025-12-11 09:23:21.511046+00,2025-12-11 09:23:21.511046+00,
7409e227-8bd7-42b0-9718-768496a51a91,f3c35045-7ae4-4f84-92fa-4e3adad52686,4bfbaaa9-11ea-4895-a9c4-02349eda7c63,,,f3c35045-7ae4-4f84-92fa-4e3adad52686,10.123.138.196,3.8,9993f03e-535c-4ae2-aea4-ac24d04caf30,10.123.29.194,4.4,6aa6c4c1-3a64-4b5e-a3f6-3f434ab0efb3,1G,,,,,3.8,,,,true,2025-12-09 17:47:56.515389+00,2025-12-11 11:16:44.929465+00,
74aec8a2-c32d-411e-b4bb-cdd61d3bca4d,6e5cca5f-9516-4264-811b-309d17a29b6a,4b0dd6af-fd80-4fb8-ba6f-ae335ae7099c,,HNV-BSNL-OLT-P1,6e5cca5f-9516-4264-811b-309d17a29b6a,10.123.138.193,3.5,,,,91bd40a2-2a21-495a-ab06-33adc9871f97,1G,,,,,3.5,5.7,,,true,2025-12-09 07:00:42.568019+00,2025-12-09 07:27:51.643472+00,
755bd642-dd47-46e6-ac8b-6102c62dcb5a,e32f26aa-e927-4850-bf96-ea92299965b5,e7084189-e07d-4b31-9246-b96fcd7f9009,,,e32f26aa-e927-4850-bf96-ea92299965b5,10.123.138.237,1.6,af1cabd1-238b-4bca-bae4-5acdf839438f,10.123.138.11,6.4,6aa6c4c1-3a64-4b5e-a3f6-3f434ab0efb3,,,,,,1.6,,,,true,2025-12-13 08:28:53.751787+00,2025-12-13 08:28:53.751787+00,
7568961c-a340-48a1-93cd-4363b57b7b4e,6e5cca5f-9516-4264-811b-309d17a29b6a,0946d238-2377-4f97-b268-0d17a53c0497,,,6e5cca5f-9516-4264-811b-309d17a29b6a,10.123.138.193,6.3,877d8e52-72d7-4e9c-9b76-ae634f5baa3c,10.127.0.67,ETH-1-1-3,44069fb0-fbe6-4836-ac87-083ab7f44880,1G,,,,,6.3,,,,true,2025-12-09 16:19:21.41547+00,2025-12-09 16:19:21.41547+00,
757a9388-fbd6-484a-9f2b-3022a2ae52e3,b6f14e2b-11a4-46c9-96eb-c41d9564bcb3,f48fedd7-f9f9-44ef-9c96-0d16b6ec5c57,,,b6f14e2b-11a4-46c9-96eb-c41d9564bcb3,10.123.138.203,4.1,7b09b730-2091-4987-90d7-394ae8c43f22,10.123.138.2,5.1,44069fb0-fbe6-4836-ac87-083ab7f44880,10G,,,,,4.1,,,,true,2025-12-12 08:24:54.787493+00,2025-12-12 08:24:54.787493+00,
75ec5805-b237-4183-880b-6e319c588379,4b66d440-d94d-4f6e-964c-787d1abd464e,1b3a1f9c-b51d-4616-9f19-043ce5773878,,,4b66d440-d94d-4f6e-964c-787d1abd464e,10.123.29.196,3.2,b72ea367-47e2-4cb6-af57-75fdbefa7cba,10.123.138.65,3.2,6aa6c4c1-3a64-4b5e-a3f6-3f434ab0efb3,,,,,,3.2,,,,true,2025-12-11 07:59:38.110186+00,2025-12-11 07:59:38.110186+00,
7793fb87-ee60-4bc5-b5a0-50a55d7a3439,dd6b2686-0d45-4bc7-97ff-8da1cf1ae118,28d390c7-371d-4d6a-a12a-cdf14a697720,,,dd6b2686-0d45-4bc7-97ff-8da1cf1ae118,10.123.138.195,3.3,7b39371e-a516-4a54-b4b7-d159a156a702,10.123.138.1,3.7,6aa6c4c1-3a64-4b5e-a3f6-3f434ab0efb3,1G,,,,,3.3,,,,true,2025-12-10 16:07:49.247694+00,2025-12-10 16:07:49.247694+00,
791de680-b669-418a-b264-9ac77f3c97b0,d9e00379-f20b-470d-a83f-be40c8f77d2c,ed5f118f-7977-4d98-a65f-7a00df2508fd,,,d9e00379-f20b-470d-a83f-be40c8f77d2c,10.123.138.198,3.1,09b56b00-e0ba-4291-a4b8-ab8dc12dc71d,10.123.138.197,4.1,44069fb0-fbe6-4836-ac87-083ab7f44880,10G,,,,,3.1,,,,true,2025-12-08 14:49:53.984883+00,2025-12-08 14:49:53.984883+00,
7a3d1c32-390f-44df-af00-6f22319e8b4f,4b66d440-d94d-4f6e-964c-787d1abd464e,e0ca2ca9-0f36-4c40-8629-14f74fee53f1,,,4b66d440-d94d-4f6e-964c-787d1abd464e,10.123.29.196,4.4,d936b53e-7ccb-4319-9e56-8bd072b9b257,10.123.138.231,2.5,44069fb0-fbe6-4836-ac87-083ab7f44880,1G,,,,,4.4,,,,true,2025-12-10 18:14:15.65686+00,2025-12-10 18:14:15.65686+00,
7b1b91b2-0b65-4ef5-8853-fc8c03fd81a5,b6f14e2b-11a4-46c9-96eb-c41d9564bcb3,3e00d62c-86fb-4dab-b3b3-69eb15793299,,,b6f14e2b-11a4-46c9-96eb-c41d9564bcb3,10.123.138.203,3.7,af1cabd1-238b-4bca-bae4-5acdf839438f,10.123.138.11,6.2,6aa6c4c1-3a64-4b5e-a3f6-3f434ab0efb3,,,,,,3.7,,,,true,2025-12-12 10:15:39.456133+00,2025-12-12 10:15:39.456133+00,
7baa030b-97a2-444a-a993-a79936f70f1d,f3c35045-7ae4-4f84-92fa-4e3adad52686,f85c4c2b-50e6-4868-b861-71245aeae98c,,,f3c35045-7ae4-4f84-92fa-4e3adad52686,10.123.138.196,3.6,af1cabd1-238b-4bca-bae4-5acdf839438f,10.123.138.11,4.5,44069fb0-fbe6-4836-ac87-083ab7f44880,1G,,,,,3.6,,,,true,2025-12-09 17:43:00.69024+00,2025-12-11 10:51:42.397212+00,
7bf5655c-a1c5-4973-b113-1df624ec80ab,dd6b2686-0d45-4bc7-97ff-8da1cf1ae118,0229467c-bb48-4726-8c2f-cb17c2c93728,,,dd6b2686-0d45-4bc7-97ff-8da1cf1ae118,10.123.138.195,3.5,6e5cca5f-9516-4264-811b-309d17a29b6a,10.123.138.193,5.8,6aa6c4c1-3a64-4b5e-a3f6-3f434ab0efb3,1G,,,,,3.5,,,,true,2025-12-11 05:45:22.477996+00,2025-12-11 05:45:22.477996+00,
7e441f11-38d9-4eb9-aea0-a01d54b37b79,6e5cca5f-9516-4264-811b-309d17a29b6a,a477c4bb-7da4-4725-a3c0-0dd7fe47edd5,,,6e5cca5f-9516-4264-811b-309d17a29b6a,10.123.138.193,3.4,877d8e52-72d7-4e9c-9b76-ae634f5baa3c,10.127.0.67,,91bd40a2-2a21-495a-ab06-33adc9871f97,1G,,,,,3.4,6.2,,,true,2025-12-08 12:12:37.665261+00,2025-12-08 12:41:03.204152+00,
8050add0-626f-4b40-b442-6c58a5e8b2be,4b66d440-d94d-4f6e-964c-787d1abd464e,33d5a935-2a80-4b1f-ba0b-c3fa3b19792f,,,4b66d440-d94d-4f6e-964c-787d1abd464e,10.123.29.196,3.3,9993f03e-535c-4ae2-aea4-ac24d04caf30,10.123.29.194,3.4,6aa6c4c1-3a64-4b5e-a3f6-3f434ab0efb3,,,,,,3.3,,,,true,2025-12-11 07:08:41.153954+00,2025-12-11 07:08:41.153954+00,
80c614ac-3e7c-448f-9feb-f2f85d8ad938,f3c35045-7ae4-4f84-92fa-4e3adad52686,661bb68d-2ce1-4204-95fc-7d7c5ddec8fd,,,f3c35045-7ae4-4f84-92fa-4e3adad52686,10.123.138.196,4.6,,,,91bd40a2-2a21-495a-ab06-33adc9871f97,1G,,,,,4.6,4.10,,,true,2025-12-11 12:29:51.28561+00,2025-12-11 12:29:51.28561+00,
8191eb58-7457-4b36-9456-17da838baa60,6e5cca5f-9516-4264-811b-309d17a29b6a,76563bda-cbd4-47c9-b81b-bbf8021d6329,,,6e5cca5f-9516-4264-811b-309d17a29b6a,10.123.138.193,4.2,3e5f8e29-0b30-46e5-95c8-4c70318c4b3f,10.123.138.204,1.5,44069fb0-fbe6-4836-ac87-083ab7f44880,1G,,,,,4.2,,,,true,2025-12-09 09:06:38.51334+00,2025-12-09 09:06:38.51334+00,
81b52662-4815-4cdb-a1ef-7dc603262c31,c53cb398-c968-4f8f-a6e5-8ea8c33b1c5a,2c0c8a9b-4db7-4685-b02a-284f716b4d70,,,c53cb398-c968-4f8f-a6e5-8ea8c33b1c5a,10.123.138.249,2.4,,,,6aa6c4c1-3a64-4b5e-a3f6-3f434ab0efb3,1G,,,,,2.4,,,,true,2025-12-08 17:22:53.060246+00,2025-12-08 17:22:53.060246+00,
831197d0-f39a-4888-9770-9d084dc60bdd,f3c35045-7ae4-4f84-92fa-4e3adad52686,86fc9c4d-b4b5-4a39-8ad9-5bf1a5b7e5cb,,,f3c35045-7ae4-4f84-92fa-4e3adad52686,10.123.138.196,4.11,b057a5ce-0436-402f-90c6-b30d2f4ef00a,10.127.0.81,ETH-1-1-19,e3c44b09-c5d7-457c-8c50-5a06efff1262,1G,,,,,4.11,,,,true,2025-12-09 17:55:09.95094+00,2025-12-09 17:55:09.95094+00,
842476c7-54e2-4737-8093-15dc7db03a1f,a5c0276a-d7d9-4bcd-aff6-f216b5f38fec,25b9213b-b3cf-41b0-a7cf-6969a30417b4,,,a5c0276a-d7d9-4bcd-aff6-f216b5f38fec,10.123.138.213,2.3,9993f03e-535c-4ae2-aea4-ac24d04caf30,10.123.29.194,4.2,6aa6c4c1-3a64-4b5e-a3f6-3f434ab0efb3,1G,,,,,2.3,,,,true,2025-12-13 10:40:29.719938+00,2025-12-13 10:40:29.719938+00,
84e7f63b-3109-422a-b88c-17cbd6cb9571,6e5cca5f-9516-4264-811b-309d17a29b6a,8ad7b79b-d4d7-4be7-98dd-0b8ce92e8210,,,6e5cca5f-9516-4264-811b-309d17a29b6a,10.123.138.193,3.2,1160d8b7-c01d-4eaa-b130-75ac245bbd4e,10.123.138.216,1.5,44069fb0-fbe6-4836-ac87-083ab7f44880,,,,,,3.2,,,,true,2025-12-08 10:46:14.175101+00,2025-12-08 10:46:14.175101+00,
8539dd48-262b-4763-b3fd-c144c3563a2e,6e5cca5f-9516-4264-811b-309d17a29b6a,169bd8d7-b470-42aa-9b15-4f98266802f4,,,6e5cca5f-9516-4264-811b-309d17a29b6a,10.123.138.193,2.13,9993f03e-535c-4ae2-aea4-ac24d04caf30,10.123.29.194,2.13,0570b1bf-ddf8-4a7a-b125-2e4276120f08,2M,,,,,2.13,,,,true,2025-12-13 06:29:48.363805+00,2025-12-13 06:29:48.363805+00,
8755d719-b8d9-49c3-8d87-90fb83bce141,e32f26aa-e927-4850-bf96-ea92299965b5,cb31285f-8b88-4db8-b9f1-05e93ae331d5,,,e32f26aa-e927-4850-bf96-ea92299965b5,10.123.138.237,2.4,af1cabd1-238b-4bca-bae4-5acdf839438f,10.123.138.11,6.4,6aa6c4c1-3a64-4b5e-a3f6-3f434ab0efb3,,,,,,2.4,,,,true,2025-12-13 09:03:15.506275+00,2025-12-13 09:03:15.506275+00,
8876ae13-6836-4d1c-9b02-273393dee7bf,0300401d-2969-4703-9bc8-0a1b41f7add3,420a435f-8309-4cfb-b5a4-fa8565aa7a6b,,,0300401d-2969-4703-9bc8-0a1b41f7add3,10.123.138.208,1.3,,,,6aa6c4c1-3a64-4b5e-a3f6-3f434ab0efb3,1G,,,,,1.3,,,,true,2025-12-13 09:28:50.940814+00,2025-12-13 09:28:50.940814+00,
89d22bdc-ae00-4cc0-a20e-e2cfaa6842a5,dd6b2686-0d45-4bc7-97ff-8da1cf1ae118,cc06ae35-029a-4684-b0f1-c68e7d84987f,,,dd6b2686-0d45-4bc7-97ff-8da1cf1ae118,10.123.138.195,3.5,6e5cca5f-9516-4264-811b-309d17a29b6a,10.123.138.193,5.8,6aa6c4c1-3a64-4b5e-a3f6-3f434ab0efb3,,,,,,3.5,,,,true,2025-12-11 05:52:03.518914+00,2025-12-11 05:52:03.518914+00,
89db22a9-215f-4f3f-8e2c-ab690051ac70,f3c35045-7ae4-4f84-92fa-4e3adad52686,597f0a21-84b5-4245-be59-19a7f8aa2830,,,f3c35045-7ae4-4f84-92fa-4e3adad52686,10.123.138.196,3.5,9993f03e-535c-4ae2-aea4-ac24d04caf30,10.123.29.194,4.2,6aa6c4c1-3a64-4b5e-a3f6-3f434ab0efb3,1G,,,,,3.5,,,,true,2025-12-09 17:38:43.400308+00,2025-12-11 11:24:57.861392+00,
8a28e9c5-7d8c-491a-aa43-44a1aad8a83f,f3c35045-7ae4-4f84-92fa-4e3adad52686,b899c3a5-2add-4046-89a3-5d707ef9a144,,,f3c35045-7ae4-4f84-92fa-4e3adad52686,10.123.138.196,4.10,,,,91bd40a2-2a21-495a-ab06-33adc9871f97,1G,,,,,4.10,3.3,,,true,2025-12-11 12:26:07.330816+00,2025-12-11 12:26:07.330816+00,
8a56a52d-2b0e-4b44-a5d6-71b8d9c916ea,e32f26aa-e927-4850-bf96-ea92299965b5,29cb2378-44b6-4610-9266-878fb498e91a,,,e32f26aa-e927-4850-bf96-ea92299965b5,10.123.138.237,1.3,af1cabd1-238b-4bca-bae4-5acdf839438f,10.123.138.11,6.4,6aa6c4c1-3a64-4b5e-a3f6-3f434ab0efb3,,,,,,1.3,,,,true,2025-12-13 08:37:44.454375+00,2025-12-13 08:37:44.454375+00,
8bf20cae-b6fb-4af6-9212-670b46b8416f,b6f14e2b-11a4-46c9-96eb-c41d9564bcb3,7db41e76-38e9-4059-bece-4238d3508d9b,,,b6f14e2b-11a4-46c9-96eb-c41d9564bcb3,10.123.138.203,4.3,9ae08f1a-b4fa-48db-a511-ffc5e786e82e,10.123.25.100,2.5,d7d6d7dd-97fe-4193-a2d7-c75b01717a9f,,,,,,4.3,,,,true,2025-12-12 08:27:51.350962+00,2025-12-12 09:59:54.37658+00,
8dca369f-5224-4081-ad8c-f250e23f7964,6e5cca5f-9516-4264-811b-309d17a29b6a,7db41e76-38e9-4059-bece-4238d3508d9b,,,6e5cca5f-9516-4264-811b-309d17a29b6a,10.123.138.193,5.5,,,,d7d6d7dd-97fe-4193-a2d7-c75b01717a9f,,,,,,5.5,,,,true,2025-12-09 09:58:02.831614+00,2025-12-09 09:58:02.831614+00,
8e31d345-1731-471f-925b-cd7497517ddb,b6f14e2b-11a4-46c9-96eb-c41d9564bcb3,c0083bd8-c925-4372-804b-fdd90898d50e,,,b6f14e2b-11a4-46c9-96eb-c41d9564bcb3,10.123.138.203,4.3,b72ea367-47e2-4cb6-af57-75fdbefa7cba,10.123.138.65,3.2,6aa6c4c1-3a64-4b5e-a3f6-3f434ab0efb3,,,,,,4.3,,,,true,2025-12-12 09:29:23.099623+00,2025-12-12 09:30:09.116589+00,
8e58af51-86f1-4c9b-9f19-c0b531bf19de,6e5cca5f-9516-4264-811b-309d17a29b6a,8464956b-d029-4be0-8418-ce8a4843bb71,,,6e5cca5f-9516-4264-811b-309d17a29b6a,10.123.138.193,3.11,c5db764c-f5d3-4c8f-aaa3-05a095ea008f,10.123.138.253,1.3,44069fb0-fbe6-4836-ac87-083ab7f44880,,,,,,3.11,,,,true,2025-12-08 10:45:48.213562+00,2025-12-08 10:46:13.72549+00,
8eb97813-479e-4ec4-adb1-1f6089eb5cc2,6e5cca5f-9516-4264-811b-309d17a29b6a,461e9ded-5322-4162-998b-1600e2478670,,,6e5cca5f-9516-4264-811b-309d17a29b6a,10.123.138.193,6.8,c15780e5-6039-494d-993d-dced5d450390,10.123.138.245,1.3,e3c44b09-c5d7-457c-8c50-5a06efff1262,1G,,,,,6.8,,,,true,2025-12-10 05:34:08.272212+00,2025-12-10 05:34:08.272212+00,
90b43fa0-57bb-4577-a54d-1f17ecd32965,6e5cca5f-9516-4264-811b-309d17a29b6a,8a4c73b0-81d7-4810-94f7-6ffcf35cbe3a,,,6e5cca5f-9516-4264-811b-309d17a29b6a,10.123.138.193,5.7,f3c35045-7ae4-4f84-92fa-4e3adad52686,10.123.138.196,3.2,6aa6c4c1-3a64-4b5e-a3f6-3f434ab0efb3,1G,,,,,5.7,,,,true,2025-12-09 09:48:03.869333+00,2025-12-09 09:48:03.869333+00,
9354d797-5984-4a54-bc1d-12cc4eb08e90,f3c35045-7ae4-4f84-92fa-4e3adad52686,62b94e5a-f21a-40bc-99cf-e97c41cd87ce,,,f3c35045-7ae4-4f84-92fa-4e3adad52686,10.123.138.196,4.1,09b56b00-e0ba-4291-a4b8-ab8dc12dc71d,10.123.138.197,3.1,44069fb0-fbe6-4836-ac87-083ab7f44880,10G,,,,,4.1,,,,true,2025-12-09 17:51:41.808396+00,2025-12-09 17:51:41.808396+00,
93f3afa1-0c2f-4d44-9f19-4efaf86ddae0,4b66d440-d94d-4f6e-964c-787d1abd464e,b75d109b-ddd9-4696-8858-54e9a3b51378,,,4b66d440-d94d-4f6e-964c-787d1abd464e,10.123.29.196,3.2,b72ea367-47e2-4cb6-af57-75fdbefa7cba,10.123.138.65,3.2,6aa6c4c1-3a64-4b5e-a3f6-3f434ab0efb3,,,,,,3.2,,,,true,2025-12-11 07:41:01.878788+00,2025-12-11 07:41:01.878788+00,
94290f5d-9ab5-4c24-80de-79b1d728c977,b6f14e2b-11a4-46c9-96eb-c41d9564bcb3,05ea1d60-ba46-4d0c-b556-bbcd9b7bb1d3,,,b6f14e2b-11a4-46c9-96eb-c41d9564bcb3,10.123.138.203,3.9,885969e9-b8e8-44f3-ae17-02e0b75d27c2,10.123.136.1,4.3,6aa6c4c1-3a64-4b5e-a3f6-3f434ab0efb3,1G,,,,,3.9,,,,true,2025-12-12 12:38:50.820458+00,2025-12-13 05:44:24.188883+00,
94841b5a-1f06-49b3-b224-56258b457fd9,a5c0276a-d7d9-4bcd-aff6-f216b5f38fec,6df017c2-c971-4b36-ad2e-99f05787f6a6,,,a5c0276a-d7d9-4bcd-aff6-f216b5f38fec,10.123.138.213,1.5,eecca086-c25f-4671-afa5-131b7b9352e3,10.123.138.214,2.5,44069fb0-fbe6-4836-ac87-083ab7f44880,1G,,,,,1.5,,,,true,2025-12-13 09:53:28.111764+00,2025-12-13 09:53:28.111764+00,
955b8207-28b6-49b6-87f5-f8e15dca94e8,f3c35045-7ae4-4f84-92fa-4e3adad52686,f81a1aba-9797-432b-96c2-82cb96d99c6b,,,f3c35045-7ae4-4f84-92fa-4e3adad52686,10.123.138.196,3.5,5eb605ab-5f50-4842-973b-9ae9f945abfc,10.123.141.173,1.4,44069fb0-fbe6-4836-ac87-083ab7f44880,1G,,,,,3.5,,,,true,2025-12-09 17:36:38.133823+00,2025-12-11 12:04:03.418126+00,
955d174e-36bc-40fd-bcab-acda6aab1267,0300401d-2969-4703-9bc8-0a1b41f7add3,733e2f4e-cd17-4089-9008-1a784c7cd6b7,,,0300401d-2969-4703-9bc8-0a1b41f7add3,10.123.138.208,1.5,645687d9-733f-473d-8b43-9a15b23888b5,10.123.138.207,2.5,44069fb0-fbe6-4836-ac87-083ab7f44880,,,,,,1.5,,,,true,2025-12-13 09:21:43.050727+00,2025-12-13 09:21:43.050727+00,
95769ce2-3cbb-412d-82d2-2a4c411e1f7a,ce047b30-33c8-425b-b500-5b33e043bf9c,0c69cb37-0751-471c-b3a6-84727a9e0dff,,,ce047b30-33c8-425b-b500-5b33e043bf9c,10.123.138.199,3.8,b98e3bec-f1a3-4702-a11d-519b1e480f8f,10.123.138.227,1.3,e3c44b09-c5d7-457c-8c50-5a06efff1262,1G,,,,,3.8,,,,true,2025-12-12 07:45:21.062849+00,2025-12-12 07:45:21.062849+00,
9638089e-ff22-4a20-8645-c1049bb647bf,6e5cca5f-9516-4264-811b-309d17a29b6a,aaaf44d4-c7d0-457d-aeb3-6c9c1e002994,,,6e5cca5f-9516-4264-811b-309d17a29b6a,10.123.138.193,3.3,7b39371e-a516-4a54-b4b7-d159a156a702,10.123.138.1,3.7,6aa6c4c1-3a64-4b5e-a3f6-3f434ab0efb3,1G,,,,,3.3,,,,true,2025-12-08 12:33:02.760986+00,2025-12-08 12:33:02.760986+00,
96cf7716-85d1-47d7-96ca-525d946b0dae,b6f14e2b-11a4-46c9-96eb-c41d9564bcb3,f06380ef-b0fb-44be-9a02-10d9a047adda,,,b6f14e2b-11a4-46c9-96eb-c41d9564bcb3,10.123.138.203,3.9,885969e9-b8e8-44f3-ae17-02e0b75d27c2,10.123.136.1,4.3,6aa6c4c1-3a64-4b5e-a3f6-3f434ab0efb3,,,,,,3.9,,,,true,2025-12-12 12:37:34.081855+00,2025-12-13 05:42:02.837791+00,
97b473e3-43c1-4ce4-8fc6-94fea742048c,f3c35045-7ae4-4f84-92fa-4e3adad52686,a4f94afe-dcaf-4e76-a588-42346144b0bb,,,f3c35045-7ae4-4f84-92fa-4e3adad52686,10.123.138.196,3.3,,,,91bd40a2-2a21-495a-ab06-33adc9871f97,1G,,,,,3.3,,,,true,2025-12-11 11:14:48.49377+00,2025-12-11 11:14:48.49377+00,
9ac35382-653b-47d8-9970-82d286af9887,6e5cca5f-9516-4264-811b-309d17a29b6a,dfe52656-e01b-4d57-86ff-35fd9fd9981f,,,,,,,,,e3c44b09-c5d7-457c-8c50-5a06efff1262,,,,,,NMS,,,,true,2025-12-09 08:16:43.276693+00,2025-12-09 08:16:43.276693+00,
9af6d286-ce49-476a-bf08-d7f0f975f9f4,09b56b00-e0ba-4291-a4b8-ab8dc12dc71d,fac411b9-a8c6-4f60-84e9-8561f38f0f8c,,,09b56b00-e0ba-4291-a4b8-ab8dc12dc71d,10.123.138.197,3.6,9993f03e-535c-4ae2-aea4-ac24d04caf30,10.123.29.194,4.2,6aa6c4c1-3a64-4b5e-a3f6-3f434ab0efb3,1G,,,,,3.6,,,,true,2025-12-12 07:27:32.326356+00,2025-12-12 07:31:56.758331+00,
9b05740c-aafd-4716-9e04-8dae02618b6e,d9e00379-f20b-470d-a83f-be40c8f77d2c,56b7fa2e-b917-4f34-bc29-ec0f7a9f63ab,,,d9e00379-f20b-470d-a83f-be40c8f77d2c,10.123.138.198,3.5,,,,6aa6c4c1-3a64-4b5e-a3f6-3f434ab0efb3,1G,,,,,3.5,,,,true,2025-12-08 15:08:59.540041+00,2025-12-11 17:03:43.719739+00,
9d256035-fd64-4277-bdb7-9d0d1aa987d4,6e5cca5f-9516-4264-811b-309d17a29b6a,ed39a4f5-8b3a-4bc9-afc2-e56056cf4754,,,6e5cca5f-9516-4264-811b-309d17a29b6a,10.123.138.193,3.3,3ba1c0fc-69c1-41db-acc4-f4e8d4cfd413,10.123.25.65,5.5,6aa6c4c1-3a64-4b5e-a3f6-3f434ab0efb3,1G,,,,,3.3,,,,true,2025-12-09 07:09:58.417704+00,2025-12-09 07:09:58.417704+00,
9d73c786-ac60-4932-b2d9-314d5123d672,6e5cca5f-9516-4264-811b-309d17a29b6a,dfab40f7-f6ea-4976-93a8-b816333bae7f,,,6e5cca5f-9516-4264-811b-309d17a29b6a,10.123.138.193,3.9,846a1687-e38d-4cf1-8999-5c4b7ecf1ed8,10.123.138.229,1.3,44069fb0-fbe6-4836-ac87-083ab7f44880,,,,,,3.9,,,,true,2025-12-08 10:45:47.181575+00,2025-12-08 10:46:13.514495+00,
9e81001c-8f2c-4707-9345-cb4bf14b990c,6e5cca5f-9516-4264-811b-309d17a29b6a,86702e87-83e4-430f-a57a-f9c8a56bb67d,,,6e5cca5f-9516-4264-811b-309d17a29b6a,10.123.138.193,2.11,73204d93-4407-4ae0-9e4b-deabdefbca1e,10.123.142.91,2.1,0570b1bf-ddf8-4a7a-b125-2e4276120f08,2M,,,,,2.11,,,,true,2025-12-13 06:41:46.260632+00,2025-12-13 06:41:46.260632+00,
a1d7d063-80c9-4336-a488-0d849296370b,4b66d440-d94d-4f6e-964c-787d1abd464e,25f42c6e-c53d-4e33-9d6f-88235bf3a46e,,,4b66d440-d94d-4f6e-964c-787d1abd464e,10.123.29.196,6.6,b72ea367-47e2-4cb6-af57-75fdbefa7cba,10.123.138.65,3.2,6aa6c4c1-3a64-4b5e-a3f6-3f434ab0efb3,,,,,,6.6,,,,true,2025-12-11 09:27:50.814883+00,2025-12-11 09:27:50.814883+00,
a36023a0-81e7-4c72-a137-f1a9f0b8fae2,6e5cca5f-9516-4264-811b-309d17a29b6a,16b1003f-4108-47aa-889a-6c210c3fafda,,,6e5cca5f-9516-4264-811b-309d17a29b6a,10.123.138.193,5.7,877d8e52-72d7-4e9c-9b76-ae634f5baa3c,10.127.0.67,ETH-1-1-17,6aa6c4c1-3a64-4b5e-a3f6-3f434ab0efb3,1G,,,,,5.7,,,,true,2025-12-09 16:00:02.292369+00,2025-12-09 16:00:02.292369+00,
a57d690f-bb7f-47a4-96f5-e6f3c1accf4c,6e5cca5f-9516-4264-811b-309d17a29b6a,f3dc0c4d-637f-460b-a815-28798f65e972,,,6e5cca5f-9516-4264-811b-309d17a29b6a,10.123.138.193,3.3,b72ea367-47e2-4cb6-af57-75fdbefa7cba,10.123.138.65,3.8,6aa6c4c1-3a64-4b5e-a3f6-3f434ab0efb3,1G,,,,,3.3,,,,true,2025-12-08 11:07:47.935747+00,2025-12-08 11:07:47.935747+00,
a7413c83-f24e-4875-b498-e334cd1b18c7,4b66d440-d94d-4f6e-964c-787d1abd464e,df187f28-5dfa-4274-a6ac-c72e0b506212,,,4b66d440-d94d-4f6e-964c-787d1abd464e,10.123.29.196,4.1,9993f03e-535c-4ae2-aea4-ac24d04caf30,10.123.29.194,4.1,44069fb0-fbe6-4836-ac87-083ab7f44880,10G,,,,,4.1,,,,true,2025-12-10 17:59:21.250886+00,2025-12-10 17:59:21.250886+00,
a85cdd29-6220-4e50-aae5-073e877a26f2,f3c35045-7ae4-4f84-92fa-4e3adad52686,1472cfbe-9558-43fb-a433-c52e16167225,,,f3c35045-7ae4-4f84-92fa-4e3adad52686,10.123.138.196,3.5,,,,6aa6c4c1-3a64-4b5e-a3f6-3f434ab0efb3,1G,,,,,3.5,,,,true,2025-12-09 17:37:49.39942+00,2025-12-09 17:37:49.39942+00,
a94fa40a-da87-4a24-aab1-7871e6158356,b6f14e2b-11a4-46c9-96eb-c41d9564bcb3,f2fe73dc-05f3-463b-8638-a7075a490e15,,,b6f14e2b-11a4-46c9-96eb-c41d9564bcb3,10.123.138.203,3.6,af1cabd1-238b-4bca-bae4-5acdf839438f,10.123.138.11,6.2,6aa6c4c1-3a64-4b5e-a3f6-3f434ab0efb3,,,,,,3.6,,,,true,2025-12-12 12:45:06.802664+00,2025-12-13 05:38:35.798501+00,
a95984da-f3bd-4222-a1eb-aa9db8667f7b,f3c35045-7ae4-4f84-92fa-4e3adad52686,7db41e76-38e9-4059-bece-4238d3508d9b,,,f3c35045-7ae4-4f84-92fa-4e3adad52686,10.123.138.196,3.11,6e5cca5f-9516-4264-811b-309d17a29b6a,10.123.138.193,3.4,d7d6d7dd-97fe-4193-a2d7-c75b01717a9f,,,,,,3.11,,,,true,2025-12-11 10:59:59.859346+00,2025-12-11 10:59:59.859346+00,
ab5ab7c8-1b9c-4374-9dee-3d69641932bc,4b66d440-d94d-4f6e-964c-787d1abd464e,a93b0eee-0939-4fcc-acec-355df1c810dc,,,4b66d440-d94d-4f6e-964c-787d1abd464e,10.123.29.196,6.2,9993f03e-535c-4ae2-aea4-ac24d04caf30,10.123.29.194,4.2,44069fb0-fbe6-4836-ac87-083ab7f44880,1G,,,,,6.2,,,,true,2025-12-10 18:24:47.995956+00,2025-12-11 09:00:38.217915+00,
abdd9e9b-013a-4ab8-9ead-592ccae926cf,dd6b2686-0d45-4bc7-97ff-8da1cf1ae118,e1392f00-094f-4c5a-a571-0dd258d863fa,,,dd6b2686-0d45-4bc7-97ff-8da1cf1ae118,10.123.138.195,3.2,0300401d-2969-4703-9bc8-0a1b41f7add3,10.123.138.208,2.5,44069fb0-fbe6-4836-ac87-083ab7f44880,1G,,,,,3.2,,,,true,2025-12-10 09:33:51.663373+00,2025-12-10 09:33:51.663373+00,
ad4f8285-814b-4d9c-a6c8-62385a3634c5,ce047b30-33c8-425b-b500-5b33e043bf9c,af3c11a5-7666-4b51-84ae-e88238cee2d4,,,ce047b30-33c8-425b-b500-5b33e043bf9c,10.123.138.199,3.2,e32f26aa-e927-4850-bf96-ea92299965b5,10.123.138.237,1.5,44069fb0-fbe6-4836-ac87-083ab7f44880,,,,,,3.2,,,,true,2025-12-12 07:43:22.171503+00,2025-12-12 07:43:22.171503+00,
ae2ad092-b9fe-47e8-b94d-4778d905cd5a,ce047b30-33c8-425b-b500-5b33e043bf9c,4c885d56-5ed9-45cd-94ee-32a71b030335,,,ce047b30-33c8-425b-b500-5b33e043bf9c,10.123.138.199,4.3,6e5cca5f-9516-4264-811b-309d17a29b6a,10.123.138.193,5.9,6aa6c4c1-3a64-4b5e-a3f6-3f434ab0efb3,1G,,,,,4.3,,,,true,2025-12-12 08:12:49.440753+00,2025-12-12 08:12:49.440753+00,
b0dd4c07-f892-4253-b618-7435f6a4520e,6e5cca5f-9516-4264-811b-309d17a29b6a,a8d9357f-ad55-42c3-8758-5ec087dcda53,,,6e5cca5f-9516-4264-811b-309d17a29b6a,10.123.138.193,5.2,fa97a97e-ffe1-4921-b13a-0b90e324e2b5,10.123.138.217,1.5,44069fb0-fbe6-4836-ac87-083ab7f44880,1G,,,,,5.2,,,,true,2025-12-09 09:30:41.205404+00,2025-12-09 09:30:41.205404+00,
b5181631-8fbe-4a42-81be-56393d4d75a1,0300401d-2969-4703-9bc8-0a1b41f7add3,f45c5800-88ca-4d9a-a943-e3cfa144057c,,,0300401d-2969-4703-9bc8-0a1b41f7add3,10.123.138.208,1.6,6e5cca5f-9516-4264-811b-309d17a29b6a,10.123.138.193,5.10,6aa6c4c1-3a64-4b5e-a3f6-3f434ab0efb3,1G,,,,,1.6,,,,true,2025-12-13 09:43:26.466302+00,2025-12-13 09:43:26.466302+00,
b5b2cd59-42ea-4ba5-897d-a9cb6746e241,0300401d-2969-4703-9bc8-0a1b41f7add3,86885118-c1d0-4081-89cf-7ceccf976b11,,,0300401d-2969-4703-9bc8-0a1b41f7add3,10.123.138.208,1.4,af1cabd1-238b-4bca-bae4-5acdf839438f,10.123.138.11,5.5,6aa6c4c1-3a64-4b5e-a3f6-3f434ab0efb3,1G,,,,,1.4,,,,true,2025-12-13 09:27:08.690641+00,2025-12-13 09:34:52.054618+00,
b5f0b66d-818b-4d49-83b2-045f6a4a062c,e32f26aa-e927-4850-bf96-ea92299965b5,e177f95e-432f-4b6c-a707-cbc872b127c5,,,e32f26aa-e927-4850-bf96-ea92299965b5,10.123.138.237,2.5,80004a69-35d9-46c7-a3f0-abbf15342767,10.123.138.219,2.5,44069fb0-fbe6-4836-ac87-083ab7f44880,,,,,,2.5,,,,true,2025-12-13 08:44:55.313022+00,2025-12-13 08:44:55.313022+00,
b72b54d4-f529-41eb-a8cc-1c9e57165e3a,4b66d440-d94d-4f6e-964c-787d1abd464e,86709326-64dc-48ba-a2a9-0bf489fd7b47,,,4b66d440-d94d-4f6e-964c-787d1abd464e,10.123.29.196,6.3,9993f03e-535c-4ae2-aea4-ac24d04caf30,10.123.29.194,3.2,6aa6c4c1-3a64-4b5e-a3f6-3f434ab0efb3,,,,,,6.3,,,,true,2025-12-11 09:07:44.896715+00,2025-12-11 09:07:44.896715+00,
b7b156be-b31d-4f93-9181-03d874464b4f,ce047b30-33c8-425b-b500-5b33e043bf9c,34e48d1b-cd9c-4c4a-aa50-fbc0fd6f5acd,,,ce047b30-33c8-425b-b500-5b33e043bf9c,10.123.138.199,3.5,6e5cca5f-9516-4264-811b-309d17a29b6a,10.123.138.193,5.8,6aa6c4c1-3a64-4b5e-a3f6-3f434ab0efb3,1G,,,,,3.5,,,,true,2025-12-12 07:53:11.618321+00,2025-12-12 07:53:11.618321+00,
b81e62cd-5115-4a5e-8484-6006de87353e,09b56b00-e0ba-4291-a4b8-ab8dc12dc71d,68f55700-597a-498b-b7cb-fef7c8d8c280,,,09b56b00-e0ba-4291-a4b8-ab8dc12dc71d,10.123.138.197,3.6,9993f03e-535c-4ae2-aea4-ac24d04caf30,10.123.29.194,4.2,6aa6c4c1-3a64-4b5e-a3f6-3f434ab0efb3,1G,,,,,3.6,,,,true,2025-12-12 07:23:30.305475+00,2025-12-12 07:23:30.305475+00,
b882eac7-59bd-4e58-9b14-a5f738742a98,e32f26aa-e927-4850-bf96-ea92299965b5,466febe3-8701-4ef5-a45d-21b5a09f1b67,,,e32f26aa-e927-4850-bf96-ea92299965b5,10.123.138.237,2.3,af1cabd1-238b-4bca-bae4-5acdf839438f,10.123.138.11,6.4,6aa6c4c1-3a64-4b5e-a3f6-3f434ab0efb3,,,,,,2.3,,,,true,2025-12-13 09:08:05.211996+00,2025-12-13 09:08:05.211996+00,
b8b35b86-b613-4fae-86d0-7f54e3538631,f3c35045-7ae4-4f84-92fa-4e3adad52686,9a2b388d-2f73-460b-817a-5012b7817910,,,f3c35045-7ae4-4f84-92fa-4e3adad52686,10.123.138.196,4.10,6185bba0-3672-48c2-a8ab-db3b3a81a5a3,10.123.138.224,2.5,6aa6c4c1-3a64-4b5e-a3f6-3f434ab0efb3,,,,,,4.10,,,,true,2025-12-11 12:28:28.401637+00,2025-12-11 12:28:28.401637+00,
b93807fb-c565-4faa-8703-6a22962acb21,4b66d440-d94d-4f6e-964c-787d1abd464e,67e3aef1-b11b-4e59-9ce6-5520509e64ef,,,4b66d440-d94d-4f6e-964c-787d1abd464e,10.123.29.196,4.6,a3f1bd20-41d7-489a-ab31-dc8c3412e0f6,10.123.29.225,1.6,44069fb0-fbe6-4836-ac87-083ab7f44880,1G,,,,,4.6,,,,true,2025-12-10 18:16:20.107331+00,2025-12-10 18:16:20.107331+00,
bede0acc-3547-4a56-8b92-5a0543a0f7ee,d9e00379-f20b-470d-a83f-be40c8f77d2c,8778aa7c-7d60-4f49-b047-250fa6309196,,,d9e00379-f20b-470d-a83f-be40c8f77d2c,10.123.138.198,3.7,6ac435ff-0a3f-473a-8c24-51eb7a4dbbbf,10.123.138.222,1.3,44069fb0-fbe6-4836-ac87-083ab7f44880,1G,,,,,3.7,,,,true,2025-12-08 14:59:06.62918+00,2025-12-08 14:59:06.62918+00,
bf964ae3-ba6f-48b6-b9ce-d9c41273aced,6ac435ff-0a3f-473a-8c24-51eb7a4dbbbf,0df30601-f43b-4477-96e6-11abbcb3fd4a,,,6ac435ff-0a3f-473a-8c24-51eb7a4dbbbf,10.123.138.222,2.5,63da7fb8-607d-4c05-9ab1-3590cd15f790,10.123.138.221,2.5,44069fb0-fbe6-4836-ac87-083ab7f44880,1G,,,,,2.5,,,,true,2025-12-08 16:21:59.884994+00,2025-12-08 16:21:59.884994+00,
bff19f18-c4c3-4ff7-9bf5-4ccc8934df2c,09b56b00-e0ba-4291-a4b8-ab8dc12dc71d,a0e4f808-4a69-42cc-9a9e-d9275243c55f,,,09b56b00-e0ba-4291-a4b8-ab8dc12dc71d,10.123.138.197,4.2,a8611582-e981-4137-95a1-32e6b455e489,10.123.138.247,2.5,44069fb0-fbe6-4836-ac87-083ab7f44880,1G,,,,,4.2,,,,true,2025-12-12 07:17:48.653522+00,2025-12-12 07:17:48.653522+00,
c0c371ad-9f25-4af4-be71-98ecd0ae4671,6e5cca5f-9516-4264-811b-309d17a29b6a,6a6102be-1442-482e-8779-78ff7d54f636,,,6e5cca5f-9516-4264-811b-309d17a29b6a,10.123.138.193,3.3,fd2b2e83-2967-4e16-a538-efbb02043f22,10.123.25.138,3.3,6aa6c4c1-3a64-4b5e-a3f6-3f434ab0efb3,1G,,,,,3.3,,,,true,2025-12-08 11:47:28.37913+00,2025-12-08 11:47:28.37913+00,
c2175b22-4e7d-4965-934c-f22390a014f8,6e5cca5f-9516-4264-811b-309d17a29b6a,348fc9e0-1f58-4e7f-9251-7a1975a0b407,10.215.17.85,,6e5cca5f-9516-4264-811b-309d17a29b6a,10.123.138.193,5.8,d9e00379-f20b-470d-a83f-be40c8f77d2c,10.123.138.198,3.6,6aa6c4c1-3a64-4b5e-a3f6-3f434ab0efb3,1G,,,,,5.8,,,,true,2025-12-09 09:44:42.379579+00,2025-12-12 12:29:35.450557+00,
c4f79b4d-d388-4eb5-9f52-2684ef592663,4b66d440-d94d-4f6e-964c-787d1abd464e,4a96067c-99e9-4264-92b5-f69a5369a5d9,,,4b66d440-d94d-4f6e-964c-787d1abd464e,10.123.29.196,4.5,1b05cc83-2fb9-4da8-8d4b-1dd775574f12,10.123.29.224,1.5,44069fb0-fbe6-4836-ac87-083ab7f44880,1G,,,,,4.5,,,,true,2025-12-10 18:15:15.958112+00,2025-12-10 18:15:15.958112+00,
c594e363-13de-4c57-843e-819f4cc8ca06,6e5cca5f-9516-4264-811b-309d17a29b6a,53060e9c-b20f-4e5f-a146-1de53264f83e,,,6e5cca5f-9516-4264-811b-309d17a29b6a,10.123.138.193,5.10,0300401d-2969-4703-9bc8-0a1b41f7add3,10.123.138.208,1.6,44069fb0-fbe6-4836-ac87-083ab7f44880,1G,,,,,5.10,,,,true,2025-12-09 09:56:59.290484+00,2025-12-09 09:56:59.290484+00,
c62eb218-5560-40be-a3fc-d9260f2ae19c,6e5cca5f-9516-4264-811b-309d17a29b6a,2749dbd2-2aa2-4258-9ee3-c3d2bce17d45,,,6e5cca5f-9516-4264-811b-309d17a29b6a,10.123.138.193,4.9,,,,6aa6c4c1-3a64-4b5e-a3f6-3f434ab0efb3,1G,,,,,4.9,,,,true,2025-12-09 08:02:31.40106+00,2025-12-09 08:02:31.40106+00,
c67893ca-0295-4cf5-ba4a-8db73fe4a799,6e5cca5f-9516-4264-811b-309d17a29b6a,cee54398-9a5a-4b4c-80f3-08e188852efa,,,6e5cca5f-9516-4264-811b-309d17a29b6a,10.123.138.193,5.4,ce047b30-33c8-425b-b500-5b33e043bf9c,10.123.138.199,3.3,44069fb0-fbe6-4836-ac87-083ab7f44880,1G,,,,,5.4,,,,true,2025-12-09 09:29:31.956002+00,2025-12-09 09:29:31.956002+00,
c79f44e4-8fc5-4e69-b6d3-a7c7ed26e329,dd6b2686-0d45-4bc7-97ff-8da1cf1ae118,069dae02-dd0d-4f98-aac9-4e71d19cc964,,,dd6b2686-0d45-4bc7-97ff-8da1cf1ae118,10.123.138.195,4.1,f48c22d7-e745-4a15-886a-b0e962071ce7,10.123.136.3,4.1,44069fb0-fbe6-4836-ac87-083ab7f44880,,,,,,4.1,,,,true,2025-12-11 06:13:44.954563+00,2025-12-11 06:16:20.495293+00,
c88f9f1e-f092-4c63-ae1f-352b6d292273,6e5cca5f-9516-4264-811b-309d17a29b6a,ebbdc01e-7104-4aeb-bebc-97cd26f9c196,,,6e5cca5f-9516-4264-811b-309d17a29b6a,10.123.138.193,3.5,,,,91bd40a2-2a21-495a-ab06-33adc9871f97,1G,,,,,3.5,6.2,,,true,2025-12-09 07:29:58.950669+00,2025-12-09 07:29:58.950669+00,
c896cad7-c927-4cdd-b9db-15160a4e4431,6e5cca5f-9516-4264-811b-309d17a29b6a,edfd118f-28a4-4a83-8519-f42620e484f0,,,6e5cca5f-9516-4264-811b-309d17a29b6a,10.123.138.193,3.8,09e5014e-8687-43a7-8feb-841dc4f73227,10.123.138.233,1.3,44069fb0-fbe6-4836-ac87-083ab7f44880,,,,,,3.8,,,,true,2025-12-08 10:45:49.423863+00,2025-12-08 10:46:13.277979+00,
c8e39059-63d1-4fe8-a675-19f299709d48,4b66d440-d94d-4f6e-964c-787d1abd464e,5a8f65e3-0603-4f2d-8e18-d0cd075c1d15,,,4b66d440-d94d-4f6e-964c-787d1abd464e,10.123.29.196,4.3,,,,6aa6c4c1-3a64-4b5e-a3f6-3f434ab0efb3,,,,,,4.3,,,,true,2025-12-10 18:09:56.563499+00,2025-12-10 18:09:56.563499+00,
c9fcb82a-2c94-4b20-b715-80f50617202e,6e5cca5f-9516-4264-811b-309d17a29b6a,a94272f1-8c95-49f7-b77a-f166727925b9,,,6e5cca5f-9516-4264-811b-309d17a29b6a,10.123.138.193,3.7,c239fcfe-3e7f-4f7d-804e-069820b4bc00,10.123.138.225,1.3,44069fb0-fbe6-4836-ac87-083ab7f44880,,,,,,3.7,,,,true,2025-12-08 10:45:47.710867+00,2025-12-08 10:46:13.07051+00,
ca46e0ac-c154-4d74-a4fb-4271daa4429d,6e5cca5f-9516-4264-811b-309d17a29b6a,a679bacf-dfef-4916-a751-e73e1bcfbe7e,,,6e5cca5f-9516-4264-811b-309d17a29b6a,10.123.138.193,5.1,b6f14e2b-11a4-46c9-96eb-c41d9564bcb3,10.123.138.203,3.1,44069fb0-fbe6-4836-ac87-083ab7f44880,10G,,,,,5.1,,,,true,2025-12-09 09:31:52.314608+00,2025-12-09 09:31:52.314608+00,
ca6cc65f-0134-4d82-b122-79dd4aec324a,ce047b30-33c8-425b-b500-5b33e043bf9c,c938d53d-9846-42cf-82cd-c1364b3ce1a1,,,ce047b30-33c8-425b-b500-5b33e043bf9c,10.123.138.199,3.5,c15780e5-6039-494d-993d-dced5d450390,10.123.138.245,1.5,6aa6c4c1-3a64-4b5e-a3f6-3f434ab0efb3,1G,,,,,3.5,,,,true,2025-12-12 07:57:42.051401+00,2025-12-12 07:57:42.051401+00,
cd898d8f-1f2b-4ae4-8bf0-90c81a281d2d,f3c35045-7ae4-4f84-92fa-4e3adad52686,c0b4b31b-890a-4159-a911-b7cc3fca86fd,,,f3c35045-7ae4-4f84-92fa-4e3adad52686,10.123.138.196,3.3,,,,91bd40a2-2a21-495a-ab06-33adc9871f97,,,,,,3.3,4.10,,,true,2025-12-11 11:18:28.042156+00,2025-12-11 11:18:28.042156+00,
ce653ca4-dbec-47fb-a1df-73c7626619f0,4b66d440-d94d-4f6e-964c-787d1abd464e,d015c214-5887-42cb-ac17-43b039b3e0c4,,,4b66d440-d94d-4f6e-964c-787d1abd464e,10.123.29.196,3.8,9993f03e-535c-4ae2-aea4-ac24d04caf30,10.123.29.194,4.4,6aa6c4c1-3a64-4b5e-a3f6-3f434ab0efb3,1G,,,,,3.8,,,,true,2025-12-11 07:00:42.254765+00,2025-12-11 07:02:14.04225+00,
ced195a2-6c50-4696-9248-feb4def430a7,4b66d440-d94d-4f6e-964c-787d1abd464e,4a744cf7-e0c3-4a1d-ab87-5b0a50d41e23,,,4b66d440-d94d-4f6e-964c-787d1abd464e,10.123.29.196,3.2,b72ea367-47e2-4cb6-af57-75fdbefa7cba,10.123.138.65,3.2,6aa6c4c1-3a64-4b5e-a3f6-3f434ab0efb3,,,,,,3.2,,,,true,2025-12-11 07:37:56.046217+00,2025-12-11 07:37:56.046217+00,
cfa63790-7610-4365-a270-2d1a984bf1cc,4b66d440-d94d-4f6e-964c-787d1abd464e,cda7ba08-7f34-4f8d-8ee8-66cedadeeab3,,,4b66d440-d94d-4f6e-964c-787d1abd464e,10.123.29.196,6.2,9993f03e-535c-4ae2-aea4-ac24d04caf30,10.123.29.194,4.2,44069fb0-fbe6-4836-ac87-083ab7f44880,1G,,,,,6.2,,,,true,2025-12-10 18:25:18.525419+00,2025-12-11 09:01:18.300967+00,
d009fdc6-d4b2-4dc8-86de-ee30b2469911,4b66d440-d94d-4f6e-964c-787d1abd464e,81978225-61fb-45f5-bec4-20a739fef742,,,4b66d440-d94d-4f6e-964c-787d1abd464e,10.123.29.196,5.4,a5c0276a-d7d9-4bcd-aff6-f216b5f38fec,10.123.138.213,2.5,44069fb0-fbe6-4836-ac87-083ab7f44880,1G,,,,,5.4,,,,true,2025-12-10 18:20:38.310257+00,2025-12-10 18:20:38.310257+00,
d1d68dbb-c3c5-4e00-af41-3fdeb166f7e5,6e5cca5f-9516-4264-811b-309d17a29b6a,a0fea537-fd32-4e88-9225-87acdb3c5105,,,6e5cca5f-9516-4264-811b-309d17a29b6a,10.123.138.193,2.9,4b121965-4a0e-49aa-8464-57157a8c05c7,10.123.142.72,2.1,0570b1bf-ddf8-4a7a-b125-2e4276120f08,2M,,,,,2.9,,,,true,2025-12-13 06:52:05.20398+00,2025-12-13 06:55:40.036655+00,
d289f5a8-6087-4530-9945-26bac16abe38,dd6b2686-0d45-4bc7-97ff-8da1cf1ae118,b7eed6ea-41cc-40e1-96d2-da2d9a11b14c,,,dd6b2686-0d45-4bc7-97ff-8da1cf1ae118,10.123.138.195,3.3,3ba1c0fc-69c1-41db-acc4-f4e8d4cfd413,10.123.25.65,5.5,6aa6c4c1-3a64-4b5e-a3f6-3f434ab0efb3,1G,,,,,3.3,,,,true,2025-12-10 16:01:47.412637+00,2025-12-11 05:33:46.316401+00,
d3ba17f4-724b-440e-8f3c-ab2d3e62a173,ce047b30-33c8-425b-b500-5b33e043bf9c,76dabb08-d254-4e68-9415-b08c9025bb69,,,ce047b30-33c8-425b-b500-5b33e043bf9c,10.123.138.199,4.4,1d220c1a-36f3-40f4-b8b6-05eed82d5694,10.123.138.248,2.5,6aa6c4c1-3a64-4b5e-a3f6-3f434ab0efb3,1G,,,,,4.4,,,,true,2025-12-12 08:10:28.477347+00,2025-12-12 08:10:28.477347+00,
d56a3a23-961f-4b88-8ab3-f24013bd78fa,6e5cca5f-9516-4264-811b-309d17a29b6a,285294ec-5ea4-4535-8f99-d744acb6a1eb,,,6e5cca5f-9516-4264-811b-309d17a29b6a,10.123.138.193,6.5,,10.127.0.67,,44069fb0-fbe6-4836-ac87-083ab7f44880,1G,,,,,6.5,,,,true,2025-12-09 16:23:21.938731+00,2025-12-09 16:24:58.995337+00,
d6433b03-1213-4488-906d-219845fa2a08,f3c35045-7ae4-4f84-92fa-4e3adad52686,cec36250-3715-4810-9750-27ad8b4e647c,,,f3c35045-7ae4-4f84-92fa-4e3adad52686,10.123.138.196,4.11,09b56b00-e0ba-4291-a4b8-ab8dc12dc71d,10.123.138.197,4.3,6aa6c4c1-3a64-4b5e-a3f6-3f434ab0efb3,1G,,,,,4.11,,,,true,2025-12-12 07:12:19.42729+00,2025-12-12 07:12:19.42729+00,
d7b5e5ad-98ab-4ed2-941e-e2efc6f99757,b6f14e2b-11a4-46c9-96eb-c41d9564bcb3,b584ff8c-900b-41e6-b549-dca7e70a8fc4,,,b6f14e2b-11a4-46c9-96eb-c41d9564bcb3,10.123.138.203,4.4,af1cabd1-238b-4bca-bae4-5acdf839438f,10.123.138.11,5.5,6aa6c4c1-3a64-4b5e-a3f6-3f434ab0efb3,,,,,,4.4,,,,true,2025-12-12 09:33:10.32757+00,2025-12-12 09:45:04.390397+00,
d84dc00b-f516-4cd6-97d4-bf5fd44ab6cc,4b66d440-d94d-4f6e-964c-787d1abd464e,19eff054-048a-4011-aff4-9534e9ec0189,,,4b66d440-d94d-4f6e-964c-787d1abd464e,10.123.29.196,6.5,f4cadc29-e429-47be-9c5a-73838734809c,10.123.25.134,5.1,6aa6c4c1-3a64-4b5e-a3f6-3f434ab0efb3,,,,,,6.5,,,,true,2025-12-11 09:21:17.399148+00,2025-12-11 09:21:17.399148+00,
dac84c34-3a0e-445a-b418-519741483bdb,dd6b2686-0d45-4bc7-97ff-8da1cf1ae118,8091468c-7979-46e7-8ff7-31468b94f5f5,,,dd6b2686-0d45-4bc7-97ff-8da1cf1ae118,10.123.138.195,3.3,b72ea367-47e2-4cb6-af57-75fdbefa7cba,10.123.138.65,3.8,6aa6c4c1-3a64-4b5e-a3f6-3f434ab0efb3,1G,,,,,3.3,,,,true,2025-12-11 06:01:10.950127+00,2025-12-11 06:01:10.950127+00,
db608dc3-4f0a-47ab-862f-6f3d73f752be,6e5cca5f-9516-4264-811b-309d17a29b6a,866bc619-e2a7-43be-a853-43ed9d86126e,,,6e5cca5f-9516-4264-811b-309d17a29b6a,10.123.138.193,6.6,01009cb5-b28b-4237-8e29-bbda28bf3cc9,10.123.138.22,4.6,6aa6c4c1-3a64-4b5e-a3f6-3f434ab0efb3,1G,,,,,6.6,,,,true,2025-12-10 05:53:55.733839+00,2025-12-10 05:59:26.26658+00,
dba3f0b1-9c07-4d63-b788-eb08c095b75c,4b66d440-d94d-4f6e-964c-787d1abd464e,ec29eade-3914-4211-960e-668c68befdd4,,,4b66d440-d94d-4f6e-964c-787d1abd464e,10.123.29.196,5.6,af1cabd1-238b-4bca-bae4-5acdf839438f,10.123.138.11,6.2,6aa6c4c1-3a64-4b5e-a3f6-3f434ab0efb3,,,,,,5.6,,,,true,2025-12-11 08:15:46.038919+00,2025-12-11 08:15:46.038919+00,
dfb38e5e-edda-4170-b812-be1067bccd2d,6e5cca5f-9516-4264-811b-309d17a29b6a,ba26d922-c79f-4b14-b7d8-82287efdcad5,,,6e5cca5f-9516-4264-811b-309d17a29b6a,10.123.138.193,5.7,a2c86b2a-34b8-408f-bfe9-10d7278bee18,10.123.138.238,2.3,6aa6c4c1-3a64-4b5e-a3f6-3f434ab0efb3,1G,,,,,5.7,,,,true,2025-12-09 10:30:07.631649+00,2025-12-09 10:30:07.631649+00,
dfb8421e-60ff-48d5-ad46-6bf757a38b97,b6f14e2b-11a4-46c9-96eb-c41d9564bcb3,c9d16f3f-c5d7-4dd7-89f9-7c17f64e0bd9,,,b6f14e2b-11a4-46c9-96eb-c41d9564bcb3,10.123.138.203,4.3,b72ea367-47e2-4cb6-af57-75fdbefa7cba,10.123.138.65,3.2,6aa6c4c1-3a64-4b5e-a3f6-3f434ab0efb3,,,,,,4.3,,,,true,2025-12-12 08:30:40.592039+00,2025-12-12 08:30:40.592039+00,
e0dcc43d-c5a4-4cbe-a4f2-5cdb8aea52d4,f3c35045-7ae4-4f84-92fa-4e3adad52686,18b97007-310a-4089-b27c-ee5bb9a964d7,,,f3c35045-7ae4-4f84-92fa-4e3adad52686,10.123.138.196,4.5,457e890f-197f-4182-934a-5daac05a2b8c,10.123.138.211,1.5,44069fb0-fbe6-4836-ac87-083ab7f44880,1G,,,,,4.5,,,,true,2025-12-09 17:59:40.096603+00,2025-12-09 17:59:40.096603+00,
e1a1ecb9-815f-434e-92b3-330f2a455c78,6e5cca5f-9516-4264-811b-309d17a29b6a,ba7ce1f6-49fe-4834-b249-4262e54bb3b8,,,6e5cca5f-9516-4264-811b-309d17a29b6a,10.123.138.193,4.8,8b870d28-76e7-4332-9a85-a72ec514b4a5,10.123.138.244,2.3,44069fb0-fbe6-4836-ac87-083ab7f44880,1G,,,,,4.8,,,,true,2025-12-09 09:21:29.141632+00,2025-12-09 09:21:29.141632+00,
e27f0396-f0b9-41b7-bd17-479426dd7842,6e5cca5f-9516-4264-811b-309d17a29b6a,dc66bb11-3dc2-4ee2-a01e-3c5f27532b19,,,6e5cca5f-9516-4264-811b-309d17a29b6a,10.123.138.193,4.10,c5db764c-f5d3-4c8f-aaa3-05a095ea008f,10.123.138.253,2.3,e3c44b09-c5d7-457c-8c50-5a06efff1262,1G,,,,,4.10,,,,true,2025-12-09 09:16:01.558652+00,2025-12-09 09:16:01.558652+00,
ea682f36-fd36-4001-b0b4-be127bc4b54b,f3c35045-7ae4-4f84-92fa-4e3adad52686,7a39a57c-ac98-4141-8625-0b0910e344db,,,f3c35045-7ae4-4f84-92fa-4e3adad52686,10.123.138.196,4.6,,,,91bd40a2-2a21-495a-ab06-33adc9871f97,1G,,,,,4.6,4.10,,,true,2025-12-11 12:18:30.352158+00,2025-12-11 12:18:30.352158+00,
eb2e7d5b-265d-493d-9b59-70a6cdf24e86,f3c35045-7ae4-4f84-92fa-4e3adad52686,1472cfbe-9558-43fb-a433-c52e16167225,,,f3c35045-7ae4-4f84-92fa-4e3adad52686,10.123.138.196,3.5,af1cabd1-238b-4bca-bae4-5acdf839438f,10.123.138.11,4.5,6aa6c4c1-3a64-4b5e-a3f6-3f434ab0efb3,,,,,,3.5,,,,true,2025-12-11 11:22:16.027094+00,2025-12-11 11:22:16.027094+00,
ece656d1-3084-441e-ae5e-8adc30a81de6,6e5cca5f-9516-4264-811b-309d17a29b6a,ab8d2c0f-59ac-45b3-9f38-55ba1635b205,,,6e5cca5f-9516-4264-811b-309d17a29b6a,10.123.138.193,4.4,88c2ecdb-5f12-4139-8cd3-88b1b032b010,10.123.138.209,1.5,44069fb0-fbe6-4836-ac87-083ab7f44880,1G,,,,,4.4,,,,true,2025-12-09 09:12:55.116667+00,2025-12-09 09:12:55.116667+00,
ed4e56bd-8237-455b-ad8c-6370e1631675,b6f14e2b-11a4-46c9-96eb-c41d9564bcb3,952bc04a-fc95-4fc9-8c8d-f92f8c83fb59,,,b6f14e2b-11a4-46c9-96eb-c41d9564bcb3,10.123.138.203,3.6,af1cabd1-238b-4bca-bae4-5acdf839438f,10.123.138.11,6.2,6aa6c4c1-3a64-4b5e-a3f6-3f434ab0efb3,,,,,,3.6,,,,true,2025-12-12 12:45:54.396623+00,2025-12-13 05:38:53.141168+00,
ee46c327-30c5-45e8-913c-d3808e441384,dd6b2686-0d45-4bc7-97ff-8da1cf1ae118,3dc2813f-4af8-4961-934e-134c4ad14939,,,dd6b2686-0d45-4bc7-97ff-8da1cf1ae118,10.123.138.195,4.5,f551aa93-c82b-4883-b498-c39e8c2bf327,10.123.138.243,2.5,44069fb0-fbe6-4836-ac87-083ab7f44880,1G,,,,,4.5,,,,true,2025-12-10 16:28:25.340234+00,2025-12-10 16:28:25.340234+00,
eec82632-0561-4c8d-9d43-8fe9c0b1c866,ce047b30-33c8-425b-b500-5b33e043bf9c,61aaab68-8c3d-4091-9ac8-e5bdbf449dc6,,,ce047b30-33c8-425b-b500-5b33e043bf9c,10.123.138.199,3.6,6e5cca5f-9516-4264-811b-309d17a29b6a,10.123.138.193,5.10,6aa6c4c1-3a64-4b5e-a3f6-3f434ab0efb3,1G,,,,,3.6,,,,true,2025-12-12 08:07:04.711603+00,2025-12-12 08:07:04.711603+00,
f015238c-beb0-4a4e-86c8-bd29e98081f3,09b56b00-e0ba-4291-a4b8-ab8dc12dc71d,7db41e76-38e9-4059-bece-4238d3508d9b,,,09b56b00-e0ba-4291-a4b8-ab8dc12dc71d,10.123.138.197,3.4,6e5cca5f-9516-4264-811b-309d17a29b6a,10.123.138.193,3.4,d7d6d7dd-97fe-4193-a2d7-c75b01717a9f,1G,,,,,3.4,,,,true,2025-12-12 07:21:27.353679+00,2025-12-12 07:21:27.353679+00,
f06e3108-4dc2-4f4a-9ebf-196b892aedfb,ce047b30-33c8-425b-b500-5b33e043bf9c,7db41e76-38e9-4059-bece-4238d3508d9b,,,ce047b30-33c8-425b-b500-5b33e043bf9c,10.123.138.199,3.4,c15780e5-6039-494d-993d-dced5d450390,10.123.138.245,1.5,d7d6d7dd-97fe-4193-a2d7-c75b01717a9f,1G,,,,,3.4,,,,true,2025-12-12 07:50:24.152917+00,2025-12-12 07:50:24.152917+00,
f1a4678d-291b-4d82-a5e2-c97fe3a39a88,f3c35045-7ae4-4f84-92fa-4e3adad52686,3e1bac51-dc6c-4369-9467-d7a9b3a1fdc0,,,f3c35045-7ae4-4f84-92fa-4e3adad52686,10.123.138.196,4.2,21a97b3d-6959-46a5-942e-12a791770da0,10.123.138.242,1.5,44069fb0-fbe6-4836-ac87-083ab7f44880,1G,,,,,4.2,,,,true,2025-12-09 17:57:03.337641+00,2025-12-09 17:57:03.337641+00,
f4a3f48a-d3ff-4def-93dc-33c8508bd914,6e5cca5f-9516-4264-811b-309d17a29b6a,10af1214-f384-4935-a4fd-3e5ce5a81408,,,b72ea367-47e2-4cb6-af57-75fdbefa7cba,10.123.138.65,5.5,6e5cca5f-9516-4264-811b-309d17a29b6a,10.123.138.193,3.3,6aa6c4c1-3a64-4b5e-a3f6-3f434ab0efb3,,,,,,3.3,,,,true,2025-12-08 10:45:49.69733+00,2025-12-08 10:45:49.69733+00,
f55cb525-52a3-4766-84fa-f800c6085c0d,f3c35045-7ae4-4f84-92fa-4e3adad52686,e10c8fee-fba6-42e1-be30-b997d3c78300,,,f3c35045-7ae4-4f84-92fa-4e3adad52686,10.123.138.196,4.10,45e45063-8612-454d-8469-f002870a22d5,10.123.138.232,2.6,6aa6c4c1-3a64-4b5e-a3f6-3f434ab0efb3,,,,,,4.10,,,,true,2025-12-11 12:21:19.085554+00,2025-12-11 12:21:19.085554+00,
f57ef807-4208-4ad0-b701-473f9c6be650,6e5cca5f-9516-4264-811b-309d17a29b6a,66ef7aff-6434-46d0-9876-0b610598ead5,,,6e5cca5f-9516-4264-811b-309d17a29b6a,10.123.138.193,3.5,,,,d7d6d7dd-97fe-4193-a2d7-c75b01717a9f,1G,,,,,3.5,,,,true,2025-12-09 07:28:56.9296+00,2025-12-09 07:45:35.207773+00,
f6434d60-3ecf-4869-b542-8319fd16a6df,4b66d440-d94d-4f6e-964c-787d1abd464e,6cb95bf3-f0b4-4c30-9d26-c2b554f4db86,,,4b66d440-d94d-4f6e-964c-787d1abd464e,10.123.29.196,4.3,3ba1c0fc-69c1-41db-acc4-f4e8d4cfd413,10.123.25.65,5.5,6aa6c4c1-3a64-4b5e-a3f6-3f434ab0efb3,,,,,,4.3,,,,true,2025-12-11 08:10:08.761088+00,2025-12-11 08:10:08.761088+00,
f8b07416-8545-469e-aa1f-c66194efa6a5,b6f14e2b-11a4-46c9-96eb-c41d9564bcb3,8766925f-ca89-4d6b-bf1d-6b577e3e1856,,,b6f14e2b-11a4-46c9-96eb-c41d9564bcb3,10.123.138.203,3.5,af1cabd1-238b-4bca-bae4-5acdf839438f,10.123.138.11,6.2,6aa6c4c1-3a64-4b5e-a3f6-3f434ab0efb3,,,,,,3.5,,,,true,2025-12-12 12:27:10.018059+00,2025-12-13 05:37:58.051361+00,
f93c35d3-20b5-4ffb-a545-50ecb829cea0,f3c35045-7ae4-4f84-92fa-4e3adad52686,4800b29f-a7cb-4de7-9f74-df217e1a53bc,,,f3c35045-7ae4-4f84-92fa-4e3adad52686,10.123.138.196,3.10,883e61fd-1d85-4975-887b-ac0c25985d32,10.123.138.241,1.4,44069fb0-fbe6-4836-ac87-083ab7f44880,1G,,,,,3.10,,,,true,2025-12-09 17:27:22.232502+00,2025-12-11 10:47:21.533168+00,
fb030f07-86e1-434a-a4b0-89ae4dc75c29,d9e00379-f20b-470d-a83f-be40c8f77d2c,ca95f5fc-e3b8-437e-bdfe-f8cec2033ce3,,,d9e00379-f20b-470d-a83f-be40c8f77d2c,10.123.138.198,3.5,,,,6aa6c4c1-3a64-4b5e-a3f6-3f434ab0efb3,1G,,,,,3.5,,,,true,2025-12-08 15:10:52.745068+00,2025-12-11 16:57:11.00142+00,
fbde3671-4435-4576-b84a-2b857103f897,dd6b2686-0d45-4bc7-97ff-8da1cf1ae118,c5cbdcb6-dac5-461e-9153-c7b06f7d739a,,,dd6b2686-0d45-4bc7-97ff-8da1cf1ae118,10.123.138.195,5.1,dd6b2686-0d45-4bc7-97ff-8da1cf1ae118,10.123.138.195,3.1,44069fb0-fbe6-4836-ac87-083ab7f44880,10G,,,,,5.1,,,,true,2025-12-10 16:29:58.202461+00,2025-12-10 16:29:58.202461+00,
fd1fec76-9c13-44e9-8eb8-76751f0d136b,ce047b30-33c8-425b-b500-5b33e043bf9c,527a3b5c-0a97-4bb8-bfd2-909667e2a44b,,,ce047b30-33c8-425b-b500-5b33e043bf9c,10.123.138.199,3.6,c15780e5-6039-494d-993d-dced5d450390,10.123.138.245,1.5,6aa6c4c1-3a64-4b5e-a3f6-3f434ab0efb3,,,,,,3.6,,,,true,2025-12-12 08:05:30.797555+00,2025-12-12 08:05:30.797555+00,
fd30a154-4d4e-45c3-9cc3-1c45a1470010,4b66d440-d94d-4f6e-964c-787d1abd464e,52a6701b-15bb-4052-8db4-09328c5f742f,,,4b66d440-d94d-4f6e-964c-787d1abd464e,10.123.29.196,3.7,38dd3807-d63d-4a53-a295-0649edba88fd,10.123.29.230,1.3,e3c44b09-c5d7-457c-8c50-5a06efff1262,,,,,,3.7,,,,true,2025-12-10 17:54:30.128404+00,2025-12-11 06:37:52.418157+00,
ffc45c94-6ad9-45d8-a5a8-4fc4f627a8b8,e32f26aa-e927-4850-bf96-ea92299965b5,89a81fbb-b712-4e06-901f-3a246477933f,,,e32f26aa-e927-4850-bf96-ea92299965b5,10.123.138.237,1.6,af1cabd1-238b-4bca-bae4-5acdf839438f,10.123.138.11,6.4,6aa6c4c1-3a64-4b5e-a3f6-3f434ab0efb3,,,,,,1.6,,,,true,2025-12-13 08:26:53.93224+00,2025-12-13 08:26:53.93224+00,